prefix	rule_name	confidence	all_fields_raw_rows	prior_accepted_rows	clear_noise_rows	non_target_organism_rows	target_organism_rows	query_no_hit_rows	supports_review_rows	non_target_rate	accepted_rate	current_policy_recommendation	field_strategy_recommendation	recommendation_reason
B	source_context_single_letter_code	low	9862	2	9847	9847	2	13	1	0.9985	0.0002	fallback_only	fallback_only_text_word_and_organism	Some accepted rows exist, but noise is too high for default search.
X	source_context_single_letter_code	low	1701	0	1701	1701	0	0	0	1.0000	0.0000	disable_default	disable_default_do_not_replace_with_biosample	All Fields hits are dominated by non-target records and have no accepted productivity.
S	source_context_single_letter_code	low	1108	0	1108	1108	0	0	0	1.0000	0.0000	disable_default	disable_default_do_not_replace_with_biosample	All Fields hits are dominated by non-target records and have no accepted productivity.
NCPPB	ncppb_number	high	1097	368	3	91	442	564	164	0.0830	0.3355	keep_strict_profile	replace_all_fields_with_text_word_and_organism	NCPPB numbers are core identifiers, but All Fields returns side hits; use Text Word plus organism filter.
PATEL	person_or_local_reference_code	low	1086	4	1082	1082	4	0	0	0.9963	0.0037	fallback_only	fallback_only_text_word_and_organism	Some accepted rows exist, but noise is too high for default search.
R	source_context_single_letter_code	low	872	0	872	872	0	0	0	1.0000	0.0000	disable_default	disable_default_do_not_replace_with_biosample	All Fields hits are dominated by non-target records and have no accepted productivity.
XP	contextual_reference_code	medium	810	0	810	810	0	0	0	1.0000	0.0000	disable_default	disable_default_do_not_replace_with_biosample	All Fields hits are dominated by non-target records and have no accepted productivity.
C	source_context_single_letter_code	low	800	0	800	800	0	0	0	1.0000	0.0000	disable_default	disable_default_do_not_replace_with_biosample	All Fields hits are dominated by non-target records and have no accepted productivity.
P	source_context_single_letter_code	low	630	0	630	630	0	0	0	1.0000	0.0000	disable_default	disable_default_do_not_replace_with_biosample	All Fields hits are dominated by non-target records and have no accepted productivity.
XC	contextual_reference_code	medium	606	6	592	592	13	1	7	0.9769	0.0099	fallback_only	fallback_only_text_word_and_organism	Some accepted rows exist, but noise is too high for default search.
E	source_context_single_letter_code	low	600	0	600	600	0	0	0	1.0000	0.0000	disable_default	disable_default_do_not_replace_with_biosample	All Fields hits are dominated by non-target records and have no accepted productivity.
A	source_context_single_letter_code	low	547	0	524	524	0	23	0	0.9580	0.0000	disable_default	disable_default_do_not_replace_with_biosample	All Fields hits are dominated by non-target records and have no accepted productivity.
ENA	contextual_reference_code	medium	538	2	535	535	3	0	1	0.9944	0.0037	fallback_only	fallback_only_text_word_and_organism	Some accepted rows exist, but noise is too high for default search.
M	source_context_single_letter_code	low	449	0	449	449	0	0	0	1.0000	0.0000	disable_default	disable_default_do_not_replace_with_biosample	All Fields hits are dominated by non-target records and have no accepted productivity.
LMG	known_collection_prefix	high	445	46	312	324	47	74	13	0.7281	0.1034	keep_strict_profile	replace_all_fields_with_text_word_and_organism_then_pilot_attribute	Known collection IDs remain useful; test Attribute/Text Word under organism filter before full rerun.
ENA	uppercase_general_code	medium	415	0	415	415	0	0	0	1.0000	0.0000	disable_default	disable_default_do_not_replace_with_biosample	All Fields hits are dominated by non-target records and have no accepted productivity.
XC	uppercase_general_code	medium	415	0	415	415	0	0	0	1.0000	0.0000	disable_default	disable_default_do_not_replace_with_biosample	All Fields hits are dominated by non-target records and have no accepted productivity.
T	source_context_single_letter_code	low	400	0	400	400	0	0	0	1.0000	0.0000	disable_default	disable_default_do_not_replace_with_biosample	All Fields hits are dominated by non-target records and have no accepted productivity.
ICMP	known_collection_prefix	high	315	37	93	102	37	176	9	0.3238	0.1175	keep_default	replace_all_fields_with_text_word_and_organism_then_pilot_attribute	Known collection IDs remain useful; test Attribute/Text Word under organism filter before full rerun.
NE	contextual_reference_code	medium	306	0	306	306	0	0	0	1.0000	0.0000	disable_default	disable_default_do_not_replace_with_biosample	All Fields hits are dominated by non-target records and have no accepted productivity.
G	source_context_single_letter_code	low	300	0	300	300	0	0	0	1.0000	0.0000	disable_default	disable_default_do_not_replace_with_biosample	All Fields hits are dominated by non-target records and have no accepted productivity.
N	source_context_single_letter_code	low	300	0	300	300	0	0	0	1.0000	0.0000	disable_default	disable_default_do_not_replace_with_biosample	All Fields hits are dominated by non-target records and have no accepted productivity.
NU	contextual_reference_code	medium	300	0	300	300	0	0	0	1.0000	0.0000	disable_default	disable_default_do_not_replace_with_biosample	All Fields hits are dominated by non-target records and have no accepted productivity.
XP	uppercase_general_code	medium	300	0	300	300	0	0	0	1.0000	0.0000	disable_default	disable_default_do_not_replace_with_biosample	All Fields hits are dominated by non-target records and have no accepted productivity.
YK	contextual_reference_code	medium	300	0	300	300	0	0	0	1.0000	0.0000	disable_default	disable_default_do_not_replace_with_biosample	All Fields hits are dominated by non-target records and have no accepted productivity.
D	source_context_single_letter_code	low	281	0	281	281	0	0	0	1.0000	0.0000	disable_default	disable_default_do_not_replace_with_biosample	All Fields hits are dominated by non-target records and have no accepted productivity.
UNB	contextual_reference_code	medium	240	0	240	240	0	0	0	1.0000	0.0000	disable_default	disable_default_do_not_replace_with_biosample	All Fields hits are dominated by non-target records and have no accepted productivity.
ZZ	uppercase_general_code	medium	232	0	232	232	0	0	0	1.0000	0.0000	disable_default	disable_default_do_not_replace_with_biosample	All Fields hits are dominated by non-target records and have no accepted productivity.
ARK	person_or_local_reference_code	low	200	0	200	200	0	0	0	1.0000	0.0000	disable_default	disable_default_do_not_replace_with_biosample	All Fields hits are dominated by non-target records and have no accepted productivity.
CO	contextual_reference_code	medium	200	0	200	200	0	0	0	1.0000	0.0000	disable_default	disable_default_do_not_replace_with_biosample	All Fields hits are dominated by non-target records and have no accepted productivity.
IL	contextual_reference_code	medium	200	0	200	200	0	0	0	1.0000	0.0000	disable_default	disable_default_do_not_replace_with_biosample	All Fields hits are dominated by non-target records and have no accepted productivity.
PC	uppercase_general_code	medium	200	0	200	200	0	0	0	1.0000	0.0000	disable_default	disable_default_do_not_replace_with_biosample	All Fields hits are dominated by non-target records and have no accepted productivity.
W	source_context_single_letter_code	low	200	0	200	200	0	0	0	1.0000	0.0000	disable_default	disable_default_do_not_replace_with_biosample	All Fields hits are dominated by non-target records and have no accepted productivity.
XT	contextual_reference_code	medium	200	0	200	200	0	0	0	1.0000	0.0000	disable_default	disable_default_do_not_replace_with_biosample	All Fields hits are dominated by non-target records and have no accepted productivity.
Y	source_context_single_letter_code	low	200	0	200	200	0	0	0	1.0000	0.0000	disable_default	disable_default_do_not_replace_with_biosample	All Fields hits are dominated by non-target records and have no accepted productivity.
XH	uppercase_general_code	medium	143	0	143	143	0	0	0	1.0000	0.0000	disable_default	disable_default_do_not_replace_with_biosample	All Fields hits are dominated by non-target records and have no accepted productivity.
ATCC	known_collection_prefix	high	139	18	49	74	18	47	25	0.5324	0.1295	keep_strict_profile	replace_all_fields_with_text_word_and_organism_then_pilot_attribute	Known collection IDs remain useful; test Attribute/Text Word under organism filter before full rerun.
XL	contextual_reference_code	medium	118	0	118	118	0	0	0	1.0000	0.0000	disable_default	disable_default_do_not_replace_with_biosample	All Fields hits are dominated by non-target records and have no accepted productivity.
CFBP	known_collection_prefix	high	115	53	2	9	56	50	10	0.0783	0.4609	keep_default	replace_all_fields_with_text_word_and_organism_then_pilot_attribute	Known collection IDs remain useful; test Attribute/Text Word under organism filter before full rerun.
Z	source_context_single_letter_code	low	115	0	115	115	0	0	0	1.0000	0.0000	disable_default	disable_default_do_not_replace_with_biosample	All Fields hits are dominated by non-target records and have no accepted productivity.
PD	known_collection_prefix	high	107	0	103	105	0	2	2	0.9813	0.0000	disable_default	disable_default_do_not_replace_with_biosample	All Fields hits are dominated by non-target records and have no accepted productivity.
PROTECT	contextual_reference_code	medium	105	0	100	100	0	5	0	0.9524	0.0000	disable_default	disable_default_do_not_replace_with_biosample	All Fields hits are dominated by non-target records and have no accepted productivity.
OS	contextual_reference_code	medium	104	0	104	104	0	0	0	1.0000	0.0000	disable_default	disable_default_do_not_replace_with_biosample	All Fields hits are dominated by non-target records and have no accepted productivity.
VIG	general_code_candidate	low	103	0	103	103	0	0	0	1.0000	0.0000	disable_default	disable_default_do_not_replace_with_biosample	All Fields hits are dominated by non-target records and have no accepted productivity.
XH	contextual_reference_code	medium	103	0	103	103	0	0	0	1.0000	0.0000	disable_default	disable_default_do_not_replace_with_biosample	All Fields hits are dominated by non-target records and have no accepted productivity.
LOPEZ	person_or_local_reference_code	low	101	0	100	100	0	1	0	0.9901	0.0000	disable_default	disable_default_do_not_replace_with_biosample	All Fields hits are dominated by non-target records and have no accepted productivity.
ALF	contextual_reference_code	medium	100	0	100	100	0	0	0	1.0000	0.0000	disable_default	disable_default_do_not_replace_with_biosample	All Fields hits are dominated by non-target records and have no accepted productivity.
BIRD	person_or_local_reference_code	low	100	0	100	100	0	0	0	1.0000	0.0000	disable_default	disable_default_do_not_replace_with_biosample	All Fields hits are dominated by non-target records and have no accepted productivity.
BM	contextual_reference_code	medium	100	0	100	100	0	0	0	1.0000	0.0000	disable_default	disable_default_do_not_replace_with_biosample	All Fields hits are dominated by non-target records and have no accepted productivity.
BOX	contextual_reference_code	medium	100	0	100	100	0	0	0	1.0000	0.0000	disable_default	disable_default_do_not_replace_with_biosample	All Fields hits are dominated by non-target records and have no accepted productivity.
BT	contextual_reference_code	medium	100	0	100	100	0	0	0	1.0000	0.0000	disable_default	disable_default_do_not_replace_with_biosample	All Fields hits are dominated by non-target records and have no accepted productivity.
CARDONA	general_code_candidate	low	100	0	100	100	0	0	0	1.0000	0.0000	disable_default	disable_default_do_not_replace_with_biosample	All Fields hits are dominated by non-target records and have no accepted productivity.
CAS	general_code_candidate	low	100	0	100	100	0	0	0	1.0000	0.0000	disable_default	disable_default_do_not_replace_with_biosample	All Fields hits are dominated by non-target records and have no accepted productivity.
COR	contextual_reference_code	medium	100	0	100	100	0	0	0	1.0000	0.0000	disable_default	disable_default_do_not_replace_with_biosample	All Fields hits are dominated by non-target records and have no accepted productivity.
COR	general_code_candidate	low	100	0	100	100	0	0	0	1.0000	0.0000	disable_default	disable_default_do_not_replace_with_biosample	All Fields hits are dominated by non-target records and have no accepted productivity.
DOL	general_code_candidate	low	100	0	100	100	0	0	0	1.0000	0.0000	disable_default	disable_default_do_not_replace_with_biosample	All Fields hits are dominated by non-target records and have no accepted productivity.
F	source_context_single_letter_code	low	100	0	100	100	0	0	0	1.0000	0.0000	disable_default	disable_default_do_not_replace_with_biosample	All Fields hits are dominated by non-target records and have no accepted productivity.
FC	contextual_reference_code	medium	100	0	100	100	0	0	0	1.0000	0.0000	disable_default	disable_default_do_not_replace_with_biosample	All Fields hits are dominated by non-target records and have no accepted productivity.
GUAR	contextual_reference_code	medium	100	0	100	100	0	0	0	1.0000	0.0000	disable_default	disable_default_do_not_replace_with_biosample	All Fields hits are dominated by non-target records and have no accepted productivity.
HEL	contextual_reference_code	medium	100	0	100	100	0	0	0	1.0000	0.0000	disable_default	disable_default_do_not_replace_with_biosample	All Fields hits are dominated by non-target records and have no accepted productivity.
KH	general_code_candidate	low	100	0	100	100	0	0	0	1.0000	0.0000	disable_default	disable_default_do_not_replace_with_biosample	All Fields hits are dominated by non-target records and have no accepted productivity.
KY	contextual_reference_code	medium	100	0	100	100	0	0	0	1.0000	0.0000	disable_default	disable_default_do_not_replace_with_biosample	All Fields hits are dominated by non-target records and have no accepted productivity.
L	source_context_single_letter_code	low	100	0	100	100	0	0	0	1.0000	0.0000	disable_default	disable_default_do_not_replace_with_biosample	All Fields hits are dominated by non-target records and have no accepted productivity.
MA	contextual_reference_code	medium	100	0	100	100	0	0	0	1.0000	0.0000	disable_default	disable_default_do_not_replace_with_biosample	All Fields hits are dominated by non-target records and have no accepted productivity.
MED	general_code_candidate	low	100	0	100	100	0	0	0	1.0000	0.0000	disable_default	disable_default_do_not_replace_with_biosample	All Fields hits are dominated by non-target records and have no accepted productivity.
NC	uppercase_general_code	medium	100	0	100	100	0	0	0	1.0000	0.0000	disable_default	disable_default_do_not_replace_with_biosample	All Fields hits are dominated by non-target records and have no accepted productivity.
NO	source_context_number_label	low	100	0	100	100	0	0	0	1.0000	0.0000	disable_default	disable_default_do_not_replace_with_biosample	All Fields hits are dominated by non-target records and have no accepted productivity.
NSG	contextual_reference_code	medium	100	0	100	100	0	0	0	1.0000	0.0000	disable_default	disable_default_do_not_replace_with_biosample	All Fields hits are dominated by non-target records and have no accepted productivity.
PM	uppercase_general_code	medium	100	0	100	100	0	0	0	1.0000	0.0000	disable_default	disable_default_do_not_replace_with_biosample	All Fields hits are dominated by non-target records and have no accepted productivity.
PT	contextual_reference_code	medium	100	0	100	100	0	0	0	1.0000	0.0000	disable_default	disable_default_do_not_replace_with_biosample	All Fields hits are dominated by non-target records and have no accepted productivity.
Q	source_context_single_letter_code	low	100	0	100	100	0	0	0	1.0000	0.0000	disable_default	disable_default_do_not_replace_with_biosample	All Fields hits are dominated by non-target records and have no accepted productivity.
SF	contextual_reference_code	medium	100	0	100	100	0	0	0	1.0000	0.0000	disable_default	disable_default_do_not_replace_with_biosample	All Fields hits are dominated by non-target records and have no accepted productivity.
SOY	general_code_candidate	low	100	0	100	100	0	0	0	1.0000	0.0000	disable_default	disable_default_do_not_replace_with_biosample	All Fields hits are dominated by non-target records and have no accepted productivity.
ST	general_code_candidate	low	100	0	100	100	0	0	0	1.0000	0.0000	disable_default	disable_default_do_not_replace_with_biosample	All Fields hits are dominated by non-target records and have no accepted productivity.
TC	contextual_reference_code	medium	100	0	100	100	0	0	0	1.0000	0.0000	disable_default	disable_default_do_not_replace_with_biosample	All Fields hits are dominated by non-target records and have no accepted productivity.
TYPE	contextual_reference_code	medium	100	0	100	100	0	0	0	1.0000	0.0000	disable_default	disable_default_do_not_replace_with_biosample	All Fields hits are dominated by non-target records and have no accepted productivity.
TYPE	general_code_candidate	low	100	0	100	100	0	0	0	1.0000	0.0000	disable_default	disable_default_do_not_replace_with_biosample	All Fields hits are dominated by non-target records and have no accepted productivity.
WA	contextual_reference_code	medium	100	0	100	100	0	0	0	1.0000	0.0000	disable_default	disable_default_do_not_replace_with_biosample	All Fields hits are dominated by non-target records and have no accepted productivity.
WK	uppercase_general_code	medium	100	0	100	100	0	0	0	1.0000	0.0000	disable_default	disable_default_do_not_replace_with_biosample	All Fields hits are dominated by non-target records and have no accepted productivity.
WKS	contextual_reference_code	medium	100	0	100	100	0	0	0	1.0000	0.0000	disable_default	disable_default_do_not_replace_with_biosample	All Fields hits are dominated by non-target records and have no accepted productivity.
XL	general_code_candidate	low	100	0	100	100	0	0	0	1.0000	0.0000	disable_default	disable_default_do_not_replace_with_biosample	All Fields hits are dominated by non-target records and have no accepted productivity.
XM	uppercase_general_code	medium	100	0	100	100	0	0	0	1.0000	0.0000	disable_default	disable_default_do_not_replace_with_biosample	All Fields hits are dominated by non-target records and have no accepted productivity.
YD	uppercase_general_code	medium	100	0	100	100	0	0	0	1.0000	0.0000	disable_default	disable_default_do_not_replace_with_biosample	All Fields hits are dominated by non-target records and have no accepted productivity.
YW	contextual_reference_code	medium	100	0	100	100	0	0	0	1.0000	0.0000	disable_default	disable_default_do_not_replace_with_biosample	All Fields hits are dominated by non-target records and have no accepted productivity.
ZA	uppercase_general_code	medium	100	0	100	100	0	0	0	1.0000	0.0000	disable_default	disable_default_do_not_replace_with_biosample	All Fields hits are dominated by non-target records and have no accepted productivity.
ZC	contextual_reference_code	medium	100	0	100	100	0	0	0	1.0000	0.0000	disable_default	disable_default_do_not_replace_with_biosample	All Fields hits are dominated by non-target records and have no accepted productivity.
ZI	uppercase_general_code	medium	100	0	100	100	0	0	0	1.0000	0.0000	disable_default	disable_default_do_not_replace_with_biosample	All Fields hits are dominated by non-target records and have no accepted productivity.
ZJ	uppercase_general_code	medium	100	0	100	100	0	0	0	1.0000	0.0000	disable_default	disable_default_do_not_replace_with_biosample	All Fields hits are dominated by non-target records and have no accepted productivity.
ZQ	uppercase_general_code	medium	100	0	100	100	0	0	0	1.0000	0.0000	disable_default	disable_default_do_not_replace_with_biosample	All Fields hits are dominated by non-target records and have no accepted productivity.
ZT	uppercase_general_code	medium	100	0	100	100	0	0	0	1.0000	0.0000	disable_default	disable_default_do_not_replace_with_biosample	All Fields hits are dominated by non-target records and have no accepted productivity.
I	source_context_single_letter_code	low	89	0	88	88	0	1	0	0.9888	0.0000	disable_default	disable_default_do_not_replace_with_biosample	All Fields hits are dominated by non-target records and have no accepted productivity.
XV	uppercase_general_code	medium	86	0	86	86	0	0	0	1.0000	0.0000	disable_default	disable_default_do_not_replace_with_biosample	All Fields hits are dominated by non-target records and have no accepted productivity.
XCC	contextual_reference_code	medium	81	0	33	33	48	0	48	0.4074	0.0000	manual_review_only	manual_review_only	Insufficient evidence for default search; keep only as review evidence.
XB	contextual_reference_code	medium	74	0	74	74	0	0	0	1.0000	0.0000	disable_default	disable_default_do_not_replace_with_biosample	All Fields hits are dominated by non-target records and have no accepted productivity.
SES	general_code_candidate	low	64	0	64	64	0	0	0	1.0000	0.0000	disable_default	disable_default_do_not_replace_with_biosample	All Fields hits are dominated by non-target records and have no accepted productivity.
XA	contextual_reference_code	medium	53	0	49	49	0	4	0	0.9245	0.0000	disable_default	disable_default_do_not_replace_with_biosample	All Fields hits are dominated by non-target records and have no accepted productivity.
ORELLANA	person_or_local_reference_code	low	50	2	48	48	2	0	0	0.9600	0.0400	fallback_only	fallback_only_text_word_and_organism	Some accepted rows exist, but noise is too high for default search.
SAM	contextual_reference_code	medium	47	1	46	46	1	0	0	0.9787	0.0213	fallback_only	fallback_only_text_word_and_organism	Some accepted rows exist, but noise is too high for default search.
RC	uppercase_general_code	medium	43	0	43	43	0	0	0	1.0000	0.0000	disable_default	disable_default_do_not_replace_with_biosample	All Fields hits are dominated by non-target records and have no accepted productivity.
CAJ	general_code_candidate	low	41	1	40	40	1	0	0	0.9756	0.0244	fallback_only	fallback_only_text_word_and_organism	Some accepted rows exist, but noise is too high for default search.
ZO	contextual_reference_code	medium	41	0	41	41	0	0	0	1.0000	0.0000	disable_default	disable_default_do_not_replace_with_biosample	All Fields hits are dominated by non-target records and have no accepted productivity.
XCC	general_code_candidate	low	37	0	24	24	13	0	13	0.6486	0.0000	manual_review_only	manual_review_only	Low-confidence identifiers should not be converted into default fielded searches.
VIG	contextual_reference_code	medium	36	0	36	36	0	0	0	1.0000	0.0000	disable_default	disable_default_do_not_replace_with_biosample	All Fields hits are dominated by non-target records and have no accepted productivity.
ICPB	known_collection_prefix	high	35	0	0	0	0	35	0	0.0000	0.0000	no_hit_evidence_only	manual_review_only	Insufficient evidence for default search; keep only as review evidence.
XB	uppercase_general_code	medium	32	0	31	31	1	0	1	0.9688	0.0000	disable_default	disable_default_do_not_replace_with_biosample	All Fields hits are dominated by non-target records and have no accepted productivity.
XV-E	contextual_reference_code	medium	32	0	32	32	0	0	0	1.0000	0.0000	disable_default	disable_default_do_not_replace_with_biosample	All Fields hits are dominated by non-target records and have no accepted productivity.
ZK	contextual_reference_code	medium	29	0	29	29	0	0	0	1.0000	0.0000	disable_default	disable_default_do_not_replace_with_biosample	All Fields hits are dominated by non-target records and have no accepted productivity.
XG	general_code_candidate	low	28	0	28	28	0	0	0	1.0000	0.0000	disable_default	disable_default_do_not_replace_with_biosample	All Fields hits are dominated by non-target records and have no accepted productivity.
CS	contextual_reference_code	medium	27	0	27	27	0	0	0	1.0000	0.0000	disable_default	disable_default_do_not_replace_with_biosample	All Fields hits are dominated by non-target records and have no accepted productivity.
BEHR	person_or_local_reference_code	low	25	0	25	25	0	0	0	1.0000	0.0000	disable_default	disable_default_do_not_replace_with_biosample	All Fields hits are dominated by non-target records and have no accepted productivity.
WHRI	contextual_reference_code	medium	24	23	0	0	23	1	0	0.0000	0.9583	manual_review_only	replace_all_fields_with_text_word_and_organism	The query has accepted productivity; field restriction should be tested in pilot.
KAM	general_code_candidate	low	23	0	23	23	0	0	0	1.0000	0.0000	disable_default	disable_default_do_not_replace_with_biosample	All Fields hits are dominated by non-target records and have no accepted productivity.
ARG	contextual_reference_code	medium	18	10	8	8	10	0	0	0.4444	0.5556	manual_review_only	replace_all_fields_with_text_word_and_organism	The query has accepted productivity; field restriction should be tested in pilot.
RC	contextual_reference_code	medium	18	0	18	18	0	0	0	1.0000	0.0000	manual_review_only	manual_review_only	Insufficient evidence for default search; keep only as review evidence.
ISBF	contextual_reference_code	medium	17	0	0	0	0	17	0	0.0000	0.0000	no_hit_evidence_only	manual_review_only	Insufficient evidence for default search; keep only as review evidence.
RIC	general_code_candidate	low	17	1	16	16	1	0	0	0.9412	0.0588	fallback_only	fallback_only_text_word_and_organism	Some accepted rows exist, but noise is too high for default search.
IBSBF	contextual_reference_code	medium	16	0	1	1	0	15	0	0.0625	0.0000	manual_review_only	manual_review_only	Insufficient evidence for default search; keep only as review evidence.
IMI	known_collection_prefix	high	16	0	0	0	0	16	0	0.0000	0.0000	no_hit_evidence_only	manual_review_only	Insufficient evidence for default search; keep only as review evidence.
SLETTEN	person_or_local_reference_code	low	16	0	0	0	0	16	0	0.0000	0.0000	no_hit_evidence_only	manual_review_only	Low-confidence identifiers should not be converted into default fielded searches.
XCB	contextual_reference_code	medium	16	0	16	16	0	0	0	1.0000	0.0000	manual_review_only	manual_review_only	Insufficient evidence for default search; keep only as review evidence.
XS	contextual_reference_code	medium	16	0	16	16	0	0	0	1.0000	0.0000	manual_review_only	manual_review_only	Insufficient evidence for default search; keep only as review evidence.
XV	contextual_reference_code	medium	15	1	10	10	1	4	0	0.6667	0.0667	manual_review_only	replace_all_fields_with_text_word_and_organism	The query has accepted productivity; field restriction should be tested in pilot.
DSM	known_collection_prefix	high	14	5	2	4	5	5	2	0.2857	0.3571	keep_default	replace_all_fields_with_text_word_and_organism_then_pilot_attribute	Known collection IDs remain useful; test Attribute/Text Word under organism filter before full rerun.
PP	contextual_reference_code	medium	14	0	13	13	0	1	0	0.9286	0.0000	manual_review_only	manual_review_only	Insufficient evidence for default search; keep only as review evidence.
ARUM	general_code_candidate	low	13	0	13	13	0	0	0	1.0000	0.0000	disable_default	manual_review_only	Low-confidence identifiers should not be converted into default fielded searches.
BO	contextual_reference_code	medium	8	0	8	8	0	0	0	1.0000	0.0000	manual_review_only	manual_review_only	Insufficient evidence for default search; keep only as review evidence.
LX	contextual_reference_code	medium	8	0	8	8	0	0	0	1.0000	0.0000	manual_review_only	manual_review_only	Insufficient evidence for default search; keep only as review evidence.
XCP	contextual_reference_code	medium	8	2	6	6	2	0	0	0.7500	0.2500	manual_review_only	replace_all_fields_with_text_word_and_organism	The query has accepted productivity; field restriction should be tested in pilot.
BRYAN	person_or_local_reference_code	low	7	0	7	7	0	0	0	1.0000	0.0000	manual_review_only	manual_review_only	Low-confidence identifiers should not be converted into default fielded searches.
DSMZ	known_collection_prefix	high	7	0	5	5	0	2	0	0.7143	0.0000	manual_review_only	manual_review_only	Insufficient evidence for default search; keep only as review evidence.
PHAS	contextual_reference_code	medium	7	1	6	6	1	0	0	0.8571	0.1429	manual_review_only	fallback_only_text_word_and_organism	Some accepted rows exist, but noise is too high for default search.
XF	contextual_reference_code	medium	7	0	7	7	0	0	0	1.0000	0.0000	manual_review_only	manual_review_only	Insufficient evidence for default search; keep only as review evidence.
EGLI	person_or_local_reference_code	low	6	0	0	0	0	6	0	0.0000	0.0000	no_hit_evidence_only	manual_review_only	Low-confidence identifiers should not be converted into default fielded searches.
HACC	contextual_reference_code	medium	6	0	0	0	0	6	0	0.0000	0.0000	no_hit_evidence_only	manual_review_only	Insufficient evidence for default search; keep only as review evidence.
ISPAVE-B	known_collection_prefix	high	6	0	0	0	0	6	0	0.0000	0.0000	no_hit_evidence_only	manual_review_only	Insufficient evidence for default search; keep only as review evidence.
KIB	contextual_reference_code	medium	6	0	6	6	0	0	0	1.0000	0.0000	manual_review_only	manual_review_only	Insufficient evidence for default search; keep only as review evidence.
PDDCC	known_collection_prefix	high	6	0	0	0	0	6	0	0.0000	0.0000	no_hit_evidence_only	manual_review_only	Insufficient evidence for default search; keep only as review evidence.
UKP	contextual_reference_code	medium	6	0	0	0	0	6	0	0.0000	0.0000	no_hit_evidence_only	manual_review_only	Insufficient evidence for default search; keep only as review evidence.
ITCC	known_collection_prefix	high	5	1	0	0	1	4	0	0.0000	0.2000	keep_default	replace_all_fields_with_text_word_and_organism_then_pilot_attribute	Known collection IDs remain useful; test Attribute/Text Word under organism filter before full rerun.
LRA	contextual_reference_code	medium	5	0	5	5	0	0	0	1.0000	0.0000	manual_review_only	manual_review_only	Insufficient evidence for default search; keep only as review evidence.
NETO	contextual_reference_code	medium	5	0	4	4	0	1	0	0.8000	0.0000	manual_review_only	manual_review_only	Insufficient evidence for default search; keep only as review evidence.
XCP	general_code_candidate	low	5	1	4	4	1	0	0	0.8000	0.2000	manual_review_only	fallback_only_text_word_and_organism	Some accepted rows exist, but noise is too high for default search.
XCP	uppercase_general_code	medium	5	1	4	4	1	0	0	0.8000	0.2000	manual_review_only	fallback_only_text_word_and_organism	Some accepted rows exist, but noise is too high for default search.
BAKER	person_or_local_reference_code	low	4	0	4	4	0	0	0	1.0000	0.0000	manual_review_only	manual_review_only	Low-confidence identifiers should not be converted into default fielded searches.
BS	contextual_reference_code	medium	4	0	4	4	0	0	0	1.0000	0.0000	manual_review_only	manual_review_only	Insufficient evidence for default search; keep only as review evidence.
CATTON	person_or_local_reference_code	low	4	3	0	0	3	1	0	0.0000	0.7500	keep_default	manual_review_only	Low-confidence identifiers should not be converted into default fielded searches.
CCOS	contextual_reference_code	medium	4	3	0	0	3	1	0	0.0000	0.7500	keep_default	replace_all_fields_with_text_word_and_organism	The query has accepted productivity; field restriction should be tested in pilot.
CCUG	known_collection_prefix	high	4	0	0	2	0	2	2	0.5000	0.0000	keep_strict_profile	manual_review_only	Insufficient evidence for default search; keep only as review evidence.
CECT	contextual_reference_code	medium	4	0	1	1	0	3	0	0.2500	0.0000	manual_review_only	manual_review_only	Insufficient evidence for default search; keep only as review evidence.
CHAND	person_or_local_reference_code	low	4	1	3	3	1	0	0	0.7500	0.2500	manual_review_only	manual_review_only	Low-confidence identifiers should not be converted into default fielded searches.
IBSBF	uppercase_general_code	medium	4	1	0	0	1	3	0	0.0000	0.2500	keep_default	replace_all_fields_with_text_word_and_organism	The query has accepted productivity; field restriction should be tested in pilot.
MILLER	person_or_local_reference_code	low	4	2	2	2	2	0	0	0.5000	0.5000	manual_review_only	manual_review_only	Low-confidence identifiers should not be converted into default fielded searches.
NZRCC	contextual_reference_code	medium	4	0	0	0	0	4	0	0.0000	0.0000	no_hit_evidence_only	manual_review_only	Insufficient evidence for default search; keep only as review evidence.
WALLIN	person_or_local_reference_code	low	4	0	0	0	0	4	0	0.0000	0.0000	no_hit_evidence_only	manual_review_only	Low-confidence identifiers should not be converted into default fielded searches.
CIAT	uppercase_general_code	medium	3	0	0	0	0	3	0	0.0000	0.0000	no_hit_evidence_only	manual_review_only	Insufficient evidence for default search; keep only as review evidence.
CIP	known_collection_prefix	high	3	0	0	2	0	1	2	0.6667	0.0000	keep_strict_profile	manual_review_only	Insufficient evidence for default search; keep only as review evidence.
CPBF	contextual_reference_code	medium	3	3	0	0	3	0	0	0.0000	1.0000	keep_default	replace_all_fields_with_text_word_and_organism	The query has accepted productivity; field restriction should be tested in pilot.
CSL	contextual_reference_code	medium	3	0	0	0	0	3	0	0.0000	0.0000	no_hit_evidence_only	manual_review_only	Insufficient evidence for default search; keep only as review evidence.
DOWSON	person_or_local_reference_code	low	3	0	0	0	0	3	0	0.0000	0.0000	no_hit_evidence_only	manual_review_only	Low-confidence identifiers should not be converted into default fielded searches.
H	source_context_single_letter_code	low	3	0	3	3	0	0	0	1.0000	0.0000	manual_review_only	manual_review_only	Low-confidence identifiers should not be converted into default fielded searches.
IBSP	known_collection_prefix	high	3	1	0	0	1	2	0	0.0000	0.3333	keep_default	replace_all_fields_with_text_word_and_organism_then_pilot_attribute	Known collection IDs remain useful; test Attribute/Text Word under organism filter before full rerun.
IVIA	contextual_reference_code	medium	3	0	0	0	0	3	0	0.0000	0.0000	no_hit_evidence_only	manual_review_only	Insufficient evidence for default search; keep only as review evidence.
KEMP	person_or_local_reference_code	low	3	1	2	2	1	0	0	0.6667	0.3333	manual_review_only	manual_review_only	Low-confidence identifiers should not be converted into default fielded searches.
MOFFETT	person_or_local_reference_code	low	3	0	0	0	0	3	0	0.0000	0.0000	no_hit_evidence_only	manual_review_only	Low-confidence identifiers should not be converted into default fielded searches.
NCTC	known_collection_prefix	high	3	0	0	3	0	0	3	1.0000	0.0000	manual_review_only	manual_review_only	Insufficient evidence for default search; keep only as review evidence.
PESTI	person_or_local_reference_code	low	3	0	0	0	0	3	0	0.0000	0.0000	no_hit_evidence_only	manual_review_only	Low-confidence identifiers should not be converted into default fielded searches.
PHYL	contextual_reference_code	medium	3	1	2	2	1	0	0	0.6667	0.3333	manual_review_only	replace_all_fields_with_text_word_and_organism	The query has accepted productivity; field restriction should be tested in pilot.
PX	contextual_reference_code	medium	3	0	3	3	0	0	0	1.0000	0.0000	manual_review_only	manual_review_only	Insufficient evidence for default search; keep only as review evidence.
XM	contextual_reference_code	medium	3	0	3	3	0	0	0	1.0000	0.0000	manual_review_only	manual_review_only	Insufficient evidence for default search; keep only as review evidence.
XR	contextual_reference_code	medium	3	0	3	3	0	0	0	1.0000	0.0000	manual_review_only	manual_review_only	Insufficient evidence for default search; keep only as review evidence.
CCM	contextual_reference_code	medium	2	0	1	2	0	0	1	1.0000	0.0000	manual_review_only	manual_review_only	Insufficient evidence for default search; keep only as review evidence.
COOPER	person_or_local_reference_code	low	2	0	0	0	0	2	0	0.0000	0.0000	no_hit_evidence_only	manual_review_only	Low-confidence identifiers should not be converted into default fielded searches.
CVCPB	contextual_reference_code	medium	2	0	0	0	0	2	0	0.0000	0.0000	no_hit_evidence_only	manual_review_only	Insufficient evidence for default search; keep only as review evidence.
DUFF	person_or_local_reference_code	low	2	2	0	0	2	0	0	0.0000	1.0000	keep_default	manual_review_only	Low-confidence identifiers should not be converted into default fielded searches.
FENTON	person_or_local_reference_code	low	2	0	0	0	0	2	0	0.0000	0.0000	no_hit_evidence_only	manual_review_only	Low-confidence identifiers should not be converted into default fielded searches.
GBBC	contextual_reference_code	medium	2	2	0	0	2	0	0	0.0000	1.0000	keep_default	replace_all_fields_with_text_word_and_organism	The query has accepted productivity; field restriction should be tested in pilot.
GRASSO	person_or_local_reference_code	low	2	0	0	0	0	2	0	0.0000	0.0000	no_hit_evidence_only	manual_review_only	Low-confidence identifiers should not be converted into default fielded searches.
IBBF	contextual_reference_code	medium	2	0	0	0	0	2	0	0.0000	0.0000	no_hit_evidence_only	manual_review_only	Insufficient evidence for default search; keep only as review evidence.
IIHXCC	uppercase_general_code	medium	2	0	0	0	0	2	0	0.0000	0.0000	no_hit_evidence_only	manual_review_only	Insufficient evidence for default search; keep only as review evidence.
KISHUN	person_or_local_reference_code	low	2	0	0	0	0	2	0	0.0000	0.0000	no_hit_evidence_only	manual_review_only	Low-confidence identifiers should not be converted into default fielded searches.
KOIZUMI	person_or_local_reference_code	low	2	0	0	0	0	2	0	0.0000	0.0000	no_hit_evidence_only	manual_review_only	Low-confidence identifiers should not be converted into default fielded searches.
LOZANO	person_or_local_reference_code	low	2	0	0	0	0	2	0	0.0000	0.0000	no_hit_evidence_only	manual_review_only	Low-confidence identifiers should not be converted into default fielded searches.
MIHAIL	person_or_local_reference_code	low	2	0	0	0	0	2	0	0.0000	0.0000	no_hit_evidence_only	manual_review_only	Low-confidence identifiers should not be converted into default fielded searches.
NAYUDU	person_or_local_reference_code	low	2	0	0	0	0	2	0	0.0000	0.0000	no_hit_evidence_only	manual_review_only	Low-confidence identifiers should not be converted into default fielded searches.
RCIIHXCP	contextual_reference_code	medium	2	0	0	0	0	2	0	0.0000	0.0000	no_hit_evidence_only	manual_review_only	Insufficient evidence for default search; keep only as review evidence.
SBF	contextual_reference_code	medium	2	0	0	0	0	2	0	0.0000	0.0000	no_hit_evidence_only	manual_review_only	Insufficient evidence for default search; keep only as review evidence.
VDM	contextual_reference_code	medium	2	0	1	1	0	1	0	0.5000	0.0000	manual_review_only	manual_review_only	Insufficient evidence for default search; keep only as review evidence.
VKM	known_collection_prefix	high	2	1	0	0	1	1	0	0.0000	0.5000	keep_default	replace_all_fields_with_text_word_and_organism_then_pilot_attribute	Known collection IDs remain useful; test Attribute/Text Word under organism filter before full rerun.
XCN	contextual_reference_code	medium	2	0	0	0	0	2	0	0.0000	0.0000	no_hit_evidence_only	manual_review_only	Insufficient evidence for default search; keep only as review evidence.
XE	contextual_reference_code	medium	2	0	1	1	0	1	0	0.5000	0.0000	manual_review_only	manual_review_only	Insufficient evidence for default search; keep only as review evidence.
XG	contextual_reference_code	medium	2	0	0	0	0	2	0	0.0000	0.0000	no_hit_evidence_only	manual_review_only	Insufficient evidence for default search; keep only as review evidence.
ADAS	uppercase_general_code	medium	1	0	0	0	0	1	0	0.0000	0.0000	no_hit_evidence_only	manual_review_only	Insufficient evidence for default search; keep only as review evidence.
ATTCC	known_collection_prefix	high	1	0	0	0	0	1	0	0.0000	0.0000	no_hit_evidence_only	manual_review_only	Insufficient evidence for default search; keep only as review evidence.
BAUDIN	person_or_local_reference_code	low	1	0	0	0	0	1	0	0.0000	0.0000	no_hit_evidence_only	manual_review_only	Low-confidence identifiers should not be converted into default fielded searches.
BAZZI	person_or_local_reference_code	low	1	0	0	0	0	1	0	0.0000	0.0000	no_hit_evidence_only	manual_review_only	Low-confidence identifiers should not be converted into default fielded searches.
BELTYUKOVA	person_or_local_reference_code	low	1	0	0	0	0	1	0	0.0000	0.0000	no_hit_evidence_only	manual_review_only	Low-confidence identifiers should not be converted into default fielded searches.
BERAMIS	contextual_reference_code	medium	1	0	0	0	0	1	0	0.0000	0.0000	no_hit_evidence_only	manual_review_only	Insufficient evidence for default search; keep only as review evidence.
BXWK	contextual_reference_code	medium	1	0	0	0	0	1	0	0.0000	0.0000	no_hit_evidence_only	manual_review_only	Insufficient evidence for default search; keep only as review evidence.
CABI	contextual_reference_code	medium	1	0	0	0	0	1	0	0.0000	0.0000	no_hit_evidence_only	manual_review_only	Insufficient evidence for default search; keep only as review evidence.
CBPF	contextual_reference_code	medium	1	0	0	0	0	1	0	0.0000	0.0000	no_hit_evidence_only	manual_review_only	Insufficient evidence for default search; keep only as review evidence.
CBZII	contextual_reference_code	medium	1	0	0	0	0	1	0	0.0000	0.0000	no_hit_evidence_only	manual_review_only	Insufficient evidence for default search; keep only as review evidence.
CFPB	contextual_reference_code	medium	1	0	0	0	0	1	0	0.0000	0.0000	no_hit_evidence_only	manual_review_only	Insufficient evidence for default search; keep only as review evidence.
CIA	contextual_reference_code	medium	1	0	0	0	0	1	0	0.0000	0.0000	no_hit_evidence_only	manual_review_only	Insufficient evidence for default search; keep only as review evidence.
CNBP	contextual_reference_code	medium	1	0	0	0	0	1	0	0.0000	0.0000	no_hit_evidence_only	manual_review_only	Insufficient evidence for default search; keep only as review evidence.
CSL	uppercase_general_code	medium	1	0	0	0	0	1	0	0.0000	0.0000	no_hit_evidence_only	manual_review_only	Insufficient evidence for default search; keep only as review evidence.
CUGNSI	person_or_local_reference_code	low	1	0	0	0	0	1	0	0.0000	0.0000	no_hit_evidence_only	manual_review_only	Low-confidence identifiers should not be converted into default fielded searches.
DAR	contextual_reference_code	medium	1	0	0	0	0	1	0	0.0000	0.0000	no_hit_evidence_only	manual_review_only	Insufficient evidence for default search; keep only as review evidence.
DERVISH	person_or_local_reference_code	low	1	0	0	0	0	1	0	0.0000	0.0000	no_hit_evidence_only	manual_review_only	Low-confidence identifiers should not be converted into default fielded searches.
DOWSON	contextual_reference_code	medium	1	0	0	0	0	1	0	0.0000	0.0000	no_hit_evidence_only	manual_review_only	Insufficient evidence for default search; keep only as review evidence.
DSK	contextual_reference_code	medium	1	0	0	0	0	1	0	0.0000	0.0000	no_hit_evidence_only	manual_review_only	Insufficient evidence for default search; keep only as review evidence.
EGLI	contextual_reference_code	medium	1	0	0	0	0	1	0	0.0000	0.0000	no_hit_evidence_only	manual_review_only	Insufficient evidence for default search; keep only as review evidence.
EUPH	contextual_reference_code	medium	1	0	0	0	0	1	0	0.0000	0.0000	no_hit_evidence_only	manual_review_only	Insufficient evidence for default search; keep only as review evidence.
EUPH	general_code_candidate	low	1	0	0	0	0	1	0	0.0000	0.0000	no_hit_evidence_only	manual_review_only	Low-confidence identifiers should not be converted into default fielded searches.
FDC	contextual_reference_code	medium	1	0	0	0	0	1	0	0.0000	0.0000	no_hit_evidence_only	manual_review_only	Insufficient evidence for default search; keep only as review evidence.
FR	general_code_candidate	low	1	0	0	0	0	1	0	0.0000	0.0000	no_hit_evidence_only	manual_review_only	Low-confidence identifiers should not be converted into default fielded searches.
HACC	uppercase_general_code	medium	1	0	0	0	0	1	0	0.0000	0.0000	no_hit_evidence_only	manual_review_only	Insufficient evidence for default search; keep only as review evidence.
HAGBORG	person_or_local_reference_code	low	1	0	0	0	0	1	0	0.0000	0.0000	no_hit_evidence_only	manual_review_only	Low-confidence identifiers should not be converted into default fielded searches.
HAYWARD	person_or_local_reference_code	low	1	0	0	0	0	1	0	0.0000	0.0000	no_hit_evidence_only	manual_review_only	Low-confidence identifiers should not be converted into default fielded searches.
HELLMERS	person_or_local_reference_code	low	1	0	0	0	0	1	0	0.0000	0.0000	no_hit_evidence_only	manual_review_only	Low-confidence identifiers should not be converted into default fielded searches.
IAO	contextual_reference_code	medium	1	0	0	0	0	1	0	0.0000	0.0000	no_hit_evidence_only	manual_review_only	Insufficient evidence for default search; keep only as review evidence.
IBSF	contextual_reference_code	medium	1	0	0	0	0	1	0	0.0000	0.0000	no_hit_evidence_only	manual_review_only	Insufficient evidence for default search; keep only as review evidence.
IBSF	uppercase_general_code	medium	1	0	0	0	0	1	0	0.0000	0.0000	no_hit_evidence_only	manual_review_only	Insufficient evidence for default search; keep only as review evidence.
IIH-XCC	general_code_candidate	low	1	0	0	0	0	1	0	0.0000	0.0000	no_hit_evidence_only	manual_review_only	Low-confidence identifiers should not be converted into default fielded searches.
IIH-XCP	general_code_candidate	low	1	0	0	0	0	1	0	0.0000	0.0000	no_hit_evidence_only	manual_review_only	Low-confidence identifiers should not be converted into default fielded searches.
IIHXCG	contextual_reference_code	medium	1	0	0	0	0	1	0	0.0000	0.0000	no_hit_evidence_only	manual_review_only	Insufficient evidence for default search; keep only as review evidence.
IPV-BO	contextual_reference_code	medium	1	0	0	0	0	1	0	0.0000	0.0000	no_hit_evidence_only	manual_review_only	Insufficient evidence for default search; keep only as review evidence.
JAT	general_code_candidate	low	1	0	0	0	0	1	0	0.0000	0.0000	no_hit_evidence_only	manual_review_only	Low-confidence identifiers should not be converted into default fielded searches.
KBA	contextual_reference_code	medium	1	0	1	1	0	0	0	1.0000	0.0000	manual_review_only	manual_review_only	Insufficient evidence for default search; keep only as review evidence.
KOIKE	person_or_local_reference_code	low	1	0	0	0	0	1	0	0.0000	0.0000	no_hit_evidence_only	manual_review_only	Low-confidence identifiers should not be converted into default fielded searches.
LELLIOTT	person_or_local_reference_code	low	1	1	0	0	1	0	0	0.0000	1.0000	keep_default	manual_review_only	Low-confidence identifiers should not be converted into default fielded searches.
LUW	contextual_reference_code	medium	1	0	0	0	0	1	0	0.0000	0.0000	no_hit_evidence_only	manual_review_only	Insufficient evidence for default search; keep only as review evidence.
MAZZUCCHI	person_or_local_reference_code	low	1	0	0	0	0	1	0	0.0000	0.0000	no_hit_evidence_only	manual_review_only	Low-confidence identifiers should not be converted into default fielded searches.
MR	contextual_reference_code	medium	1	0	0	0	0	1	0	0.0000	0.0000	no_hit_evidence_only	manual_review_only	Insufficient evidence for default search; keep only as review evidence.
NAYAUDU	person_or_local_reference_code	low	1	0	0	0	0	1	0	0.0000	0.0000	no_hit_evidence_only	manual_review_only	Low-confidence identifiers should not be converted into default fielded searches.
NBC	known_collection_prefix	high	1	0	0	0	0	1	0	0.0000	0.0000	no_hit_evidence_only	manual_review_only	Insufficient evidence for default search; keep only as review evidence.
NCIMB	contextual_reference_code	medium	1	0	0	1	0	0	1	1.0000	0.0000	manual_review_only	manual_review_only	Insufficient evidence for default search; keep only as review evidence.
NETO	person_or_local_reference_code	low	1	0	0	0	0	1	0	0.0000	0.0000	no_hit_evidence_only	manual_review_only	Low-confidence identifiers should not be converted into default fielded searches.
NORSE	person_or_local_reference_code	low	1	1	0	0	1	0	0	0.0000	1.0000	keep_default	manual_review_only	Low-confidence identifiers should not be converted into default fielded searches.
NYAUDU	person_or_local_reference_code	low	1	0	0	0	0	1	0	0.0000	0.0000	no_hit_evidence_only	manual_review_only	Low-confidence identifiers should not be converted into default fielded searches.
OREGAN	general_code_candidate	low	1	0	0	0	0	1	0	0.0000	0.0000	no_hit_evidence_only	manual_review_only	Low-confidence identifiers should not be converted into default fielded searches.
PDD	contextual_reference_code	medium	1	0	0	0	0	1	0	0.0000	0.0000	no_hit_evidence_only	manual_review_only	Insufficient evidence for default search; keep only as review evidence.
PERSLEY	person_or_local_reference_code	low	1	0	0	0	0	1	0	0.0000	0.0000	no_hit_evidence_only	manual_review_only	Low-confidence identifiers should not be converted into default fielded searches.
PNG	uppercase_general_code	medium	1	0	0	0	0	1	0	0.0000	0.0000	no_hit_evidence_only	manual_review_only	Insufficient evidence for default search; keep only as review evidence.
PUKATEA	general_code_candidate	low	1	0	0	0	0	1	0	0.0000	0.0000	no_hit_evidence_only	manual_review_only	Low-confidence identifiers should not be converted into default fielded searches.
PXO	contextual_reference_code	medium	1	1	0	0	1	0	0	0.0000	1.0000	manual_review_only	replace_all_fields_with_text_word_and_organism	The query has accepted productivity; field restriction should be tested in pilot.
RAEMAKERS	person_or_local_reference_code	low	1	0	0	0	0	1	0	0.0000	0.0000	no_hit_evidence_only	manual_review_only	Low-confidence identifiers should not be converted into default fielded searches.
RHYN	contextual_reference_code	medium	1	1	0	0	1	0	0	0.0000	1.0000	keep_default	replace_all_fields_with_text_word_and_organism	The query has accepted productivity; field restriction should be tested in pilot.
RHYN	general_code_candidate	low	1	1	0	0	1	0	0	0.0000	1.0000	keep_default	manual_review_only	Low-confidence identifiers should not be converted into default fielded searches.
SAL	contextual_reference_code	medium	1	0	0	0	0	1	0	0.0000	0.0000	no_hit_evidence_only	manual_review_only	Insufficient evidence for default search; keep only as review evidence.
SAMSON	contextual_reference_code	medium	1	0	0	0	0	1	0	0.0000	0.0000	no_hit_evidence_only	manual_review_only	Insufficient evidence for default search; keep only as review evidence.
SCHNEIDER	person_or_local_reference_code	low	1	0	0	0	0	1	0	0.0000	0.0000	no_hit_evidence_only	manual_review_only	Low-confidence identifiers should not be converted into default fielded searches.
SRINIVASAN	person_or_local_reference_code	low	1	0	0	0	0	1	0	0.0000	0.0000	no_hit_evidence_only	manual_review_only	Low-confidence identifiers should not be converted into default fielded searches.
THORNBERRY	person_or_local_reference_code	low	1	0	0	0	0	1	0	0.0000	0.0000	no_hit_evidence_only	manual_review_only	Low-confidence identifiers should not be converted into default fielded searches.
UN	contextual_reference_code	medium	1	0	0	0	0	1	0	0.0000	0.0000	no_hit_evidence_only	manual_review_only	Insufficient evidence for default search; keep only as review evidence.
VILJOEN	person_or_local_reference_code	low	1	0	0	0	0	1	0	0.0000	0.0000	no_hit_evidence_only	manual_review_only	Low-confidence identifiers should not be converted into default fielded searches.
WSK	contextual_reference_code	medium	1	0	1	1	0	0	0	1.0000	0.0000	manual_review_only	manual_review_only	Insufficient evidence for default search; keep only as review evidence.
XA	uppercase_general_code	medium	1	0	1	1	0	0	0	1.0000	0.0000	manual_review_only	manual_review_only	Insufficient evidence for default search; keep only as review evidence.
XCVE	contextual_reference_code	medium	1	0	0	0	0	1	0	0.0000	0.0000	no_hit_evidence_only	manual_review_only	Insufficient evidence for default search; keep only as review evidence.
XD	contextual_reference_code	medium	1	0	0	0	0	1	0	0.0000	0.0000	no_hit_evidence_only	manual_review_only	Insufficient evidence for default search; keep only as review evidence.
XL	uppercase_general_code	medium	1	0	0	0	0	1	0	0.0000	0.0000	no_hit_evidence_only	manual_review_only	Insufficient evidence for default search; keep only as review evidence.
XN	contextual_reference_code	medium	1	0	0	0	0	1	0	0.0000	0.0000	no_hit_evidence_only	manual_review_only	Insufficient evidence for default search; keep only as review evidence.
XPL	contextual_reference_code	medium	1	0	0	0	0	1	0	0.0000	0.0000	no_hit_evidence_only	manual_review_only	Insufficient evidence for default search; keep only as review evidence.
