audit_category	priority	ncppb_number	ncppb_current_name	biosample_pair_count	biosample_accessions	identity_evidence	ncbi_organism_names	taxonomy_status	pathovar_status	assembly_accessions	sra_run_accessions	sequence_linkage_audit_verdict	final_sequence_disposition	allowed_analysis_scope	strictly_excluded_analysis_scope	tree_tip_label_rule	minimum_next_action	rationale	biosample_evidence_urls	resource_evidence_url	ncbi_taxonomy_url	external_taxonomy_or_literature_source	pipeline_review_decision_advice
species_or_pathovar_unresolved	P2	NCPPB 230	Xanthomonas hortorum pv. carotae (Kendrick 1934) Vauterin et al. 1995	1	SAMN40354569	primary_ncppb_pairs=1; strong_collection_pairs=0; conflicting_ncppb_numbers=0	Xanthomonas sp. WHRI 8391	same_genus_different_species	observed_pathovar_unresolved	GCF_040202495.1	SRR28281421; SRR30293564	sequence_link_confirmed_species_assignment_pending	conditional_release_for_genus_tree_qc_ani_only	genus_overview_tree; QC; ANI_or_GTDB_species_check	species_core_genome; pathovar_grouping; metadata_association_by_species_or_pathogenicity	NCPPB current name plus NCBI submitted name; add species_assignment_under_review	prioritize ANI/GTDB, original publication and host review; label tree tip species_assignment_under_review	The NCPPB identity is exact, but NCBI gives Xanthomonas sp., a different species, or no pathovar. The genome may be used, but taxonomy metadata cannot be used as an analysis grouping yet.	https://www.ncbi.nlm.nih.gov/biosample/SAMN40354569	https://www.ncbi.nlm.nih.gov/assembly/GCF_040202495.1	https://www.ncbi.nlm.nih.gov/Taxonomy/Browser/wwwtax.cgi?id=3161573&mode=Info	NCBI BioSample/Taxonomy record; ANI/GTDB and literature review required	after supervisor approval: approve_for_downstream; preserve use restrictions from this table
species_or_pathovar_unresolved	P2	NCPPB 425	Xanthomonas hortorum pv. carotae (Kendrick 1934) Vauterin et al. 1995	1	SAMN40354566	primary_ncppb_pairs=1; strong_collection_pairs=0; conflicting_ncppb_numbers=0	Xanthomonas sp. WHRI 8338	same_genus_different_species	observed_pathovar_unresolved		SRR28281424	sequence_link_confirmed_species_assignment_pending	conditional_release_for_genus_tree_qc_ani_only	genus_overview_tree; QC; ANI_or_GTDB_species_check	species_core_genome; pathovar_grouping; metadata_association_by_species_or_pathogenicity	NCPPB current name plus NCBI submitted name; add species_assignment_under_review	prioritize ANI/GTDB, original publication and host review; label tree tip species_assignment_under_review	The NCPPB identity is exact, but NCBI gives Xanthomonas sp., a different species, or no pathovar. The genome may be used, but taxonomy metadata cannot be used as an analysis grouping yet.	https://www.ncbi.nlm.nih.gov/biosample/SAMN40354566	https://www.ncbi.nlm.nih.gov/sra/SRR28281424	https://www.ncbi.nlm.nih.gov/Taxonomy/Browser/wwwtax.cgi?id=3161570&mode=Info	NCBI BioSample/Taxonomy record; ANI/GTDB and literature review required	after supervisor approval: approve_for_downstream; preserve use restrictions from this table
explicit_pathovar_conflict	P1	NCPPB 481	Xanthomonas axonopodis pv. desmodii (Patel 1949) Vauterin et al. 1995	1	SAMN42278566	primary_ncppb_pairs=1; strong_collection_pairs=0; conflicting_ncppb_numbers=0	Xanthomonas axonopodis pv. biophyti	same_name	pathovar_mismatch		SRR29692761; SRR30016545	sequence_link_confirmed_pathovar_label_restricted	conditional_release_for_genus_tree_qc_ani_only	genus_overview_tree; assembly_or_read_qc; ANI_or_GTDB_species_check	pathovar_grouping; host_or_pathogenicity_association; species_core_genome_without_ANI	NCPPB current name plus NCBI submitted name; add pathovar_label_restricted	check original culture/publication and host; calculate ANI/GTDB; require independent evidence before using any pathovar label	The NCPPB strain identity is exact, but the explicit pathovar labels differ. The genome can represent the collection strain, not an unverified pathovar assignment.	https://www.ncbi.nlm.nih.gov/biosample/SAMN42278566	https://www.ncbi.nlm.nih.gov/sra/SRR29692761	https://www.ncbi.nlm.nih.gov/Taxonomy/Browser/wwwtax.cgi?id=487826&mode=Info	NCBI BioSample/Taxonomy record	after supervisor approval: approve_for_downstream; preserve use restrictions from this table
same_pathovar_historical_or_updated_species_name	P3	NCPPB 575	Xanthomonas euvesicatoria pv. clerodendri (Patel et al. 1952) Harrison et al. 2023	1	SAMN19988990	primary_ncppb_pairs=1; strong_collection_pairs=0; conflicting_ncppb_numbers=0	Xanthomonas campestris pv. clerodendri	same_genus_different_species	same_pathovar	GCF_019201225.1	SRR15305412	sequence_link_confirmed_dual_taxonomy_label_required	conditional_release_for_genus_tree_qc_ani_only	genus_overview_tree; QC; ANI_or_GTDB_species_check	species_stratified_core_genome_or_comparative_analysis_without_ANI	NCPPB current name plus NCBI submitted name; add taxonomy_dual_label	calculate ANI/GTDB against suitable references; use NCPPB name as primary label and retain NCBI name as submitted/historical label	The NCPPB identity is exact and pathovar is unchanged; a same-genus species-name difference is compatible with a historical name or later taxonomic revision, but needs ANI before species-level analysis.	https://www.ncbi.nlm.nih.gov/biosample/SAMN19988990	https://www.ncbi.nlm.nih.gov/assembly/GCF_019201225.1	https://www.ncbi.nlm.nih.gov/Taxonomy/Browser/wwwtax.cgi?id=487859&mode=Info	https://wrap.warwick.ac.uk/id/eprint/172838/	after supervisor approval: approve_for_downstream; preserve use restrictions from this table
same_pathovar_historical_or_updated_species_name	P3	NCPPB 579	Xanthomonas euvesicatoria pv. lawsoniae (Patel et al. 1951) Harrison et al. 2023	1	SAMN19988991	primary_ncppb_pairs=1; strong_collection_pairs=0; conflicting_ncppb_numbers=0	Xanthomonas campestris pv. lawsoniae	same_genus_different_species	same_pathovar	GCF_019201185.1	SRR15305414	sequence_link_confirmed_dual_taxonomy_label_required	conditional_release_for_genus_tree_qc_ani_only	genus_overview_tree; QC; ANI_or_GTDB_species_check	species_stratified_core_genome_or_comparative_analysis_without_ANI	NCPPB current name plus NCBI submitted name; add taxonomy_dual_label	calculate ANI/GTDB against suitable references; use NCPPB name as primary label and retain NCBI name as submitted/historical label	The NCPPB identity is exact and pathovar is unchanged; a same-genus species-name difference is compatible with a historical name or later taxonomic revision, but needs ANI before species-level analysis.	https://www.ncbi.nlm.nih.gov/biosample/SAMN19988991	https://www.ncbi.nlm.nih.gov/assembly/GCF_019201185.1	https://www.ncbi.nlm.nih.gov/Taxonomy/Browser/wwwtax.cgi?id=487873&mode=Info	https://wrap.warwick.ac.uk/id/eprint/172838/	after supervisor approval: approve_for_downstream; preserve use restrictions from this table
same_pathovar_historical_or_updated_species_name	P3	NCPPB 585	Xanthomonas citri pv. trichodesmae (Patel et al.1952) Harrison et al. 2023	1	SAMN19988994	primary_ncppb_pairs=1; strong_collection_pairs=0; conflicting_ncppb_numbers=0	Xanthomonas campestris pv. trichodesmae	same_genus_different_species	same_pathovar	GCA_019201525.1	SRR15305424	sequence_link_confirmed_dual_taxonomy_label_required	conditional_release_for_genus_tree_qc_ani_only	genus_overview_tree; QC; ANI_or_GTDB_species_check	species_stratified_core_genome_or_comparative_analysis_without_ANI	NCPPB current name plus NCBI submitted name; add taxonomy_dual_label	calculate ANI/GTDB against suitable references; use NCPPB name as primary label and retain NCBI name as submitted/historical label	The NCPPB identity is exact and pathovar is unchanged; a same-genus species-name difference is compatible with a historical name or later taxonomic revision, but needs ANI before species-level analysis.	https://www.ncbi.nlm.nih.gov/biosample/SAMN19988994	https://www.ncbi.nlm.nih.gov/assembly/GCA_019201525.1	https://www.ncbi.nlm.nih.gov/Taxonomy/Browser/wwwtax.cgi?id=487895&mode=Info	https://wrap.warwick.ac.uk/id/eprint/172838/	after supervisor approval: approve_for_downstream; preserve use restrictions from this table
same_pathovar_historical_or_updated_species_name	P3	NCPPB 586	Xanthomonas euvesicatoria pv. uppalii (Patel 1948) Harrison et al. 2023	1	SAMN19988992	primary_ncppb_pairs=1; strong_collection_pairs=0; conflicting_ncppb_numbers=0	Xanthomonas campestris pv. uppalii	same_genus_different_species	same_pathovar	GCF_019201115.1	SRR15305427	sequence_link_confirmed_dual_taxonomy_label_required	conditional_release_for_genus_tree_qc_ani_only	genus_overview_tree; QC; ANI_or_GTDB_species_check	species_stratified_core_genome_or_comparative_analysis_without_ANI	NCPPB current name plus NCBI submitted name; add taxonomy_dual_label	calculate ANI/GTDB against suitable references; use NCPPB name as primary label and retain NCBI name as submitted/historical label	The NCPPB identity is exact and pathovar is unchanged; a same-genus species-name difference is compatible with a historical name or later taxonomic revision, but needs ANI before species-level analysis.	https://www.ncbi.nlm.nih.gov/biosample/SAMN19988992	https://www.ncbi.nlm.nih.gov/assembly/GCF_019201115.1	https://www.ncbi.nlm.nih.gov/Taxonomy/Browser/wwwtax.cgi?id=487896&mode=Info	https://wrap.warwick.ac.uk/id/eprint/172838/	after supervisor approval: approve_for_downstream; preserve use restrictions from this table
same_pathovar_historical_or_updated_species_name	P3	NCPPB 976	Xanthomonas citri (ex Hasse 1915) Gabriel et al. 1989	2	SAMN09704274; SAMN11047482	primary_ncppb_pairs=1; strong_collection_pairs=1; conflicting_ncppb_numbers=0	Xanthomonas axonopodis pv. vitians	same_genus_different_species	same_pathovar	GCF_012922295.1	SRR7628814; SRR8732949	sequence_link_confirmed_dual_taxonomy_label_required	conditional_release_for_genus_tree_qc_ani_only	genus_overview_tree; QC; ANI_or_GTDB_species_check	species_stratified_core_genome_or_comparative_analysis_without_ANI	NCPPB current name plus NCBI submitted name; add taxonomy_dual_label	calculate ANI/GTDB against suitable references; use NCPPB name as primary label and retain NCBI name as submitted/historical label	The NCPPB identity is exact and pathovar is unchanged; a same-genus species-name difference is compatible with a historical name or later taxonomic revision, but needs ANI before species-level analysis.	https://www.ncbi.nlm.nih.gov/biosample/SAMN09704274; https://www.ncbi.nlm.nih.gov/biosample/SAMN11047482	https://www.ncbi.nlm.nih.gov/assembly/GCF_012922295.1	https://www.ncbi.nlm.nih.gov/Taxonomy/Browser/wwwtax.cgi?id=487843&mode=Info	https://wrap.warwick.ac.uk/id/eprint/172838/	after supervisor approval: approve_for_downstream; preserve use restrictions from this table
species_or_pathovar_unresolved	P2	NCPPB 985	Xanthomonas phaseoli pv. dieffenbachiae (McCulloch & Pirone 1939) Constantin et al. 2016 comb. nov.	1	SAMN02903999	primary_ncppb_pairs=0; strong_collection_pairs=1; conflicting_ncppb_numbers=0	Xanthomonas citri	same_genus_different_species	observed_pathovar_unresolved	GCF_001401545.2	SRR1509951; SRR1522076; SRR3715273	sequence_link_confirmed_species_assignment_pending	conditional_release_for_genus_tree_qc_ani_only	genus_overview_tree; QC; ANI_or_GTDB_species_check	species_core_genome; pathovar_grouping; metadata_association_by_species_or_pathogenicity	NCPPB current name plus NCBI submitted name; add species_assignment_under_review	prioritize ANI/GTDB, original publication and host review; label tree tip species_assignment_under_review	The NCPPB identity is exact, but NCBI gives Xanthomonas sp., a different species, or no pathovar. The genome may be used, but taxonomy metadata cannot be used as an analysis grouping yet.	https://www.ncbi.nlm.nih.gov/biosample/SAMN02903999	https://www.ncbi.nlm.nih.gov/assembly/GCF_001401545.2	https://www.ncbi.nlm.nih.gov/Taxonomy/Browser/wwwtax.cgi?id=346&mode=Info	NCBI BioSample/Taxonomy record; ANI/GTDB and literature review required	after supervisor approval: approve_for_downstream; preserve use restrictions from this table
explicit_pathovar_conflict	P1	NCPPB 1158	Xanthomonas citri pv. fuscans (Schaad et al. 2007) Constantin et al. 2016 comb. nov.	1	SAMN03142401	primary_ncppb_pairs=1; strong_collection_pairs=0; conflicting_ncppb_numbers=0	Xanthomonas phaseoli pv. phaseoli	compatible_synonym	pathovar_mismatch	GCF_000775205.1	SRR2052443	sequence_link_confirmed_pathovar_label_restricted	conditional_release_for_genus_tree_qc_ani_only	genus_overview_tree; assembly_or_read_qc; ANI_or_GTDB_species_check	pathovar_grouping; host_or_pathogenicity_association; species_core_genome_without_ANI	NCPPB current name plus NCBI submitted name; add pathovar_label_restricted	check original culture/publication and host; calculate ANI/GTDB; require independent evidence before using any pathovar label	The NCPPB strain identity is exact, but the explicit pathovar labels differ. The genome can represent the collection strain, not an unverified pathovar assignment.	https://www.ncbi.nlm.nih.gov/biosample/SAMN03142401	https://www.ncbi.nlm.nih.gov/assembly/GCF_000775205.1	https://www.ncbi.nlm.nih.gov/Taxonomy/Browser/wwwtax.cgi?id=317013&mode=Info	https://gd.eppo.int/taxon/XANTFF/datasheet	after supervisor approval: approve_for_downstream; preserve use restrictions from this table
same_pathovar_historical_or_updated_species_name	P3	NCPPB 1334	Xanthomonas euvesicatoria pv. ionidii (Padhya & Patel 1963) Harrison et al. 2023	1	SAMN19988970	primary_ncppb_pairs=1; strong_collection_pairs=0; conflicting_ncppb_numbers=0	Xanthomonas campestris pv. ionidii	same_genus_different_species	same_pathovar	GCF_019201465.1	SRR15305422	sequence_link_confirmed_dual_taxonomy_label_required	conditional_release_for_genus_tree_qc_ani_only	genus_overview_tree; QC; ANI_or_GTDB_species_check	species_stratified_core_genome_or_comparative_analysis_without_ANI	NCPPB current name plus NCBI submitted name; add taxonomy_dual_label	calculate ANI/GTDB against suitable references; use NCPPB name as primary label and retain NCBI name as submitted/historical label	The NCPPB identity is exact and pathovar is unchanged; a same-genus species-name difference is compatible with a historical name or later taxonomic revision, but needs ANI before species-level analysis.	https://www.ncbi.nlm.nih.gov/biosample/SAMN19988970	https://www.ncbi.nlm.nih.gov/assembly/GCF_019201465.1	https://www.ncbi.nlm.nih.gov/Taxonomy/Browser/wwwtax.cgi?id=487870&mode=Info	https://wrap.warwick.ac.uk/id/eprint/172838/	after supervisor approval: approve_for_downstream; preserve use restrictions from this table
pathovar_orthographic_variant	P3	NCPPB 1337	Xanthomonas axonopodis pv. nakataecorchorii (Padhya & Patel 1963) Vauterin et al. 1995	2	SAMN56511361; SAMN42278572	primary_ncppb_pairs=2; strong_collection_pairs=0; conflicting_ncppb_numbers=0	Xanthomonas axonopodis pv. nakataecorchori	same_name	pathovar_mismatch	GCF_041448975.1	SRR29692754; SRR37629064; SRR37789881	sequence_link_confirmed_orthography_annotation_pending	conditional_release_for_genus_tree_qc_ani_only	genus_overview_tree; QC; ANI_or_GTDB_species_check	pathovar_statistics_or_phenotype_claim_until_valid_name_checked	NCPPB current name plus NCBI submitted name; add orthography_review	verify original nomenclature and valid spelling; retain both NCPPB and NCBI labels	The exact NCPPB identity is present; the discrepancy is a pathovar spelling/orthography form and does not by itself refute sequence linkage.	https://www.ncbi.nlm.nih.gov/biosample/SAMN56511361; https://www.ncbi.nlm.nih.gov/biosample/SAMN42278572	https://www.ncbi.nlm.nih.gov/assembly/GCF_041448975.1	https://www.ncbi.nlm.nih.gov/Taxonomy/Browser/wwwtax.cgi?id=487835&mode=Info	NCBI BioSample/Taxonomy record; original pathovar nomenclature literature still required	after supervisor approval: approve_for_downstream; preserve use restrictions from this table
explicit_pathovar_conflict	P1	NCPPB 1495	Xanthomonas citri pv. fuscans (Schaad et al. 2007) Constantin et al. 2016 comb. nov.	1	SAMN03142808	primary_ncppb_pairs=1; strong_collection_pairs=0; conflicting_ncppb_numbers=0	Xanthomonas phaseoli pv. phaseoli	compatible_synonym	pathovar_mismatch	GCF_000786915.1	SRR2052458	sequence_link_confirmed_pathovar_label_restricted	conditional_release_for_genus_tree_qc_ani_only	genus_overview_tree; assembly_or_read_qc; ANI_or_GTDB_species_check	pathovar_grouping; host_or_pathogenicity_association; species_core_genome_without_ANI	NCPPB current name plus NCBI submitted name; add pathovar_label_restricted	check original culture/publication and host; calculate ANI/GTDB; require independent evidence before using any pathovar label	The NCPPB strain identity is exact, but the explicit pathovar labels differ. The genome can represent the collection strain, not an unverified pathovar assignment.	https://www.ncbi.nlm.nih.gov/biosample/SAMN03142808	https://www.ncbi.nlm.nih.gov/assembly/GCF_000786915.1	https://www.ncbi.nlm.nih.gov/Taxonomy/Browser/wwwtax.cgi?id=317013&mode=Info	https://gd.eppo.int/taxon/XANTFF/datasheet	after supervisor approval: approve_for_downstream; preserve use restrictions from this table
pathovar_orthographic_variant	P3	NCPPB 1594	Xanthomonas axonopodis pv. nakataecorchorii (Padhya & Patel 1963) Vauterin et al. 1995	1	SAMN56511363	primary_ncppb_pairs=1; strong_collection_pairs=0; conflicting_ncppb_numbers=0	Xanthomonas axonopodis pv. nakataecorchori	same_name	pathovar_mismatch	GCF_056612795.1	SRR37629062; SRR37789879	sequence_link_confirmed_orthography_annotation_pending	conditional_release_for_genus_tree_qc_ani_only	genus_overview_tree; QC; ANI_or_GTDB_species_check	pathovar_statistics_or_phenotype_claim_until_valid_name_checked	NCPPB current name plus NCBI submitted name; add orthography_review	verify original nomenclature and valid spelling; retain both NCPPB and NCBI labels	The exact NCPPB identity is present; the discrepancy is a pathovar spelling/orthography form and does not by itself refute sequence linkage.	https://www.ncbi.nlm.nih.gov/biosample/SAMN56511363	https://www.ncbi.nlm.nih.gov/assembly/GCF_056612795.1	https://www.ncbi.nlm.nih.gov/Taxonomy/Browser/wwwtax.cgi?id=487835&mode=Info	NCBI BioSample/Taxonomy record; original pathovar nomenclature literature still required	after supervisor approval: approve_for_downstream; preserve use restrictions from this table
same_pathovar_historical_or_updated_species_name	P3	NCPPB 1757	Xanthomonas euvesicatoria pv. blepharidis (Srinivasan & Patel 1956) Harrison et al. 2023	1	SAMN19988973	primary_ncppb_pairs=1; strong_collection_pairs=0; conflicting_ncppb_numbers=0	Xanthomonas campestris pv. blepharidis	same_genus_different_species	same_pathovar	GCF_019201485.1	SRR15305423	sequence_link_confirmed_dual_taxonomy_label_required	conditional_release_for_genus_tree_qc_ani_only	genus_overview_tree; QC; ANI_or_GTDB_species_check	species_stratified_core_genome_or_comparative_analysis_without_ANI	NCPPB current name plus NCBI submitted name; add taxonomy_dual_label	calculate ANI/GTDB against suitable references; use NCPPB name as primary label and retain NCBI name as submitted/historical label	The NCPPB identity is exact and pathovar is unchanged; a same-genus species-name difference is compatible with a historical name or later taxonomic revision, but needs ANI before species-level analysis.	https://www.ncbi.nlm.nih.gov/biosample/SAMN19988973	https://www.ncbi.nlm.nih.gov/assembly/GCF_019201485.1	https://www.ncbi.nlm.nih.gov/Taxonomy/Browser/wwwtax.cgi?id=487855&mode=Info	https://wrap.warwick.ac.uk/id/eprint/172838/	after supervisor approval: approve_for_downstream; preserve use restrictions from this table
same_pathovar_historical_or_updated_species_name	P3	NCPPB 1758	Xanthomonas euvesicatoria pv. coriandri (Srinivasan et al. 1961) Harrison et al. 2023	1	SAMN19988974	primary_ncppb_pairs=1; strong_collection_pairs=0; conflicting_ncppb_numbers=0	Xanthomonas campestris pv. coriandri	same_genus_different_species	same_pathovar	GCF_019201305.1	SRR15305430	sequence_link_confirmed_dual_taxonomy_label_required	conditional_release_for_genus_tree_qc_ani_only	genus_overview_tree; QC; ANI_or_GTDB_species_check	species_stratified_core_genome_or_comparative_analysis_without_ANI	NCPPB current name plus NCBI submitted name; add taxonomy_dual_label	calculate ANI/GTDB against suitable references; use NCPPB name as primary label and retain NCBI name as submitted/historical label	The NCPPB identity is exact and pathovar is unchanged; a same-genus species-name difference is compatible with a historical name or later taxonomic revision, but needs ANI before species-level analysis.	https://www.ncbi.nlm.nih.gov/biosample/SAMN19988974	https://www.ncbi.nlm.nih.gov/assembly/GCF_019201305.1	https://www.ncbi.nlm.nih.gov/Taxonomy/Browser/wwwtax.cgi?id=279089&mode=Info	https://wrap.warwick.ac.uk/id/eprint/172838/	after supervisor approval: approve_for_downstream; preserve use restrictions from this table
species_or_pathovar_unresolved	P2	NCPPB 1759	Xanthomonas campestris pv. bilvae Chakravarti et al. 1984	2	SAMN49561544; SAMEA114332028	primary_ncppb_pairs=2; strong_collection_pairs=0; conflicting_ncppb_numbers=0	Xanthomonas citri pv. bilvae; Xanthomonas citri	same_genus_different_species	same_pathovar; observed_pathovar_unresolved	GCF_963669615.1; GCF_052883265.1	ERR12095367	sequence_link_confirmed_species_assignment_pending	conditional_release_for_genus_tree_qc_ani_only	genus_overview_tree; QC; ANI_or_GTDB_species_check	species_core_genome; pathovar_grouping; metadata_association_by_species_or_pathogenicity	NCPPB current name plus NCBI submitted name; add species_assignment_under_review	prioritize ANI/GTDB, original publication and host review; label tree tip species_assignment_under_review	The NCPPB identity is exact, but NCBI gives Xanthomonas sp., a different species, or no pathovar. The genome may be used, but taxonomy metadata cannot be used as an analysis grouping yet.	https://www.ncbi.nlm.nih.gov/biosample/SAMN49561544; https://www.ncbi.nlm.nih.gov/biosample/SAMEA114332028	https://www.ncbi.nlm.nih.gov/assembly/GCF_963669615.1	https://www.ncbi.nlm.nih.gov/Taxonomy/Browser/wwwtax.cgi?id=487854&mode=Info	NCBI BioSample/Taxonomy record; ANI/GTDB and literature review required	after supervisor approval: approve_for_downstream; preserve use restrictions from this table
same_pathovar_historical_or_updated_species_name	P3	NCPPB 1760	Xanthomonas euvesicatoria pv. spermacoces (Srinivasan & Patel 1956) Harrison et al. 2023	1	SAMN19988975	primary_ncppb_pairs=1; strong_collection_pairs=0; conflicting_ncppb_numbers=0	Xanthomonas campestris pv. spermacoces	same_genus_different_species	same_pathovar	GCF_019201445.1	SRR15305421	sequence_link_confirmed_dual_taxonomy_label_required	conditional_release_for_genus_tree_qc_ani_only	genus_overview_tree; QC; ANI_or_GTDB_species_check	species_stratified_core_genome_or_comparative_analysis_without_ANI	NCPPB current name plus NCBI submitted name; add taxonomy_dual_label	calculate ANI/GTDB against suitable references; use NCPPB name as primary label and retain NCBI name as submitted/historical label	The NCPPB identity is exact and pathovar is unchanged; a same-genus species-name difference is compatible with a historical name or later taxonomic revision, but needs ANI before species-level analysis.	https://www.ncbi.nlm.nih.gov/biosample/SAMN19988975	https://www.ncbi.nlm.nih.gov/assembly/GCF_019201445.1	https://www.ncbi.nlm.nih.gov/Taxonomy/Browser/wwwtax.cgi?id=487890&mode=Info	https://wrap.warwick.ac.uk/id/eprint/172838/	after supervisor approval: approve_for_downstream; preserve use restrictions from this table
pathovar_orthographic_variant	P3	NCPPB 1787	Xanthomonas euvesicatoria pv. vernoniae (Patel et al. 1968) Harrison et al. 2023	1	SAMN19988976	primary_ncppb_pairs=1; strong_collection_pairs=0; conflicting_ncppb_numbers=0	Xanthomonas campestris pv. veroniae	same_genus_different_species	pathovar_mismatch	GCF_019201345.1	SRR15305432	sequence_link_confirmed_orthography_annotation_pending	conditional_release_for_genus_tree_qc_ani_only	genus_overview_tree; QC; ANI_or_GTDB_species_check	pathovar_statistics_or_phenotype_claim_until_valid_name_checked	NCPPB current name plus NCBI submitted name; add orthography_review	verify original nomenclature and valid spelling; retain both NCPPB and NCBI labels	The exact NCPPB identity is present; the discrepancy is a pathovar spelling/orthography form and does not by itself refute sequence linkage.	https://www.ncbi.nlm.nih.gov/biosample/SAMN19988976	https://www.ncbi.nlm.nih.gov/assembly/GCF_019201345.1	https://www.ncbi.nlm.nih.gov/Taxonomy/Browser/wwwtax.cgi?id=487897&mode=Info	NCBI BioSample/Taxonomy record; original pathovar nomenclature literature still required	after supervisor approval: approve_for_downstream; preserve use restrictions from this table
same_pathovar_historical_or_updated_species_name	P3	NCPPB 1828	Xanthomonas euvesicatoria pv. euphorbiae (Sabet et al.1969) Harrison et al. 2023	1	SAMN19988977	primary_ncppb_pairs=1; strong_collection_pairs=0; conflicting_ncppb_numbers=0	Xanthomonas campestris pv. euphorbiae	same_genus_different_species	same_pathovar	GCF_019201425.1	SRR15305420	sequence_link_confirmed_dual_taxonomy_label_required	conditional_release_for_genus_tree_qc_ani_only	genus_overview_tree; QC; ANI_or_GTDB_species_check	species_stratified_core_genome_or_comparative_analysis_without_ANI	NCPPB current name plus NCBI submitted name; add taxonomy_dual_label	calculate ANI/GTDB against suitable references; use NCPPB name as primary label and retain NCBI name as submitted/historical label	The NCPPB identity is exact and pathovar is unchanged; a same-genus species-name difference is compatible with a historical name or later taxonomic revision, but needs ANI before species-level analysis.	https://www.ncbi.nlm.nih.gov/biosample/SAMN19988977	https://www.ncbi.nlm.nih.gov/assembly/GCF_019201425.1	https://www.ncbi.nlm.nih.gov/Taxonomy/Browser/wwwtax.cgi?id=487865&mode=Info	https://wrap.warwick.ac.uk/id/eprint/172838/	after supervisor approval: approve_for_downstream; preserve use restrictions from this table
same_pathovar_historical_or_updated_species_name	P3	NCPPB 1932	Xanthomonas campestris pv. guizotiae (Yirgou 1964) Dye 1978	1	SAMN56511365	primary_ncppb_pairs=1; strong_collection_pairs=0; conflicting_ncppb_numbers=0	Xanthomonas arboricola pv. guizotiae	same_genus_different_species	same_pathovar		SRR37629060; SRR37789877	sequence_link_confirmed_dual_taxonomy_label_required	conditional_release_for_genus_tree_qc_ani_only	genus_overview_tree; QC; ANI_or_GTDB_species_check	species_stratified_core_genome_or_comparative_analysis_without_ANI	NCPPB current name plus NCBI submitted name; add taxonomy_dual_label	calculate ANI/GTDB against suitable references; use NCPPB name as primary label and retain NCBI name as submitted/historical label	The NCPPB identity is exact and pathovar is unchanged; a same-genus species-name difference is compatible with a historical name or later taxonomic revision, but needs ANI before species-level analysis.	https://www.ncbi.nlm.nih.gov/biosample/SAMN56511365	https://www.ncbi.nlm.nih.gov/sra/SRR37629060	https://www.ncbi.nlm.nih.gov/Taxonomy/Browser/wwwtax.cgi?id=487867&mode=Info	https://wrap.warwick.ac.uk/id/eprint/172838/	after supervisor approval: approve_for_downstream; preserve use restrictions from this table
same_pathovar_historical_or_updated_species_name	P3	NCPPB 1933	Xanthomonas campestris pv. guizotiae (Yirgou 1964) Dye 1978	1	SAMN56511366	primary_ncppb_pairs=1; strong_collection_pairs=0; conflicting_ncppb_numbers=0	Xanthomonas arboricola pv. guizotiae	same_genus_different_species	same_pathovar		SRR37629093; SRR37789910	sequence_link_confirmed_dual_taxonomy_label_required	conditional_release_for_genus_tree_qc_ani_only	genus_overview_tree; QC; ANI_or_GTDB_species_check	species_stratified_core_genome_or_comparative_analysis_without_ANI	NCPPB current name plus NCBI submitted name; add taxonomy_dual_label	calculate ANI/GTDB against suitable references; use NCPPB name as primary label and retain NCBI name as submitted/historical label	The NCPPB identity is exact and pathovar is unchanged; a same-genus species-name difference is compatible with a historical name or later taxonomic revision, but needs ANI before species-level analysis.	https://www.ncbi.nlm.nih.gov/biosample/SAMN56511366	https://www.ncbi.nlm.nih.gov/sra/SRR37629093	https://www.ncbi.nlm.nih.gov/Taxonomy/Browser/wwwtax.cgi?id=487867&mode=Info	https://wrap.warwick.ac.uk/id/eprint/172838/	after supervisor approval: approve_for_downstream; preserve use restrictions from this table
same_pathovar_historical_or_updated_species_name	P3	NCPPB 2057	Xanthomonas euvesicatoria pv. heliotropii (Sabet et al.1969) Harrison et al. 2023	1	SAMN19988978	primary_ncppb_pairs=1; strong_collection_pairs=0; conflicting_ncppb_numbers=0	Xanthomonas campestris pv. heliotropii	same_genus_different_species	same_pathovar	GCF_019201405.1	SRR15305419	sequence_link_confirmed_dual_taxonomy_label_required	conditional_release_for_genus_tree_qc_ani_only	genus_overview_tree; QC; ANI_or_GTDB_species_check	species_stratified_core_genome_or_comparative_analysis_without_ANI	NCPPB current name plus NCBI submitted name; add taxonomy_dual_label	calculate ANI/GTDB against suitable references; use NCPPB name as primary label and retain NCBI name as submitted/historical label	The NCPPB identity is exact and pathovar is unchanged; a same-genus species-name difference is compatible with a historical name or later taxonomic revision, but needs ANI before species-level analysis.	https://www.ncbi.nlm.nih.gov/biosample/SAMN19988978	https://www.ncbi.nlm.nih.gov/assembly/GCF_019201405.1	https://www.ncbi.nlm.nih.gov/Taxonomy/Browser/wwwtax.cgi?id=487869&mode=Info	https://wrap.warwick.ac.uk/id/eprint/172838/	after supervisor approval: approve_for_downstream; preserve use restrictions from this table
same_pathovar_historical_or_updated_species_name	P3	NCPPB 2346	Xanthomonas phaseoli pv. passiflorae (Pereira 1969) Harrison et al. 2023	1	SAMN19988995	primary_ncppb_pairs=1; strong_collection_pairs=0; conflicting_ncppb_numbers=0	Xanthomonas campestris pv. passiflorae	same_genus_different_species	same_pathovar	GCF_019201075.1	SRR15305435	sequence_link_confirmed_dual_taxonomy_label_required	conditional_release_for_genus_tree_qc_ani_only	genus_overview_tree; QC; ANI_or_GTDB_species_check	species_stratified_core_genome_or_comparative_analysis_without_ANI	NCPPB current name plus NCBI submitted name; add taxonomy_dual_label	calculate ANI/GTDB against suitable references; use NCPPB name as primary label and retain NCBI name as submitted/historical label	The NCPPB identity is exact and pathovar is unchanged; a same-genus species-name difference is compatible with a historical name or later taxonomic revision, but needs ANI before species-level analysis.	https://www.ncbi.nlm.nih.gov/biosample/SAMN19988995	https://www.ncbi.nlm.nih.gov/assembly/GCF_019201075.1	https://www.ncbi.nlm.nih.gov/Taxonomy/Browser/wwwtax.cgi?id=487883&mode=Info	https://wrap.warwick.ac.uk/id/eprint/172838/	after supervisor approval: approve_for_downstream; preserve use restrictions from this table
same_pathovar_historical_or_updated_species_name	P3	NCPPB 2372	Xanthomonas euvesicatoria pv. fici (Cavara 1905) Harrison et al. 2023	2	SAMN42175581; SAMN19988979	primary_ncppb_pairs=2; strong_collection_pairs=0; conflicting_ncppb_numbers=0	Xanthomonas campestris pv. fici	same_genus_different_species	same_pathovar	GCF_019201375.1; GCF_041463625.1	SRR15305418; SRR29651791; SRR30037665	sequence_link_confirmed_dual_taxonomy_label_required	conditional_release_for_genus_tree_qc_ani_only	genus_overview_tree; QC; ANI_or_GTDB_species_check	species_stratified_core_genome_or_comparative_analysis_without_ANI	NCPPB current name plus NCBI submitted name; add taxonomy_dual_label	calculate ANI/GTDB against suitable references; use NCPPB name as primary label and retain NCBI name as submitted/historical label	The NCPPB identity is exact and pathovar is unchanged; a same-genus species-name difference is compatible with a historical name or later taxonomic revision, but needs ANI before species-level analysis.	https://www.ncbi.nlm.nih.gov/biosample/SAMN42175581; https://www.ncbi.nlm.nih.gov/biosample/SAMN19988979	https://www.ncbi.nlm.nih.gov/assembly/GCF_019201375.1	https://www.ncbi.nlm.nih.gov/Taxonomy/Browser/wwwtax.cgi?id=487866&mode=Info	https://wrap.warwick.ac.uk/id/eprint/172838/	after supervisor approval: approve_for_downstream; preserve use restrictions from this table
same_pathovar_historical_or_updated_species_name	P3	NCPPB 2373	Xanthomonas euvesicatoria pv. carissae (Moniz et al. 1964) Harrison et al. 2023	1	SAMN19988980	primary_ncppb_pairs=1; strong_collection_pairs=0; conflicting_ncppb_numbers=0	Xanthomonas campestris pv. carissae	same_genus_different_species	same_pathovar	GCF_019201365.1	SRR15305433	sequence_link_confirmed_dual_taxonomy_label_required	conditional_release_for_genus_tree_qc_ani_only	genus_overview_tree; QC; ANI_or_GTDB_species_check	species_stratified_core_genome_or_comparative_analysis_without_ANI	NCPPB current name plus NCBI submitted name; add taxonomy_dual_label	calculate ANI/GTDB against suitable references; use NCPPB name as primary label and retain NCBI name as submitted/historical label	The NCPPB identity is exact and pathovar is unchanged; a same-genus species-name difference is compatible with a historical name or later taxonomic revision, but needs ANI before species-level analysis.	https://www.ncbi.nlm.nih.gov/biosample/SAMN19988980	https://www.ncbi.nlm.nih.gov/assembly/GCF_019201365.1	https://www.ncbi.nlm.nih.gov/Taxonomy/Browser/wwwtax.cgi?id=487857&mode=Info	https://wrap.warwick.ac.uk/id/eprint/172838/	after supervisor approval: approve_for_downstream; preserve use restrictions from this table
same_pathovar_historical_or_updated_species_name	P3	NCPPB 2475	Xanthomonas campestris pv. viticola (Nayudu 1972) Dye 1978	2	SAMN26688428; SAMEA3139044	primary_ncppb_pairs=0; strong_collection_pairs=2; conflicting_ncppb_numbers=0	Xanthomonas citri pv. viticola	same_genus_different_species	same_pathovar	GCF_000723725.2; GCF_053538855.1		sequence_link_confirmed_dual_taxonomy_label_required	conditional_release_for_genus_tree_qc_ani_only	genus_overview_tree; QC; ANI_or_GTDB_species_check	species_stratified_core_genome_or_comparative_analysis_without_ANI	NCPPB current name plus NCBI submitted name; add taxonomy_dual_label	calculate ANI/GTDB against suitable references; use NCPPB name as primary label and retain NCBI name as submitted/historical label	The NCPPB identity is exact and pathovar is unchanged; a same-genus species-name difference is compatible with a historical name or later taxonomic revision, but needs ANI before species-level analysis.	https://www.ncbi.nlm.nih.gov/biosample/SAMN26688428; https://www.ncbi.nlm.nih.gov/biosample/SAMEA3139044	https://www.ncbi.nlm.nih.gov/assembly/GCF_000723725.2	https://www.ncbi.nlm.nih.gov/Taxonomy/Browser/wwwtax.cgi?id=487899&mode=Info	https://wrap.warwick.ac.uk/id/eprint/172838/	after supervisor approval: approve_for_downstream; preserve use restrictions from this table
same_pathovar_historical_or_updated_species_name	P3	NCPPB 2498	Xanthomonas euvesicatoria pv. convolvuli (Nagarkoti et al.1973) Harrison et al. 2023	1	SAMN19988981	primary_ncppb_pairs=1; strong_collection_pairs=0; conflicting_ncppb_numbers=0	Xanthomonas campestris pv. convolvuli	same_genus_different_species	same_pathovar	GCF_019201245.1	SRR15305411	sequence_link_confirmed_dual_taxonomy_label_required	conditional_release_for_genus_tree_qc_ani_only	genus_overview_tree; QC; ANI_or_GTDB_species_check	species_stratified_core_genome_or_comparative_analysis_without_ANI	NCPPB current name plus NCBI submitted name; add taxonomy_dual_label	calculate ANI/GTDB against suitable references; use NCPPB name as primary label and retain NCBI name as submitted/historical label	The NCPPB identity is exact and pathovar is unchanged; a same-genus species-name difference is compatible with a historical name or later taxonomic revision, but needs ANI before species-level analysis.	https://www.ncbi.nlm.nih.gov/biosample/SAMN19988981	https://www.ncbi.nlm.nih.gov/assembly/GCF_019201245.1	https://www.ncbi.nlm.nih.gov/Taxonomy/Browser/wwwtax.cgi?id=487860&mode=Info	https://wrap.warwick.ac.uk/id/eprint/172838/	after supervisor approval: approve_for_downstream; preserve use restrictions from this table
same_pathovar_historical_or_updated_species_name	P3	NCPPB 2877	Xanthomonas campestris pv. cannabis Severin 1978	1	SAMN03164131	primary_ncppb_pairs=1; strong_collection_pairs=0; conflicting_ncppb_numbers=0	Xanthomonas cannabis pv. cannabis	same_genus_different_species	same_pathovar	GCF_000802365.1	SRR4718189	sequence_link_confirmed_dual_taxonomy_label_required	conditional_release_for_genus_tree_qc_ani_only	genus_overview_tree; QC; ANI_or_GTDB_species_check	species_stratified_core_genome_or_comparative_analysis_without_ANI	NCPPB current name plus NCBI submitted name; add taxonomy_dual_label	calculate ANI/GTDB against suitable references; use NCPPB name as primary label and retain NCBI name as submitted/historical label	The NCPPB identity is exact and pathovar is unchanged; a same-genus species-name difference is compatible with a historical name or later taxonomic revision, but needs ANI before species-level analysis.	https://www.ncbi.nlm.nih.gov/biosample/SAMN03164131	https://www.ncbi.nlm.nih.gov/assembly/GCF_000802365.1	https://www.ncbi.nlm.nih.gov/Taxonomy/Browser/wwwtax.cgi?id=1885894&mode=Info	https://wrap.warwick.ac.uk/id/eprint/172838/	after supervisor approval: approve_for_downstream; preserve use restrictions from this table
cross_genus_conflict	P1	NCPPB 2930	Xanthomonas vasicola pv. holcicola (Elliott 1930) Vauterin et al. 1995	1	SAMN41764005	primary_ncppb_pairs=1; strong_collection_pairs=0; conflicting_ncppb_numbers=0	Sphingomonas sp. NCPPB 2930	different_lineage	observed_pathovar_unresolved	GCF_042867205.1	SRR29357488	identity_link_confirmed_but_cross_genus_exclusion	exclude_from_xanthomonas_main_dataset	retain_only_as_ncppb_ncbi_association_evidence; independent_reidentification	xanthomonas_genus_tree; species_tree; ANI_reference_set; pathovar_analysis; pathogenicity_analysis	do_not_place_on_xanthomonas_tree	check original collection and sequencing provenance; independently re-identify or re-isolate before any inclusion	NCPPB identifier is exact in the structured BioSample field, but the NCBI organism is Sphingomonas; do not mix a cross-genus record into the Xanthomonas analysis.	https://www.ncbi.nlm.nih.gov/biosample/SAMN41764005	https://www.ncbi.nlm.nih.gov/assembly/GCF_042867205.1	https://www.ncbi.nlm.nih.gov/Taxonomy/Browser/wwwtax.cgi?id=3162788&mode=Info	NCBI BioSample and Taxonomy record; independent re-identification required	keep_pending; do_not_apply_approve_for_downstream
same_pathovar_historical_or_updated_species_name	P3	NCPPB 2932	Xanthomonas euvesicatoria pv. daturae (Jain, Dange & Siradhana 1975) Harrison et al. 2023	1	SAMN19988982	primary_ncppb_pairs=1; strong_collection_pairs=0; conflicting_ncppb_numbers=0	Xanthomonas campestris pv. daturae	same_genus_different_species	same_pathovar	GCF_019201325.1	SRR15305431	sequence_link_confirmed_dual_taxonomy_label_required	conditional_release_for_genus_tree_qc_ani_only	genus_overview_tree; QC; ANI_or_GTDB_species_check	species_stratified_core_genome_or_comparative_analysis_without_ANI	NCPPB current name plus NCBI submitted name; add taxonomy_dual_label	calculate ANI/GTDB against suitable references; use NCPPB name as primary label and retain NCBI name as submitted/historical label	The NCPPB identity is exact and pathovar is unchanged; a same-genus species-name difference is compatible with a historical name or later taxonomic revision, but needs ANI before species-level analysis.	https://www.ncbi.nlm.nih.gov/biosample/SAMN19988982	https://www.ncbi.nlm.nih.gov/assembly/GCF_019201325.1	https://www.ncbi.nlm.nih.gov/Taxonomy/Browser/wwwtax.cgi?id=487861&mode=Info	https://wrap.warwick.ac.uk/id/eprint/172838/	after supervisor approval: approve_for_downstream; preserve use restrictions from this table
species_or_pathovar_unresolved	P2	NCPPB 3005	Xanthomonas marantae Zagatto & Pereira 1963	1	SAMN41997674	primary_ncppb_pairs=1; strong_collection_pairs=0; conflicting_ncppb_numbers=0	Xanthomonas sp. NCPPB 3005	same_genus_different_species	not_applicable_no_expected_pathovar	GCF_041228095.2	SRR29501315; SRR30016870	sequence_link_confirmed_species_assignment_pending	conditional_release_for_genus_tree_qc_ani_only	genus_overview_tree; QC; ANI_or_GTDB_species_check	species_core_genome; pathovar_grouping; metadata_association_by_species_or_pathogenicity	NCPPB current name plus NCBI submitted name; add species_assignment_under_review	prioritize ANI/GTDB, original publication and host review; label tree tip species_assignment_under_review	The NCPPB identity is exact, but NCBI gives Xanthomonas sp., a different species, or no pathovar. The genome may be used, but taxonomy metadata cannot be used as an analysis grouping yet.	https://www.ncbi.nlm.nih.gov/biosample/SAMN41997674	https://www.ncbi.nlm.nih.gov/assembly/GCF_041228095.2	https://www.ncbi.nlm.nih.gov/Taxonomy/Browser/wwwtax.cgi?id=3240913&mode=Info	NCBI BioSample/Taxonomy record; ANI/GTDB and literature review required	after supervisor approval: approve_for_downstream; preserve use restrictions from this table
same_pathovar_historical_or_updated_species_name	P3	NCPPB 3079	Xanthomonas euvesicatoria pv. paulliniae (Robbs, Medieros & Kimura 1982) Harrison et al. 2023	1	SAMN19988983	primary_ncppb_pairs=1; strong_collection_pairs=0; conflicting_ncppb_numbers=0	Xanthomonas campestris pv. paulliniae	same_genus_different_species	same_pathovar	GCF_019201285.1	SRR15305429	sequence_link_confirmed_dual_taxonomy_label_required	conditional_release_for_genus_tree_qc_ani_only	genus_overview_tree; QC; ANI_or_GTDB_species_check	species_stratified_core_genome_or_comparative_analysis_without_ANI	NCPPB current name plus NCBI submitted name; add taxonomy_dual_label	calculate ANI/GTDB against suitable references; use NCPPB name as primary label and retain NCBI name as submitted/historical label	The NCPPB identity is exact and pathovar is unchanged; a same-genus species-name difference is compatible with a historical name or later taxonomic revision, but needs ANI before species-level analysis.	https://www.ncbi.nlm.nih.gov/biosample/SAMN19988983	https://www.ncbi.nlm.nih.gov/assembly/GCF_019201285.1	https://www.ncbi.nlm.nih.gov/Taxonomy/Browser/wwwtax.cgi?id=487884&mode=Info	https://wrap.warwick.ac.uk/id/eprint/172838/	after supervisor approval: approve_for_downstream; preserve use restrictions from this table
same_pathovar_historical_or_updated_species_name	P3	NCPPB 3114	Xanthomonas citri pv. merremiae (Pant & Kulkarni 1976) Harrison et al. 2023	1	SAMN19988993	primary_ncppb_pairs=1; strong_collection_pairs=0; conflicting_ncppb_numbers=0	Xanthomonas campestris pv. merremiae	same_genus_different_species	same_pathovar	GCA_019201545.1	SRR15305415	sequence_link_confirmed_dual_taxonomy_label_required	conditional_release_for_genus_tree_qc_ani_only	genus_overview_tree; QC; ANI_or_GTDB_species_check	species_stratified_core_genome_or_comparative_analysis_without_ANI	NCPPB current name plus NCBI submitted name; add taxonomy_dual_label	calculate ANI/GTDB against suitable references; use NCPPB name as primary label and retain NCBI name as submitted/historical label	The NCPPB identity is exact and pathovar is unchanged; a same-genus species-name difference is compatible with a historical name or later taxonomic revision, but needs ANI before species-level analysis.	https://www.ncbi.nlm.nih.gov/biosample/SAMN19988993	https://www.ncbi.nlm.nih.gov/assembly/GCA_019201545.1	https://www.ncbi.nlm.nih.gov/Taxonomy/Browser/wwwtax.cgi?id=487877&mode=Info	https://wrap.warwick.ac.uk/id/eprint/172838/	after supervisor approval: approve_for_downstream; preserve use restrictions from this table
species_or_pathovar_unresolved	P2	NCPPB 3162	Xanthomonas vasicola pv. holcicola (Elliott 1930) Vauterin et al. 1995	1	SAMN22555461	primary_ncppb_pairs=1; strong_collection_pairs=0; conflicting_ncppb_numbers=0	Xanthomonas citri	same_genus_different_species	observed_pathovar_unresolved	GCF_020783685.1	SRR22272560	sequence_link_confirmed_species_assignment_pending	conditional_release_for_genus_tree_qc_ani_only	genus_overview_tree; QC; ANI_or_GTDB_species_check	species_core_genome; pathovar_grouping; metadata_association_by_species_or_pathogenicity	NCPPB current name plus NCBI submitted name; add species_assignment_under_review	prioritize ANI/GTDB, original publication and host review; label tree tip species_assignment_under_review	The NCPPB identity is exact, but NCBI gives Xanthomonas sp., a different species, or no pathovar. The genome may be used, but taxonomy metadata cannot be used as an analysis grouping yet.	https://www.ncbi.nlm.nih.gov/biosample/SAMN22555461	https://www.ncbi.nlm.nih.gov/assembly/GCF_020783685.1	https://www.ncbi.nlm.nih.gov/Taxonomy/Browser/wwwtax.cgi?id=346&mode=Info	NCBI BioSample/Taxonomy record; ANI/GTDB and literature review required	after supervisor approval: approve_for_downstream; preserve use restrictions from this table
species_or_pathovar_unresolved	P2	NCPPB 3213	Xanthomonas campestris pv. bilvae Chakravarti et al. 1984	3	SAMN49561543; SAMEA3121378; SAMEA114332029	primary_ncppb_pairs=3; strong_collection_pairs=0; conflicting_ncppb_numbers=0	Xanthomonas citri pv. bilvae; Xanthomonas citri	same_genus_different_species	same_pathovar; observed_pathovar_unresolved	GCF_963669635.1; GCF_001497855.1; GCF_052883735.1	ERR12095368	sequence_link_confirmed_species_assignment_pending	conditional_release_for_genus_tree_qc_ani_only	genus_overview_tree; QC; ANI_or_GTDB_species_check	species_core_genome; pathovar_grouping; metadata_association_by_species_or_pathogenicity	NCPPB current name plus NCBI submitted name; add species_assignment_under_review	prioritize ANI/GTDB, original publication and host review; label tree tip species_assignment_under_review	The NCPPB identity is exact, but NCBI gives Xanthomonas sp., a different species, or no pathovar. The genome may be used, but taxonomy metadata cannot be used as an analysis grouping yet.	https://www.ncbi.nlm.nih.gov/biosample/SAMN49561543; https://www.ncbi.nlm.nih.gov/biosample/SAMEA3121378; https://www.ncbi.nlm.nih.gov/biosample/SAMEA114332029	https://www.ncbi.nlm.nih.gov/assembly/GCF_963669635.1	https://www.ncbi.nlm.nih.gov/Taxonomy/Browser/wwwtax.cgi?id=487854&mode=Info	NCBI BioSample/Taxonomy record; ANI/GTDB and literature review required	after supervisor approval: approve_for_downstream; preserve use restrictions from this table
species_or_pathovar_unresolved	P2	NCPPB 3440	Xanthomonas hortorum pv. carotae (Kendrick 1934) Vauterin et al. 1995	1	SAMN40354570	primary_ncppb_pairs=1; strong_collection_pairs=0; conflicting_ncppb_numbers=0	Xanthomonas sp. WHRI 8393	same_genus_different_species	observed_pathovar_unresolved	GCF_040203315.1	SRR28281419; SRR30293563	sequence_link_confirmed_species_assignment_pending	conditional_release_for_genus_tree_qc_ani_only	genus_overview_tree; QC; ANI_or_GTDB_species_check	species_core_genome; pathovar_grouping; metadata_association_by_species_or_pathogenicity	NCPPB current name plus NCBI submitted name; add species_assignment_under_review	prioritize ANI/GTDB, original publication and host review; label tree tip species_assignment_under_review	The NCPPB identity is exact, but NCBI gives Xanthomonas sp., a different species, or no pathovar. The genome may be used, but taxonomy metadata cannot be used as an analysis grouping yet.	https://www.ncbi.nlm.nih.gov/biosample/SAMN40354570	https://www.ncbi.nlm.nih.gov/assembly/GCF_040203315.1	https://www.ncbi.nlm.nih.gov/Taxonomy/Browser/wwwtax.cgi?id=3161574&mode=Info	NCBI BioSample/Taxonomy record; ANI/GTDB and literature review required	after supervisor approval: approve_for_downstream; preserve use restrictions from this table
same_pathovar_historical_or_updated_species_name	P3	NCPPB 3753	Xanthomonas campestris pv. cannabis Severin 1978	1	SAMN03164132	primary_ncppb_pairs=1; strong_collection_pairs=0; conflicting_ncppb_numbers=0	Xanthomonas cannabis pv. cannabis	same_genus_different_species	same_pathovar	GCF_000802405.1	SRR4718190	sequence_link_confirmed_dual_taxonomy_label_required	conditional_release_for_genus_tree_qc_ani_only	genus_overview_tree; QC; ANI_or_GTDB_species_check	species_stratified_core_genome_or_comparative_analysis_without_ANI	NCPPB current name plus NCBI submitted name; add taxonomy_dual_label	calculate ANI/GTDB against suitable references; use NCPPB name as primary label and retain NCBI name as submitted/historical label	The NCPPB identity is exact and pathovar is unchanged; a same-genus species-name difference is compatible with a historical name or later taxonomic revision, but needs ANI before species-level analysis.	https://www.ncbi.nlm.nih.gov/biosample/SAMN03164132	https://www.ncbi.nlm.nih.gov/assembly/GCF_000802405.1	https://www.ncbi.nlm.nih.gov/Taxonomy/Browser/wwwtax.cgi?id=1885894&mode=Info	https://wrap.warwick.ac.uk/id/eprint/172838/	after supervisor approval: approve_for_downstream; preserve use restrictions from this table
same_pathovar_historical_or_updated_species_name	P3	NCPPB 3759	Xanthomonas euvesicatoria pv. obscurae (Chand & Singh 1994) Harrison et al. 2023	1	SAMN19988984	primary_ncppb_pairs=1; strong_collection_pairs=0; conflicting_ncppb_numbers=0	Xanthomonas campestris pv. obscurae	same_genus_different_species	same_pathovar	GCF_019201105.1	SRR15305426	sequence_link_confirmed_dual_taxonomy_label_required	conditional_release_for_genus_tree_qc_ani_only	genus_overview_tree; QC; ANI_or_GTDB_species_check	species_stratified_core_genome_or_comparative_analysis_without_ANI	NCPPB current name plus NCBI submitted name; add taxonomy_dual_label	calculate ANI/GTDB against suitable references; use NCPPB name as primary label and retain NCBI name as submitted/historical label	The NCPPB identity is exact and pathovar is unchanged; a same-genus species-name difference is compatible with a historical name or later taxonomic revision, but needs ANI before species-level analysis.	https://www.ncbi.nlm.nih.gov/biosample/SAMN19988984	https://www.ncbi.nlm.nih.gov/assembly/GCF_019201105.1	https://www.ncbi.nlm.nih.gov/Taxonomy/Browser/wwwtax.cgi?id=2854747&mode=Info	https://wrap.warwick.ac.uk/id/eprint/172838/	after supervisor approval: approve_for_downstream; preserve use restrictions from this table
same_pathovar_historical_or_updated_species_name	P3	NCPPB 3795	Xanthomonas euvesicatoria pv. fici (Cavara 1905) Harrison et al. 2023	1	SAMN42175582	primary_ncppb_pairs=1; strong_collection_pairs=0; conflicting_ncppb_numbers=0	Xanthomonas campestris pv. fici	same_genus_different_species	same_pathovar	GCF_041463615.1	SRR29651790; SRR30037664	sequence_link_confirmed_dual_taxonomy_label_required	conditional_release_for_genus_tree_qc_ani_only	genus_overview_tree; QC; ANI_or_GTDB_species_check	species_stratified_core_genome_or_comparative_analysis_without_ANI	NCPPB current name plus NCBI submitted name; add taxonomy_dual_label	calculate ANI/GTDB against suitable references; use NCPPB name as primary label and retain NCBI name as submitted/historical label	The NCPPB identity is exact and pathovar is unchanged; a same-genus species-name difference is compatible with a historical name or later taxonomic revision, but needs ANI before species-level analysis.	https://www.ncbi.nlm.nih.gov/biosample/SAMN42175582	https://www.ncbi.nlm.nih.gov/assembly/GCF_041463615.1	https://www.ncbi.nlm.nih.gov/Taxonomy/Browser/wwwtax.cgi?id=487866&mode=Info	https://wrap.warwick.ac.uk/id/eprint/172838/	after supervisor approval: approve_for_downstream; preserve use restrictions from this table
same_pathovar_historical_or_updated_species_name	P3	NCPPB 3796	Xanthomonas euvesicatoria pv. fici (Cavara 1905) Harrison et al. 2023	1	SAMN42175583	primary_ncppb_pairs=1; strong_collection_pairs=0; conflicting_ncppb_numbers=0	Xanthomonas campestris pv. fici	same_genus_different_species	same_pathovar	GCF_041463605.1	SRR29651789; SRR30037663	sequence_link_confirmed_dual_taxonomy_label_required	conditional_release_for_genus_tree_qc_ani_only	genus_overview_tree; QC; ANI_or_GTDB_species_check	species_stratified_core_genome_or_comparative_analysis_without_ANI	NCPPB current name plus NCBI submitted name; add taxonomy_dual_label	calculate ANI/GTDB against suitable references; use NCPPB name as primary label and retain NCBI name as submitted/historical label	The NCPPB identity is exact and pathovar is unchanged; a same-genus species-name difference is compatible with a historical name or later taxonomic revision, but needs ANI before species-level analysis.	https://www.ncbi.nlm.nih.gov/biosample/SAMN42175583	https://www.ncbi.nlm.nih.gov/assembly/GCF_041463605.1	https://www.ncbi.nlm.nih.gov/Taxonomy/Browser/wwwtax.cgi?id=487866&mode=Info	https://wrap.warwick.ac.uk/id/eprint/172838/	after supervisor approval: approve_for_downstream; preserve use restrictions from this table
same_pathovar_historical_or_updated_species_name	P3	NCPPB 3797	Xanthomonas euvesicatoria pv. fici (Cavara 1905) Harrison et al. 2023	1	SAMN42175584	primary_ncppb_pairs=1; strong_collection_pairs=0; conflicting_ncppb_numbers=0	Xanthomonas campestris pv. fici	same_genus_different_species	same_pathovar	GCF_041463635.1	SRR29651788; SRR30037662	sequence_link_confirmed_dual_taxonomy_label_required	conditional_release_for_genus_tree_qc_ani_only	genus_overview_tree; QC; ANI_or_GTDB_species_check	species_stratified_core_genome_or_comparative_analysis_without_ANI	NCPPB current name plus NCBI submitted name; add taxonomy_dual_label	calculate ANI/GTDB against suitable references; use NCPPB name as primary label and retain NCBI name as submitted/historical label	The NCPPB identity is exact and pathovar is unchanged; a same-genus species-name difference is compatible with a historical name or later taxonomic revision, but needs ANI before species-level analysis.	https://www.ncbi.nlm.nih.gov/biosample/SAMN42175584	https://www.ncbi.nlm.nih.gov/assembly/GCF_041463635.1	https://www.ncbi.nlm.nih.gov/Taxonomy/Browser/wwwtax.cgi?id=487866&mode=Info	https://wrap.warwick.ac.uk/id/eprint/172838/	after supervisor approval: approve_for_downstream; preserve use restrictions from this table
same_pathovar_historical_or_updated_species_name	P3	NCPPB 3886	Xanthomonas euvesicatoria pv. fici (Cavara 1905) Harrison et al. 2023	1	SAMN42175585	primary_ncppb_pairs=1; strong_collection_pairs=0; conflicting_ncppb_numbers=0	Xanthomonas campestris pv. fici	same_genus_different_species	same_pathovar	GCF_041463755.1	SRR29651787; SRR30037661	sequence_link_confirmed_dual_taxonomy_label_required	conditional_release_for_genus_tree_qc_ani_only	genus_overview_tree; QC; ANI_or_GTDB_species_check	species_stratified_core_genome_or_comparative_analysis_without_ANI	NCPPB current name plus NCBI submitted name; add taxonomy_dual_label	calculate ANI/GTDB against suitable references; use NCPPB name as primary label and retain NCBI name as submitted/historical label	The NCPPB identity is exact and pathovar is unchanged; a same-genus species-name difference is compatible with a historical name or later taxonomic revision, but needs ANI before species-level analysis.	https://www.ncbi.nlm.nih.gov/biosample/SAMN42175585	https://www.ncbi.nlm.nih.gov/assembly/GCF_041463755.1	https://www.ncbi.nlm.nih.gov/Taxonomy/Browser/wwwtax.cgi?id=487866&mode=Info	https://wrap.warwick.ac.uk/id/eprint/172838/	after supervisor approval: approve_for_downstream; preserve use restrictions from this table
same_pathovar_historical_or_updated_species_name	P3	NCPPB 3887	Xanthomonas euvesicatoria pv. fici (Cavara 1905) Harrison et al. 2023	1	SAMN42175586	primary_ncppb_pairs=1; strong_collection_pairs=0; conflicting_ncppb_numbers=0	Xanthomonas campestris pv. fici	same_genus_different_species	same_pathovar	GCF_041463645.1	SRR29651786; SRR30037660	sequence_link_confirmed_dual_taxonomy_label_required	conditional_release_for_genus_tree_qc_ani_only	genus_overview_tree; QC; ANI_or_GTDB_species_check	species_stratified_core_genome_or_comparative_analysis_without_ANI	NCPPB current name plus NCBI submitted name; add taxonomy_dual_label	calculate ANI/GTDB against suitable references; use NCPPB name as primary label and retain NCBI name as submitted/historical label	The NCPPB identity is exact and pathovar is unchanged; a same-genus species-name difference is compatible with a historical name or later taxonomic revision, but needs ANI before species-level analysis.	https://www.ncbi.nlm.nih.gov/biosample/SAMN42175586	https://www.ncbi.nlm.nih.gov/assembly/GCF_041463645.1	https://www.ncbi.nlm.nih.gov/Taxonomy/Browser/wwwtax.cgi?id=487866&mode=Info	https://wrap.warwick.ac.uk/id/eprint/172838/	after supervisor approval: approve_for_downstream; preserve use restrictions from this table
species_or_pathovar_unresolved	P2	NCPPB 4231	Xanthomonas sp. Dowson 1939	1	SAMN22552841	primary_ncppb_pairs=1; strong_collection_pairs=0; conflicting_ncppb_numbers=0	Xanthomonas campestris	same_genus_different_species	not_applicable_no_expected_pathovar	GCF_020812995.1	SRR29823162	sequence_link_confirmed_species_assignment_pending	conditional_release_for_genus_tree_qc_ani_only	genus_overview_tree; QC; ANI_or_GTDB_species_check	species_core_genome; pathovar_grouping; metadata_association_by_species_or_pathogenicity	NCPPB current name plus NCBI submitted name; add species_assignment_under_review	prioritize ANI/GTDB, original publication and host review; label tree tip species_assignment_under_review	The NCPPB identity is exact, but NCBI gives Xanthomonas sp., a different species, or no pathovar. The genome may be used, but taxonomy metadata cannot be used as an analysis grouping yet.	https://www.ncbi.nlm.nih.gov/biosample/SAMN22552841	https://www.ncbi.nlm.nih.gov/assembly/GCF_020812995.1	https://www.ncbi.nlm.nih.gov/Taxonomy/Browser/wwwtax.cgi?id=339&mode=Info	NCBI BioSample/Taxonomy record; ANI/GTDB and literature review required	after supervisor approval: approve_for_downstream; preserve use restrictions from this table
species_or_pathovar_unresolved	P2	NCPPB 4232	Xanthomonas sp. Dowson 1939	1	SAMN22552842	primary_ncppb_pairs=1; strong_collection_pairs=0; conflicting_ncppb_numbers=0	Xanthomonas campestris	same_genus_different_species	not_applicable_no_expected_pathovar	GCF_020813195.1	SRR29823161	sequence_link_confirmed_species_assignment_pending	conditional_release_for_genus_tree_qc_ani_only	genus_overview_tree; QC; ANI_or_GTDB_species_check	species_core_genome; pathovar_grouping; metadata_association_by_species_or_pathogenicity	NCPPB current name plus NCBI submitted name; add species_assignment_under_review	prioritize ANI/GTDB, original publication and host review; label tree tip species_assignment_under_review	The NCPPB identity is exact, but NCBI gives Xanthomonas sp., a different species, or no pathovar. The genome may be used, but taxonomy metadata cannot be used as an analysis grouping yet.	https://www.ncbi.nlm.nih.gov/biosample/SAMN22552842	https://www.ncbi.nlm.nih.gov/assembly/GCF_020813195.1	https://www.ncbi.nlm.nih.gov/Taxonomy/Browser/wwwtax.cgi?id=339&mode=Info	NCBI BioSample/Taxonomy record; ANI/GTDB and literature review required	after supervisor approval: approve_for_downstream; preserve use restrictions from this table
species_or_pathovar_unresolved	P2	NCPPB 4346	Xanthomonas campestris pv. leersiae (ex Fang et al. 1957) Young et al. 1991	2	SAMN10956069; SAMN03862116	primary_ncppb_pairs=2; strong_collection_pairs=0; conflicting_ncppb_numbers=0	Xanthomonas oryzae	same_genus_different_species	observed_pathovar_unresolved	GCF_001276975.2	SRR2133447; SRR8618953	sequence_link_confirmed_species_assignment_pending	conditional_release_for_genus_tree_qc_ani_only	genus_overview_tree; QC; ANI_or_GTDB_species_check	species_core_genome; pathovar_grouping; metadata_association_by_species_or_pathogenicity	NCPPB current name plus NCBI submitted name; add species_assignment_under_review	prioritize ANI/GTDB, original publication and host review; label tree tip species_assignment_under_review	The NCPPB identity is exact, but NCBI gives Xanthomonas sp., a different species, or no pathovar. The genome may be used, but taxonomy metadata cannot be used as an analysis grouping yet.	https://www.ncbi.nlm.nih.gov/biosample/SAMN10956069; https://www.ncbi.nlm.nih.gov/biosample/SAMN03862116	https://www.ncbi.nlm.nih.gov/assembly/GCF_001276975.2	https://www.ncbi.nlm.nih.gov/Taxonomy/Browser/wwwtax.cgi?id=347&mode=Info	NCBI BioSample/Taxonomy record; ANI/GTDB and literature review required	after supervisor approval: approve_for_downstream; preserve use restrictions from this table
explicit_pathovar_conflict	P1	NCPPB 4449	Xanthomonas cerealis pv. pistaciae Tambong et al. 2024	1	SAMN21172023	primary_ncppb_pairs=0; strong_collection_pairs=1; conflicting_ncppb_numbers=0	Xanthomonas cerealis pv. cerealis	same_name	pathovar_mismatch	GCF_021906995.1		sequence_link_confirmed_pathovar_label_restricted	conditional_release_for_genus_tree_qc_ani_only	genus_overview_tree; assembly_or_read_qc; ANI_or_GTDB_species_check	pathovar_grouping; host_or_pathogenicity_association; species_core_genome_without_ANI	NCPPB current name plus NCBI submitted name; add pathovar_label_restricted	check original culture/publication and host; calculate ANI/GTDB; require independent evidence before using any pathovar label	The NCPPB strain identity is exact, but the explicit pathovar labels differ. The genome can represent the collection strain, not an unverified pathovar assignment.	https://www.ncbi.nlm.nih.gov/biosample/SAMN21172023	https://www.ncbi.nlm.nih.gov/assembly/GCF_021906995.1	https://www.ncbi.nlm.nih.gov/Taxonomy/Browser/wwwtax.cgi?id=152263&mode=Info	https://pmc.ncbi.nlm.nih.gov/articles/PMC12453568/	after supervisor approval: approve_for_downstream; preserve use restrictions from this table
species_or_pathovar_unresolved	P2	NCPPB 4594	Xanthomonas sp. Dowson 1939	1	SAMN56511377	primary_ncppb_pairs=1; strong_collection_pairs=0; conflicting_ncppb_numbers=0	Xanthomonas cannabis pv. phaseoli	same_genus_different_species	not_applicable_no_expected_pathovar		SRR37629081; SRR37789898	sequence_link_confirmed_species_assignment_pending	conditional_release_for_genus_tree_qc_ani_only	genus_overview_tree; QC; ANI_or_GTDB_species_check	species_core_genome; pathovar_grouping; metadata_association_by_species_or_pathogenicity	NCPPB current name plus NCBI submitted name; add species_assignment_under_review	prioritize ANI/GTDB, original publication and host review; label tree tip species_assignment_under_review	The NCPPB identity is exact, but NCBI gives Xanthomonas sp., a different species, or no pathovar. The genome may be used, but taxonomy metadata cannot be used as an analysis grouping yet.	https://www.ncbi.nlm.nih.gov/biosample/SAMN56511377	https://www.ncbi.nlm.nih.gov/sra/SRR37629081	https://www.ncbi.nlm.nih.gov/Taxonomy/Browser/wwwtax.cgi?id=1885902&mode=Info	NCBI BioSample/Taxonomy record; ANI/GTDB and literature review required	after supervisor approval: approve_for_downstream; preserve use restrictions from this table
