ncppb_number	audit_category	priority	biosample_accession	identity_match_status	matched_identifier	matched_identifier_type	identifier_strength	matched_field	evidence_class	conflicting_ncppb_numbers	ncbi_organism	taxid	biosample_host	biosample_geographic_location	biosample_collection_date	taxonomy_status	pathovar_status	assembly_accessions	sra_run_accessions	sequence_linkage_audit_verdict	final_sequence_disposition	immediate_action	biosample_evidence_url	resource_evidence_url	ncbi_taxonomy_url
NCPPB 230	species_or_pathovar_unresolved	P2	SAMN40354569	confirmed_exact_ncppb_identifier	NCPPB 230	ncppb_number	primary	identity_aliases	structured_exact_identifier		Xanthomonas sp. WHRI 8391	3161573	Not collected	USA	1949	same_genus_different_species	observed_pathovar_unresolved	GCF_040202495.1	SRR28281421; SRR30293564	sequence_link_confirmed_species_assignment_pending	conditional_release_for_genus_tree_qc_ani_only	prioritize ANI/GTDB, original publication and host review; label tree tip species_assignment_under_review	https://www.ncbi.nlm.nih.gov/biosample/SAMN40354569	https://www.ncbi.nlm.nih.gov/assembly/GCF_040202495.1	https://www.ncbi.nlm.nih.gov/Taxonomy/Browser/wwwtax.cgi?id=3161573&mode=Info
NCPPB 425	species_or_pathovar_unresolved	P2	SAMN40354566	confirmed_exact_ncppb_identifier	NCPPB 425	ncppb_number	primary	identity_aliases	structured_exact_identifier		Xanthomonas sp. WHRI 8338	3161570	Not collected	Canada	1967	same_genus_different_species	observed_pathovar_unresolved		SRR28281424	sequence_link_confirmed_species_assignment_pending	conditional_release_for_genus_tree_qc_ani_only	prioritize ANI/GTDB, original publication and host review; label tree tip species_assignment_under_review	https://www.ncbi.nlm.nih.gov/biosample/SAMN40354566	https://www.ncbi.nlm.nih.gov/sra/SRR28281424	https://www.ncbi.nlm.nih.gov/Taxonomy/Browser/wwwtax.cgi?id=3161570&mode=Info
NCPPB 481	explicit_pathovar_conflict	P1	SAMN42278566	confirmed_exact_ncppb_identifier	NCPPB 481	ncppb_number	primary	strain	structured_exact_identifier		Xanthomonas axonopodis pv. biophyti	487826	Biophytum sensitivum	India	1967	same_name	pathovar_mismatch		SRR29692761; SRR30016545	sequence_link_confirmed_pathovar_label_restricted	conditional_release_for_genus_tree_qc_ani_only	check original culture/publication and host; calculate ANI/GTDB; require independent evidence before using any pathovar label	https://www.ncbi.nlm.nih.gov/biosample/SAMN42278566	https://www.ncbi.nlm.nih.gov/sra/SRR29692761	https://www.ncbi.nlm.nih.gov/Taxonomy/Browser/wwwtax.cgi?id=487826&mode=Info
NCPPB 575	same_pathovar_historical_or_updated_species_name	P3	SAMN19988990	confirmed_exact_ncppb_identifier	NCPPB 575	ncppb_number	primary	strain	structured_exact_identifier		Xanthomonas campestris pv. clerodendri	487859	Clerodendrum sp.	India	not collected	same_genus_different_species	same_pathovar	GCF_019201225.1	SRR15305412	sequence_link_confirmed_dual_taxonomy_label_required	conditional_release_for_genus_tree_qc_ani_only	calculate ANI/GTDB against suitable references; use NCPPB name as primary label and retain NCBI name as submitted/historical label	https://www.ncbi.nlm.nih.gov/biosample/SAMN19988990	https://www.ncbi.nlm.nih.gov/assembly/GCF_019201225.1	https://www.ncbi.nlm.nih.gov/Taxonomy/Browser/wwwtax.cgi?id=487859&mode=Info
NCPPB 579	same_pathovar_historical_or_updated_species_name	P3	SAMN19988991	confirmed_exact_ncppb_identifier	NCPPB 579	ncppb_number	primary	strain	structured_exact_identifier		Xanthomonas campestris pv. lawsoniae	487873	Lawsonia inermis	India	not collected	same_genus_different_species	same_pathovar	GCF_019201185.1	SRR15305414	sequence_link_confirmed_dual_taxonomy_label_required	conditional_release_for_genus_tree_qc_ani_only	calculate ANI/GTDB against suitable references; use NCPPB name as primary label and retain NCBI name as submitted/historical label	https://www.ncbi.nlm.nih.gov/biosample/SAMN19988991	https://www.ncbi.nlm.nih.gov/assembly/GCF_019201185.1	https://www.ncbi.nlm.nih.gov/Taxonomy/Browser/wwwtax.cgi?id=487873&mode=Info
NCPPB 585	same_pathovar_historical_or_updated_species_name	P3	SAMN19988994	confirmed_exact_ncppb_identifier	NCPPB 585	ncppb_number	primary	strain	structured_exact_identifier		Xanthomonas campestris pv. trichodesmae	487895	Trichodesma zeylanicum	India	not collected	same_genus_different_species	same_pathovar	GCA_019201525.1	SRR15305424	sequence_link_confirmed_dual_taxonomy_label_required	conditional_release_for_genus_tree_qc_ani_only	calculate ANI/GTDB against suitable references; use NCPPB name as primary label and retain NCBI name as submitted/historical label	https://www.ncbi.nlm.nih.gov/biosample/SAMN19988994	https://www.ncbi.nlm.nih.gov/assembly/GCA_019201525.1	https://www.ncbi.nlm.nih.gov/Taxonomy/Browser/wwwtax.cgi?id=487895&mode=Info
NCPPB 586	same_pathovar_historical_or_updated_species_name	P3	SAMN19988992	confirmed_exact_ncppb_identifier	NCPPB 586	ncppb_number	primary	strain	structured_exact_identifier		Xanthomonas campestris pv. uppalii	487896	Ipomoea muricata	India	not collected	same_genus_different_species	same_pathovar	GCF_019201115.1	SRR15305427	sequence_link_confirmed_dual_taxonomy_label_required	conditional_release_for_genus_tree_qc_ani_only	calculate ANI/GTDB against suitable references; use NCPPB name as primary label and retain NCBI name as submitted/historical label	https://www.ncbi.nlm.nih.gov/biosample/SAMN19988992	https://www.ncbi.nlm.nih.gov/assembly/GCF_019201115.1	https://www.ncbi.nlm.nih.gov/Taxonomy/Browser/wwwtax.cgi?id=487896&mode=Info
NCPPB 976	same_pathovar_historical_or_updated_species_name	P3	SAMN09704274	confirmed_exact_ncppb_identifier	NCPPB 976	ncppb_number	primary	strain	structured_exact_identifier		Xanthomonas axonopodis pv. vitians	487843	missing	USA	missing	same_genus_different_species	same_pathovar		SRR7628814	sequence_link_confirmed_dual_taxonomy_label_required	conditional_release_for_genus_tree_qc_ani_only	calculate ANI/GTDB against suitable references; use NCPPB name as primary label and retain NCBI name as submitted/historical label	https://www.ncbi.nlm.nih.gov/biosample/SAMN09704274	https://www.ncbi.nlm.nih.gov/sra/SRR7628814	https://www.ncbi.nlm.nih.gov/Taxonomy/Browser/wwwtax.cgi?id=487843&mode=Info
NCPPB 976	same_pathovar_historical_or_updated_species_name	P3	SAMN11047482	confirmed_exact_collection_identifier	CFBP 2538	collection_number	strong	strain	structured_exact_identifier		Xanthomonas axonopodis pv. vitians	487843	Lactuca sativa	USA: South Carolina	1917	same_genus_different_species	same_pathovar	GCF_012922295.1	SRR8732949	sequence_link_confirmed_dual_taxonomy_label_required	conditional_release_for_genus_tree_qc_ani_only	calculate ANI/GTDB against suitable references; use NCPPB name as primary label and retain NCBI name as submitted/historical label	https://www.ncbi.nlm.nih.gov/biosample/SAMN11047482	https://www.ncbi.nlm.nih.gov/assembly/GCF_012922295.1	https://www.ncbi.nlm.nih.gov/Taxonomy/Browser/wwwtax.cgi?id=487843&mode=Info
NCPPB 985	species_or_pathovar_unresolved	P2	SAMN02903999	confirmed_exact_collection_identifier	LMG 7399	collection_number	strong	strain	structured_exact_identifier		Xanthomonas citri	346		Belgium: Merelbeke	2014-01-16	same_genus_different_species	observed_pathovar_unresolved	GCF_001401545.2	SRR1509951; SRR1522076; SRR3715273	sequence_link_confirmed_species_assignment_pending	conditional_release_for_genus_tree_qc_ani_only	prioritize ANI/GTDB, original publication and host review; label tree tip species_assignment_under_review	https://www.ncbi.nlm.nih.gov/biosample/SAMN02903999	https://www.ncbi.nlm.nih.gov/assembly/GCF_001401545.2	https://www.ncbi.nlm.nih.gov/Taxonomy/Browser/wwwtax.cgi?id=346&mode=Info
NCPPB 1158	explicit_pathovar_conflict	P1	SAMN03142401	confirmed_exact_ncppb_identifier	NCPPB 1158	ncppb_number	primary	strain	structured_exact_identifier		Xanthomonas phaseoli pv. phaseoli	317013	Phaseolus vulgaris	United Kingdom	1961	compatible_synonym	pathovar_mismatch	GCF_000775205.1	SRR2052443	sequence_link_confirmed_pathovar_label_restricted	conditional_release_for_genus_tree_qc_ani_only	check original culture/publication and host; calculate ANI/GTDB; require independent evidence before using any pathovar label	https://www.ncbi.nlm.nih.gov/biosample/SAMN03142401	https://www.ncbi.nlm.nih.gov/assembly/GCF_000775205.1	https://www.ncbi.nlm.nih.gov/Taxonomy/Browser/wwwtax.cgi?id=317013&mode=Info
NCPPB 1334	same_pathovar_historical_or_updated_species_name	P3	SAMN19988970	confirmed_exact_ncppb_identifier	NCPPB 1334	ncppb_number	primary	strain	structured_exact_identifier		Xanthomonas campestris pv. ionidii	487870	Ionidium sp.	India	not collected	same_genus_different_species	same_pathovar	GCF_019201465.1	SRR15305422	sequence_link_confirmed_dual_taxonomy_label_required	conditional_release_for_genus_tree_qc_ani_only	calculate ANI/GTDB against suitable references; use NCPPB name as primary label and retain NCBI name as submitted/historical label	https://www.ncbi.nlm.nih.gov/biosample/SAMN19988970	https://www.ncbi.nlm.nih.gov/assembly/GCF_019201465.1	https://www.ncbi.nlm.nih.gov/Taxonomy/Browser/wwwtax.cgi?id=487870&mode=Info
NCPPB 1337	pathovar_orthographic_variant	P3	SAMN56511361	confirmed_exact_ncppb_identifier	NCPPB 1337	ncppb_number	primary	strain	structured_exact_identifier		Xanthomonas axonopodis pv. nakataecorchori	487835	Corchorus aestuans	India	1961	same_name	pathovar_mismatch		SRR37629064; SRR37789881	sequence_link_confirmed_orthography_annotation_pending	conditional_release_for_genus_tree_qc_ani_only	verify original nomenclature and valid spelling; retain both NCPPB and NCBI labels	https://www.ncbi.nlm.nih.gov/biosample/SAMN56511361	https://www.ncbi.nlm.nih.gov/sra/SRR37629064	https://www.ncbi.nlm.nih.gov/Taxonomy/Browser/wwwtax.cgi?id=487835&mode=Info
NCPPB 1337	pathovar_orthographic_variant	P3	SAMN42278572	confirmed_exact_ncppb_identifier	NCPPB 1337	ncppb_number	primary	strain	structured_exact_identifier		Xanthomonas axonopodis pv. nakataecorchori	487835	Corchorus aestuans var. aestuans	India	1961	same_name	pathovar_mismatch	GCF_041448975.1	SRR29692754	sequence_link_confirmed_orthography_annotation_pending	conditional_release_for_genus_tree_qc_ani_only	verify original nomenclature and valid spelling; retain both NCPPB and NCBI labels	https://www.ncbi.nlm.nih.gov/biosample/SAMN42278572	https://www.ncbi.nlm.nih.gov/assembly/GCF_041448975.1	https://www.ncbi.nlm.nih.gov/Taxonomy/Browser/wwwtax.cgi?id=487835&mode=Info
NCPPB 1495	explicit_pathovar_conflict	P1	SAMN03142808	confirmed_exact_ncppb_identifier	NCPPB 1495	ncppb_number	primary	strain	structured_exact_identifier		Xanthomonas phaseoli pv. phaseoli	317013	Phaseolus vulgaris	United Kingdom	1963	compatible_synonym	pathovar_mismatch	GCF_000786915.1	SRR2052458	sequence_link_confirmed_pathovar_label_restricted	conditional_release_for_genus_tree_qc_ani_only	check original culture/publication and host; calculate ANI/GTDB; require independent evidence before using any pathovar label	https://www.ncbi.nlm.nih.gov/biosample/SAMN03142808	https://www.ncbi.nlm.nih.gov/assembly/GCF_000786915.1	https://www.ncbi.nlm.nih.gov/Taxonomy/Browser/wwwtax.cgi?id=317013&mode=Info
NCPPB 1594	pathovar_orthographic_variant	P3	SAMN56511363	confirmed_exact_ncppb_identifier	NCPPB 1594	ncppb_number	primary	strain	structured_exact_identifier		Xanthomonas axonopodis pv. nakataecorchori	487835	Corchorus aestuans	India	1961	same_name	pathovar_mismatch	GCF_056612795.1	SRR37629062; SRR37789879	sequence_link_confirmed_orthography_annotation_pending	conditional_release_for_genus_tree_qc_ani_only	verify original nomenclature and valid spelling; retain both NCPPB and NCBI labels	https://www.ncbi.nlm.nih.gov/biosample/SAMN56511363	https://www.ncbi.nlm.nih.gov/assembly/GCF_056612795.1	https://www.ncbi.nlm.nih.gov/Taxonomy/Browser/wwwtax.cgi?id=487835&mode=Info
NCPPB 1757	same_pathovar_historical_or_updated_species_name	P3	SAMN19988973	confirmed_exact_ncppb_identifier	NCPPB 1757	ncppb_number	primary	strain	structured_exact_identifier		Xanthomonas campestris pv. blepharidis	487855	Blepharis sp.	India	not collected	same_genus_different_species	same_pathovar	GCF_019201485.1	SRR15305423	sequence_link_confirmed_dual_taxonomy_label_required	conditional_release_for_genus_tree_qc_ani_only	calculate ANI/GTDB against suitable references; use NCPPB name as primary label and retain NCBI name as submitted/historical label	https://www.ncbi.nlm.nih.gov/biosample/SAMN19988973	https://www.ncbi.nlm.nih.gov/assembly/GCF_019201485.1	https://www.ncbi.nlm.nih.gov/Taxonomy/Browser/wwwtax.cgi?id=487855&mode=Info
NCPPB 1758	same_pathovar_historical_or_updated_species_name	P3	SAMN19988974	confirmed_exact_ncppb_identifier	NCPPB 1758	ncppb_number	primary	strain	structured_exact_identifier		Xanthomonas campestris pv. coriandri	279089	Coriandrum sativum	India	not collected	same_genus_different_species	same_pathovar	GCF_019201305.1	SRR15305430	sequence_link_confirmed_dual_taxonomy_label_required	conditional_release_for_genus_tree_qc_ani_only	calculate ANI/GTDB against suitable references; use NCPPB name as primary label and retain NCBI name as submitted/historical label	https://www.ncbi.nlm.nih.gov/biosample/SAMN19988974	https://www.ncbi.nlm.nih.gov/assembly/GCF_019201305.1	https://www.ncbi.nlm.nih.gov/Taxonomy/Browser/wwwtax.cgi?id=279089&mode=Info
NCPPB 1759	species_or_pathovar_unresolved	P2	SAMN49561544	confirmed_exact_ncppb_identifier	NCPPB 1759	ncppb_number	primary	strain	structured_exact_identifier		Xanthomonas citri pv. bilvae	487854	Limonia acidissima	India	1965	same_genus_different_species	same_pathovar	GCF_052883265.1		sequence_link_confirmed_species_assignment_pending	conditional_release_for_genus_tree_qc_ani_only	prioritize ANI/GTDB, original publication and host review; label tree tip species_assignment_under_review	https://www.ncbi.nlm.nih.gov/biosample/SAMN49561544	https://www.ncbi.nlm.nih.gov/assembly/GCF_052883265.1	https://www.ncbi.nlm.nih.gov/Taxonomy/Browser/wwwtax.cgi?id=487854&mode=Info
NCPPB 1759	species_or_pathovar_unresolved	P2	SAMEA114332028	confirmed_exact_ncppb_identifier	NCPPB 1759	ncppb_number	primary	isolate	structured_exact_identifier		Xanthomonas citri	346	Feronia elephantacum		not provided	same_genus_different_species	observed_pathovar_unresolved	GCF_963669615.1	ERR12095367	sequence_link_confirmed_species_assignment_pending	conditional_release_for_genus_tree_qc_ani_only	prioritize ANI/GTDB, original publication and host review; label tree tip species_assignment_under_review	https://www.ncbi.nlm.nih.gov/biosample/SAMEA114332028	https://www.ncbi.nlm.nih.gov/assembly/GCF_963669615.1	https://www.ncbi.nlm.nih.gov/Taxonomy/Browser/wwwtax.cgi?id=487854&mode=Info
NCPPB 1760	same_pathovar_historical_or_updated_species_name	P3	SAMN19988975	confirmed_exact_ncppb_identifier	NCPPB 1760	ncppb_number	primary	strain	structured_exact_identifier		Xanthomonas campestris pv. spermacoces	487890	Spermacoce hispida	India	not collected	same_genus_different_species	same_pathovar	GCF_019201445.1	SRR15305421	sequence_link_confirmed_dual_taxonomy_label_required	conditional_release_for_genus_tree_qc_ani_only	calculate ANI/GTDB against suitable references; use NCPPB name as primary label and retain NCBI name as submitted/historical label	https://www.ncbi.nlm.nih.gov/biosample/SAMN19988975	https://www.ncbi.nlm.nih.gov/assembly/GCF_019201445.1	https://www.ncbi.nlm.nih.gov/Taxonomy/Browser/wwwtax.cgi?id=487890&mode=Info
NCPPB 1787	pathovar_orthographic_variant	P3	SAMN19988976	confirmed_exact_ncppb_identifier	NCPPB 1787	ncppb_number	primary	strain	structured_exact_identifier		Xanthomonas campestris pv. veroniae	487897	Cyanthillium cinereum	India	not collected	same_genus_different_species	pathovar_mismatch	GCF_019201345.1	SRR15305432	sequence_link_confirmed_orthography_annotation_pending	conditional_release_for_genus_tree_qc_ani_only	verify original nomenclature and valid spelling; retain both NCPPB and NCBI labels	https://www.ncbi.nlm.nih.gov/biosample/SAMN19988976	https://www.ncbi.nlm.nih.gov/assembly/GCF_019201345.1	https://www.ncbi.nlm.nih.gov/Taxonomy/Browser/wwwtax.cgi?id=487897&mode=Info
NCPPB 1828	same_pathovar_historical_or_updated_species_name	P3	SAMN19988977	confirmed_exact_ncppb_identifier	NCPPB 1828	ncppb_number	primary	strain	structured_exact_identifier		Xanthomonas campestris pv. euphorbiae	487865	Euphorbia acalyphoides	Sudan	not collected	same_genus_different_species	same_pathovar	GCF_019201425.1	SRR15305420	sequence_link_confirmed_dual_taxonomy_label_required	conditional_release_for_genus_tree_qc_ani_only	calculate ANI/GTDB against suitable references; use NCPPB name as primary label and retain NCBI name as submitted/historical label	https://www.ncbi.nlm.nih.gov/biosample/SAMN19988977	https://www.ncbi.nlm.nih.gov/assembly/GCF_019201425.1	https://www.ncbi.nlm.nih.gov/Taxonomy/Browser/wwwtax.cgi?id=487865&mode=Info
NCPPB 1932	same_pathovar_historical_or_updated_species_name	P3	SAMN56511365	confirmed_exact_ncppb_identifier	NCPPB 1932	ncppb_number	primary	strain	structured_exact_identifier		Xanthomonas arboricola pv. guizotiae	487867	Guizotia abyssinica	Ethiopia	Not collected	same_genus_different_species	same_pathovar		SRR37629060; SRR37789877	sequence_link_confirmed_dual_taxonomy_label_required	conditional_release_for_genus_tree_qc_ani_only	calculate ANI/GTDB against suitable references; use NCPPB name as primary label and retain NCBI name as submitted/historical label	https://www.ncbi.nlm.nih.gov/biosample/SAMN56511365	https://www.ncbi.nlm.nih.gov/sra/SRR37629060	https://www.ncbi.nlm.nih.gov/Taxonomy/Browser/wwwtax.cgi?id=487867&mode=Info
NCPPB 1933	same_pathovar_historical_or_updated_species_name	P3	SAMN56511366	confirmed_exact_ncppb_identifier	NCPPB 1933	ncppb_number	primary	strain	structured_exact_identifier		Xanthomonas arboricola pv. guizotiae	487867	Guizotia abyssinica	Ethiopia	Not collected	same_genus_different_species	same_pathovar		SRR37629093; SRR37789910	sequence_link_confirmed_dual_taxonomy_label_required	conditional_release_for_genus_tree_qc_ani_only	calculate ANI/GTDB against suitable references; use NCPPB name as primary label and retain NCBI name as submitted/historical label	https://www.ncbi.nlm.nih.gov/biosample/SAMN56511366	https://www.ncbi.nlm.nih.gov/sra/SRR37629093	https://www.ncbi.nlm.nih.gov/Taxonomy/Browser/wwwtax.cgi?id=487867&mode=Info
NCPPB 2057	same_pathovar_historical_or_updated_species_name	P3	SAMN19988978	confirmed_exact_ncppb_identifier	NCPPB 2057	ncppb_number	primary	strain	structured_exact_identifier		Xanthomonas campestris pv. heliotropii	487869	Heliotropium sp.	Sudan	not collected	same_genus_different_species	same_pathovar	GCF_019201405.1	SRR15305419	sequence_link_confirmed_dual_taxonomy_label_required	conditional_release_for_genus_tree_qc_ani_only	calculate ANI/GTDB against suitable references; use NCPPB name as primary label and retain NCBI name as submitted/historical label	https://www.ncbi.nlm.nih.gov/biosample/SAMN19988978	https://www.ncbi.nlm.nih.gov/assembly/GCF_019201405.1	https://www.ncbi.nlm.nih.gov/Taxonomy/Browser/wwwtax.cgi?id=487869&mode=Info
NCPPB 2346	same_pathovar_historical_or_updated_species_name	P3	SAMN19988995	confirmed_exact_ncppb_identifier	NCPPB 2346	ncppb_number	primary	strain	structured_exact_identifier		Xanthomonas campestris pv. passiflorae	487883	Passiflora edulis	Brazil	not collected	same_genus_different_species	same_pathovar	GCF_019201075.1	SRR15305435	sequence_link_confirmed_dual_taxonomy_label_required	conditional_release_for_genus_tree_qc_ani_only	calculate ANI/GTDB against suitable references; use NCPPB name as primary label and retain NCBI name as submitted/historical label	https://www.ncbi.nlm.nih.gov/biosample/SAMN19988995	https://www.ncbi.nlm.nih.gov/assembly/GCF_019201075.1	https://www.ncbi.nlm.nih.gov/Taxonomy/Browser/wwwtax.cgi?id=487883&mode=Info
NCPPB 2372	same_pathovar_historical_or_updated_species_name	P3	SAMN42175581	confirmed_exact_ncppb_identifier	NCPPB 2372	ncppb_number	primary	strain	structured_exact_identifier		Xanthomonas campestris pv. fici	487866	Ficus religiosa	India	1968	same_genus_different_species	same_pathovar	GCF_041463625.1	SRR29651791; SRR30037665	sequence_link_confirmed_dual_taxonomy_label_required	conditional_release_for_genus_tree_qc_ani_only	calculate ANI/GTDB against suitable references; use NCPPB name as primary label and retain NCBI name as submitted/historical label	https://www.ncbi.nlm.nih.gov/biosample/SAMN42175581	https://www.ncbi.nlm.nih.gov/assembly/GCF_041463625.1	https://www.ncbi.nlm.nih.gov/Taxonomy/Browser/wwwtax.cgi?id=487866&mode=Info
NCPPB 2372	same_pathovar_historical_or_updated_species_name	P3	SAMN19988979	confirmed_exact_ncppb_identifier	NCPPB 2372	ncppb_number	primary	strain	structured_exact_identifier		Xanthomonas campestris pv. fici	487866	Ficus religiosa	India	not collected	same_genus_different_species	same_pathovar	GCF_019201375.1	SRR15305418	sequence_link_confirmed_dual_taxonomy_label_required	conditional_release_for_genus_tree_qc_ani_only	calculate ANI/GTDB against suitable references; use NCPPB name as primary label and retain NCBI name as submitted/historical label	https://www.ncbi.nlm.nih.gov/biosample/SAMN19988979	https://www.ncbi.nlm.nih.gov/assembly/GCF_019201375.1	https://www.ncbi.nlm.nih.gov/Taxonomy/Browser/wwwtax.cgi?id=487866&mode=Info
NCPPB 2373	same_pathovar_historical_or_updated_species_name	P3	SAMN19988980	confirmed_exact_ncppb_identifier	NCPPB 2373	ncppb_number	primary	strain	structured_exact_identifier		Xanthomonas campestris pv. carissae	487857	Carissa carandas	India	not collected	same_genus_different_species	same_pathovar	GCF_019201365.1	SRR15305433	sequence_link_confirmed_dual_taxonomy_label_required	conditional_release_for_genus_tree_qc_ani_only	calculate ANI/GTDB against suitable references; use NCPPB name as primary label and retain NCBI name as submitted/historical label	https://www.ncbi.nlm.nih.gov/biosample/SAMN19988980	https://www.ncbi.nlm.nih.gov/assembly/GCF_019201365.1	https://www.ncbi.nlm.nih.gov/Taxonomy/Browser/wwwtax.cgi?id=487857&mode=Info
NCPPB 2475	same_pathovar_historical_or_updated_species_name	P3	SAMN26688428	confirmed_exact_collection_identifier	LMG 965	collection_number	strong	strain	structured_exact_identifier		Xanthomonas citri pv. viticola	487899	Vitis vinifera	India	1972	same_genus_different_species	same_pathovar	GCF_053538855.1		sequence_link_confirmed_dual_taxonomy_label_required	conditional_release_for_genus_tree_qc_ani_only	calculate ANI/GTDB against suitable references; use NCPPB name as primary label and retain NCBI name as submitted/historical label	https://www.ncbi.nlm.nih.gov/biosample/SAMN26688428	https://www.ncbi.nlm.nih.gov/assembly/GCF_053538855.1	https://www.ncbi.nlm.nih.gov/Taxonomy/Browser/wwwtax.cgi?id=487899&mode=Info
NCPPB 2475	same_pathovar_historical_or_updated_species_name	P3	SAMEA3139044	confirmed_exact_collection_identifier	LMG 965	collection_number	strong	strain	structured_exact_identifier		Xanthomonas citri pv. viticola	487899				same_genus_different_species	same_pathovar	GCF_000723725.2		sequence_link_confirmed_dual_taxonomy_label_required	conditional_release_for_genus_tree_qc_ani_only	calculate ANI/GTDB against suitable references; use NCPPB name as primary label and retain NCBI name as submitted/historical label	https://www.ncbi.nlm.nih.gov/biosample/SAMEA3139044	https://www.ncbi.nlm.nih.gov/assembly/GCF_000723725.2	https://www.ncbi.nlm.nih.gov/Taxonomy/Browser/wwwtax.cgi?id=487899&mode=Info
NCPPB 2498	same_pathovar_historical_or_updated_species_name	P3	SAMN19988981	confirmed_exact_ncppb_identifier	NCPPB 2498	ncppb_number	primary	strain	structured_exact_identifier		Xanthomonas campestris pv. convolvuli	487860	Convolvulus arvensis	India	not collected	same_genus_different_species	same_pathovar	GCF_019201245.1	SRR15305411	sequence_link_confirmed_dual_taxonomy_label_required	conditional_release_for_genus_tree_qc_ani_only	calculate ANI/GTDB against suitable references; use NCPPB name as primary label and retain NCBI name as submitted/historical label	https://www.ncbi.nlm.nih.gov/biosample/SAMN19988981	https://www.ncbi.nlm.nih.gov/assembly/GCF_019201245.1	https://www.ncbi.nlm.nih.gov/Taxonomy/Browser/wwwtax.cgi?id=487860&mode=Info
NCPPB 2877	same_pathovar_historical_or_updated_species_name	P3	SAMN03164131	confirmed_exact_ncppb_identifier	NCPPB 2877	ncppb_number	primary	strain	structured_exact_identifier		Xanthomonas cannabis pv. cannabis	1885894	Cannabis sativa	Romania: Lovrin, Timis County	1974-07	same_genus_different_species	same_pathovar	GCF_000802365.1	SRR4718189	sequence_link_confirmed_dual_taxonomy_label_required	conditional_release_for_genus_tree_qc_ani_only	calculate ANI/GTDB against suitable references; use NCPPB name as primary label and retain NCBI name as submitted/historical label	https://www.ncbi.nlm.nih.gov/biosample/SAMN03164131	https://www.ncbi.nlm.nih.gov/assembly/GCF_000802365.1	https://www.ncbi.nlm.nih.gov/Taxonomy/Browser/wwwtax.cgi?id=1885894&mode=Info
NCPPB 2930	cross_genus_conflict	P1	SAMN41764005	confirmed_exact_ncppb_identifier	NCPPB 2930	ncppb_number	primary	strain	structured_exact_identifier		Sphingomonas sp. NCPPB 2930	3162788	Sorghum bicolor	Solomon Islands	1977	different_lineage	observed_pathovar_unresolved	GCF_042867205.1	SRR29357488	identity_link_confirmed_but_cross_genus_exclusion	exclude_from_xanthomonas_main_dataset	check original collection and sequencing provenance; independently re-identify or re-isolate before any inclusion	https://www.ncbi.nlm.nih.gov/biosample/SAMN41764005	https://www.ncbi.nlm.nih.gov/assembly/GCF_042867205.1	https://www.ncbi.nlm.nih.gov/Taxonomy/Browser/wwwtax.cgi?id=3162788&mode=Info
NCPPB 2932	same_pathovar_historical_or_updated_species_name	P3	SAMN19988982	confirmed_exact_ncppb_identifier	NCPPB 2932	ncppb_number	primary	strain	structured_exact_identifier		Xanthomonas campestris pv. daturae	487861	Datura metel	India	not collected	same_genus_different_species	same_pathovar	GCF_019201325.1	SRR15305431	sequence_link_confirmed_dual_taxonomy_label_required	conditional_release_for_genus_tree_qc_ani_only	calculate ANI/GTDB against suitable references; use NCPPB name as primary label and retain NCBI name as submitted/historical label	https://www.ncbi.nlm.nih.gov/biosample/SAMN19988982	https://www.ncbi.nlm.nih.gov/assembly/GCF_019201325.1	https://www.ncbi.nlm.nih.gov/Taxonomy/Browser/wwwtax.cgi?id=487861&mode=Info
NCPPB 3005	species_or_pathovar_unresolved	P2	SAMN41997674	confirmed_exact_ncppb_identifier	NCPPB 3005	ncppb_number	primary	strain	structured_exact_identifier		Xanthomonas sp. NCPPB 3005	3240913	Maranta arundinacea	Brazil	1964	same_genus_different_species	not_applicable_no_expected_pathovar	GCF_041228095.2	SRR29501315; SRR30016870	sequence_link_confirmed_species_assignment_pending	conditional_release_for_genus_tree_qc_ani_only	prioritize ANI/GTDB, original publication and host review; label tree tip species_assignment_under_review	https://www.ncbi.nlm.nih.gov/biosample/SAMN41997674	https://www.ncbi.nlm.nih.gov/assembly/GCF_041228095.2	https://www.ncbi.nlm.nih.gov/Taxonomy/Browser/wwwtax.cgi?id=3240913&mode=Info
NCPPB 3079	same_pathovar_historical_or_updated_species_name	P3	SAMN19988983	confirmed_exact_ncppb_identifier	NCPPB 3079	ncppb_number	primary	strain	structured_exact_identifier		Xanthomonas campestris pv. paulliniae	487884	Paullinia cupana	Brazil	not collected	same_genus_different_species	same_pathovar	GCF_019201285.1	SRR15305429	sequence_link_confirmed_dual_taxonomy_label_required	conditional_release_for_genus_tree_qc_ani_only	calculate ANI/GTDB against suitable references; use NCPPB name as primary label and retain NCBI name as submitted/historical label	https://www.ncbi.nlm.nih.gov/biosample/SAMN19988983	https://www.ncbi.nlm.nih.gov/assembly/GCF_019201285.1	https://www.ncbi.nlm.nih.gov/Taxonomy/Browser/wwwtax.cgi?id=487884&mode=Info
NCPPB 3114	same_pathovar_historical_or_updated_species_name	P3	SAMN19988993	confirmed_exact_ncppb_identifier	NCPPB 3114	ncppb_number	primary	strain	structured_exact_identifier		Xanthomonas campestris pv. merremiae	487877	Merremia gangetica	India	not collected	same_genus_different_species	same_pathovar	GCA_019201545.1	SRR15305415	sequence_link_confirmed_dual_taxonomy_label_required	conditional_release_for_genus_tree_qc_ani_only	calculate ANI/GTDB against suitable references; use NCPPB name as primary label and retain NCBI name as submitted/historical label	https://www.ncbi.nlm.nih.gov/biosample/SAMN19988993	https://www.ncbi.nlm.nih.gov/assembly/GCA_019201545.1	https://www.ncbi.nlm.nih.gov/Taxonomy/Browser/wwwtax.cgi?id=487877&mode=Info
NCPPB 3162	species_or_pathovar_unresolved	P2	SAMN22555461	confirmed_exact_ncppb_identifier	NCPPB 3162	ncppb_number	primary	strain	structured_exact_identifier		Xanthomonas citri	346	Sorghum sp.	India	not collected	same_genus_different_species	observed_pathovar_unresolved	GCF_020783685.1	SRR22272560	sequence_link_confirmed_species_assignment_pending	conditional_release_for_genus_tree_qc_ani_only	prioritize ANI/GTDB, original publication and host review; label tree tip species_assignment_under_review	https://www.ncbi.nlm.nih.gov/biosample/SAMN22555461	https://www.ncbi.nlm.nih.gov/assembly/GCF_020783685.1	https://www.ncbi.nlm.nih.gov/Taxonomy/Browser/wwwtax.cgi?id=346&mode=Info
NCPPB 3213	species_or_pathovar_unresolved	P2	SAMN49561543	confirmed_exact_ncppb_identifier	NCPPB 3213	ncppb_number	primary	strain	structured_exact_identifier		Xanthomonas citri pv. bilvae	487854	Aegle marmelos	India	1982	same_genus_different_species	same_pathovar	GCF_052883735.1		sequence_link_confirmed_species_assignment_pending	conditional_release_for_genus_tree_qc_ani_only	prioritize ANI/GTDB, original publication and host review; label tree tip species_assignment_under_review	https://www.ncbi.nlm.nih.gov/biosample/SAMN49561543	https://www.ncbi.nlm.nih.gov/assembly/GCF_052883735.1	https://www.ncbi.nlm.nih.gov/Taxonomy/Browser/wwwtax.cgi?id=487854&mode=Info
NCPPB 3213	species_or_pathovar_unresolved	P2	SAMEA3121378	confirmed_exact_ncppb_identifier	NCPPB 3213	ncppb_number	primary	strain	structured_exact_identifier		Xanthomonas citri pv. bilvae	487854				same_genus_different_species	same_pathovar	GCF_001497855.1		sequence_link_confirmed_species_assignment_pending	conditional_release_for_genus_tree_qc_ani_only	prioritize ANI/GTDB, original publication and host review; label tree tip species_assignment_under_review	https://www.ncbi.nlm.nih.gov/biosample/SAMEA3121378	https://www.ncbi.nlm.nih.gov/assembly/GCF_001497855.1	https://www.ncbi.nlm.nih.gov/Taxonomy/Browser/wwwtax.cgi?id=487854&mode=Info
NCPPB 3213	species_or_pathovar_unresolved	P2	SAMEA114332029	confirmed_exact_ncppb_identifier	NCPPB 3213	ncppb_number	primary	isolate	structured_exact_identifier		Xanthomonas citri	346	Aegle marmelos		1980	same_genus_different_species	observed_pathovar_unresolved	GCF_963669635.1	ERR12095368	sequence_link_confirmed_species_assignment_pending	conditional_release_for_genus_tree_qc_ani_only	prioritize ANI/GTDB, original publication and host review; label tree tip species_assignment_under_review	https://www.ncbi.nlm.nih.gov/biosample/SAMEA114332029	https://www.ncbi.nlm.nih.gov/assembly/GCF_963669635.1	https://www.ncbi.nlm.nih.gov/Taxonomy/Browser/wwwtax.cgi?id=487854&mode=Info
NCPPB 3440	species_or_pathovar_unresolved	P2	SAMN40354570	confirmed_exact_ncppb_identifier	NCPPB 3440	ncppb_number	primary	identity_aliases	structured_exact_identifier		Xanthomonas sp. WHRI 8393	3161574	Daucus carota	Brazil	1985	same_genus_different_species	observed_pathovar_unresolved	GCF_040203315.1	SRR28281419; SRR30293563	sequence_link_confirmed_species_assignment_pending	conditional_release_for_genus_tree_qc_ani_only	prioritize ANI/GTDB, original publication and host review; label tree tip species_assignment_under_review	https://www.ncbi.nlm.nih.gov/biosample/SAMN40354570	https://www.ncbi.nlm.nih.gov/assembly/GCF_040203315.1	https://www.ncbi.nlm.nih.gov/Taxonomy/Browser/wwwtax.cgi?id=3161574&mode=Info
NCPPB 3753	same_pathovar_historical_or_updated_species_name	P3	SAMN03164132	confirmed_exact_ncppb_identifier	NCPPB 3753	ncppb_number	primary	strain	structured_exact_identifier		Xanthomonas cannabis pv. cannabis	1885894	Cannabis sativa	Japan: Tochigi	1982-08	same_genus_different_species	same_pathovar	GCF_000802405.1	SRR4718190	sequence_link_confirmed_dual_taxonomy_label_required	conditional_release_for_genus_tree_qc_ani_only	calculate ANI/GTDB against suitable references; use NCPPB name as primary label and retain NCBI name as submitted/historical label	https://www.ncbi.nlm.nih.gov/biosample/SAMN03164132	https://www.ncbi.nlm.nih.gov/assembly/GCF_000802405.1	https://www.ncbi.nlm.nih.gov/Taxonomy/Browser/wwwtax.cgi?id=1885894&mode=Info
NCPPB 3759	same_pathovar_historical_or_updated_species_name	P3	SAMN19988984	confirmed_exact_ncppb_identifier	NCPPB 3759	ncppb_number	primary	strain	structured_exact_identifier		Xanthomonas campestris pv. obscurae	2854747	Ipomea obscura	India	not collected	same_genus_different_species	same_pathovar	GCF_019201105.1	SRR15305426	sequence_link_confirmed_dual_taxonomy_label_required	conditional_release_for_genus_tree_qc_ani_only	calculate ANI/GTDB against suitable references; use NCPPB name as primary label and retain NCBI name as submitted/historical label	https://www.ncbi.nlm.nih.gov/biosample/SAMN19988984	https://www.ncbi.nlm.nih.gov/assembly/GCF_019201105.1	https://www.ncbi.nlm.nih.gov/Taxonomy/Browser/wwwtax.cgi?id=2854747&mode=Info
NCPPB 3795	same_pathovar_historical_or_updated_species_name	P3	SAMN42175582	confirmed_exact_ncppb_identifier	NCPPB 3795	ncppb_number	primary	strain	structured_exact_identifier		Xanthomonas campestris pv. fici	487866	Ficus microcarpa var. hillii	Australia	1991	same_genus_different_species	same_pathovar	GCF_041463615.1	SRR29651790; SRR30037664	sequence_link_confirmed_dual_taxonomy_label_required	conditional_release_for_genus_tree_qc_ani_only	calculate ANI/GTDB against suitable references; use NCPPB name as primary label and retain NCBI name as submitted/historical label	https://www.ncbi.nlm.nih.gov/biosample/SAMN42175582	https://www.ncbi.nlm.nih.gov/assembly/GCF_041463615.1	https://www.ncbi.nlm.nih.gov/Taxonomy/Browser/wwwtax.cgi?id=487866&mode=Info
NCPPB 3796	same_pathovar_historical_or_updated_species_name	P3	SAMN42175583	confirmed_exact_ncppb_identifier	NCPPB 3796	ncppb_number	primary	strain	structured_exact_identifier		Xanthomonas campestris pv. fici	487866	Unknown	Australia	1991	same_genus_different_species	same_pathovar	GCF_041463605.1	SRR29651789; SRR30037663	sequence_link_confirmed_dual_taxonomy_label_required	conditional_release_for_genus_tree_qc_ani_only	calculate ANI/GTDB against suitable references; use NCPPB name as primary label and retain NCBI name as submitted/historical label	https://www.ncbi.nlm.nih.gov/biosample/SAMN42175583	https://www.ncbi.nlm.nih.gov/assembly/GCF_041463605.1	https://www.ncbi.nlm.nih.gov/Taxonomy/Browser/wwwtax.cgi?id=487866&mode=Info
NCPPB 3797	same_pathovar_historical_or_updated_species_name	P3	SAMN42175584	confirmed_exact_ncppb_identifier	NCPPB 3797	ncppb_number	primary	strain	structured_exact_identifier		Xanthomonas campestris pv. fici	487866	Unknown	Australia	1991	same_genus_different_species	same_pathovar	GCF_041463635.1	SRR29651788; SRR30037662	sequence_link_confirmed_dual_taxonomy_label_required	conditional_release_for_genus_tree_qc_ani_only	calculate ANI/GTDB against suitable references; use NCPPB name as primary label and retain NCBI name as submitted/historical label	https://www.ncbi.nlm.nih.gov/biosample/SAMN42175584	https://www.ncbi.nlm.nih.gov/assembly/GCF_041463635.1	https://www.ncbi.nlm.nih.gov/Taxonomy/Browser/wwwtax.cgi?id=487866&mode=Info
NCPPB 3886	same_pathovar_historical_or_updated_species_name	P3	SAMN42175585	confirmed_exact_ncppb_identifier	NCPPB 3886	ncppb_number	primary	strain	structured_exact_identifier		Xanthomonas campestris pv. fici	487866	Ficus religiosa	India	1993	same_genus_different_species	same_pathovar	GCF_041463755.1	SRR29651787; SRR30037661	sequence_link_confirmed_dual_taxonomy_label_required	conditional_release_for_genus_tree_qc_ani_only	calculate ANI/GTDB against suitable references; use NCPPB name as primary label and retain NCBI name as submitted/historical label	https://www.ncbi.nlm.nih.gov/biosample/SAMN42175585	https://www.ncbi.nlm.nih.gov/assembly/GCF_041463755.1	https://www.ncbi.nlm.nih.gov/Taxonomy/Browser/wwwtax.cgi?id=487866&mode=Info
NCPPB 3887	same_pathovar_historical_or_updated_species_name	P3	SAMN42175586	confirmed_exact_ncppb_identifier	NCPPB 3887	ncppb_number	primary	strain	structured_exact_identifier		Xanthomonas campestris pv. fici	487866	Unknown	India	1993	same_genus_different_species	same_pathovar	GCF_041463645.1	SRR29651786; SRR30037660	sequence_link_confirmed_dual_taxonomy_label_required	conditional_release_for_genus_tree_qc_ani_only	calculate ANI/GTDB against suitable references; use NCPPB name as primary label and retain NCBI name as submitted/historical label	https://www.ncbi.nlm.nih.gov/biosample/SAMN42175586	https://www.ncbi.nlm.nih.gov/assembly/GCF_041463645.1	https://www.ncbi.nlm.nih.gov/Taxonomy/Browser/wwwtax.cgi?id=487866&mode=Info
NCPPB 4231	species_or_pathovar_unresolved	P2	SAMN22552841	confirmed_exact_ncppb_identifier	NCPPB 4231	ncppb_number	primary	strain	structured_exact_identifier		Xanthomonas campestris	339	Beta vulgaris var. Cicla	United Kingdom	not collected	same_genus_different_species	not_applicable_no_expected_pathovar	GCF_020812995.1	SRR29823162	sequence_link_confirmed_species_assignment_pending	conditional_release_for_genus_tree_qc_ani_only	prioritize ANI/GTDB, original publication and host review; label tree tip species_assignment_under_review	https://www.ncbi.nlm.nih.gov/biosample/SAMN22552841	https://www.ncbi.nlm.nih.gov/assembly/GCF_020812995.1	https://www.ncbi.nlm.nih.gov/Taxonomy/Browser/wwwtax.cgi?id=339&mode=Info
NCPPB 4232	species_or_pathovar_unresolved	P2	SAMN22552842	confirmed_exact_ncppb_identifier	NCPPB 4232	ncppb_number	primary	strain	structured_exact_identifier		Xanthomonas campestris	339	Beta vulgaris var. Cicla	United Kingdom	not collected	same_genus_different_species	not_applicable_no_expected_pathovar	GCF_020813195.1	SRR29823161	sequence_link_confirmed_species_assignment_pending	conditional_release_for_genus_tree_qc_ani_only	prioritize ANI/GTDB, original publication and host review; label tree tip species_assignment_under_review	https://www.ncbi.nlm.nih.gov/biosample/SAMN22552842	https://www.ncbi.nlm.nih.gov/assembly/GCF_020813195.1	https://www.ncbi.nlm.nih.gov/Taxonomy/Browser/wwwtax.cgi?id=339&mode=Info
NCPPB 4346	species_or_pathovar_unresolved	P2	SAMN10956069	confirmed_exact_ncppb_identifier	NCPPB 4346	ncppb_number	primary	strain	structured_exact_identifier		Xanthomonas oryzae	347	Leersia hexandra	China	1980	same_genus_different_species	observed_pathovar_unresolved		SRR8618953	sequence_link_confirmed_species_assignment_pending	conditional_release_for_genus_tree_qc_ani_only	prioritize ANI/GTDB, original publication and host review; label tree tip species_assignment_under_review	https://www.ncbi.nlm.nih.gov/biosample/SAMN10956069	https://www.ncbi.nlm.nih.gov/sra/SRR8618953	https://www.ncbi.nlm.nih.gov/Taxonomy/Browser/wwwtax.cgi?id=347&mode=Info
NCPPB 4346	species_or_pathovar_unresolved	P2	SAMN03862116	confirmed_exact_ncppb_identifier	NCPPB 4346	ncppb_number	primary	strain	structured_exact_identifier		Xanthomonas oryzae	347		China	1980	same_genus_different_species	observed_pathovar_unresolved	GCF_001276975.2	SRR2133447	sequence_link_confirmed_species_assignment_pending	conditional_release_for_genus_tree_qc_ani_only	prioritize ANI/GTDB, original publication and host review; label tree tip species_assignment_under_review	https://www.ncbi.nlm.nih.gov/biosample/SAMN03862116	https://www.ncbi.nlm.nih.gov/assembly/GCF_001276975.2	https://www.ncbi.nlm.nih.gov/Taxonomy/Browser/wwwtax.cgi?id=347&mode=Info
NCPPB 4449	explicit_pathovar_conflict	P1	SAMN21172023	confirmed_exact_collection_identifier	ICMP 16317	collection_number	strong	strain	structured_exact_identifier		Xanthomonas cerealis pv. cerealis	152263	Pistacia vera	Australia:Victoria	2000	same_name	pathovar_mismatch	GCF_021906995.1		sequence_link_confirmed_pathovar_label_restricted	conditional_release_for_genus_tree_qc_ani_only	check original culture/publication and host; calculate ANI/GTDB; require independent evidence before using any pathovar label	https://www.ncbi.nlm.nih.gov/biosample/SAMN21172023	https://www.ncbi.nlm.nih.gov/assembly/GCF_021906995.1	https://www.ncbi.nlm.nih.gov/Taxonomy/Browser/wwwtax.cgi?id=152263&mode=Info
NCPPB 4594	species_or_pathovar_unresolved	P2	SAMN56511377	confirmed_exact_ncppb_identifier	NCPPB 4594	ncppb_number	primary	strain	structured_exact_identifier		Xanthomonas cannabis pv. phaseoli	1885902	Phaseolus vulgaris	Rwanda	2013	same_genus_different_species	not_applicable_no_expected_pathovar		SRR37629081; SRR37789898	sequence_link_confirmed_species_assignment_pending	conditional_release_for_genus_tree_qc_ani_only	prioritize ANI/GTDB, original publication and host review; label tree tip species_assignment_under_review	https://www.ncbi.nlm.nih.gov/biosample/SAMN56511377	https://www.ncbi.nlm.nih.gov/sra/SRR37629081	https://www.ncbi.nlm.nih.gov/Taxonomy/Browser/wwwtax.cgi?id=1885902&mode=Info
