ncppb_number	other_references
NCPPB 45	This isolate was isolated by W.J. Dowson
NCPPB 101	This isolate is also in the collections; ICMP 204, LMG 673, DSM 18958
NCPPB 109	
NCPPB 113	
NCPPB 151	
NCPPB 174	
NCPPB 181	
NCPPB 182	This isolate is also in the collections; ATCC 13901, ICMP 305, LMG 896 The source of this isolate was ex M.T. Cook
NCPPB 184	This isolate is also in the collections; ATCC 13902, ICPB XV101
NCPPB 185	
NCPPB 186	
NCPPB 187	
NCPPB 195	
NCPPB 196	
NCPPB 200	
NCPPB 205	
NCPPB 206	This isolate is also in the collections; ICMP 326, LMG 8284, CFBP 7162
NCPPB 208	This isolate was isolated by G. Orian PC5
NCPPB 210	This isolate was isolated by M.K. Patel
NCPPB 211	
NCPPB 212	
NCPPB 220	The source of this isolate was ex C. Elliott
NCPPB 226	
NCPPB 230	
NCPPB 232	
NCPPB 240	This isolate was isolated by W.J. Dowson The source of this isolate was .
NCPPB 241	The source of this isolate was ex W.J. Dowson
NCPPB 243	
NCPPB 273	The source of this isolate was ex A.C. Brown B67
NCPPB 279	This isolate was isolated by P.O. Wiehe
NCPPB 290	The donor reference is 38/2
NCPPB 293	This isolate was isolated by R.A. Lelliott
NCPPB 301	
NCPPB 302	The donor reference is XP 8 The source of this isolate was .
NCPPB 305	
NCPPB 315	The donor reference is XS52/5
NCPPB 347	This isolate is also in the collections; ICMP 7, LMG 535 This isolate was isolated by G.B. Wallace
NCPPB 348	
NCPPB 362	
NCPPB 381	The donor reference is ZK4 This isolate is also in the collections; ATCC 19315, LMG 826, ICMP 239, CFBP 6165 The source of this isolate was ex W.A.F. Hagborg
NCPPB 400	This isolate was isolated by E. Hellmers 69
NCPPB 403	This isolate was isolated by D.W. Dye Ql
NCPPB 404	This isolate was isolated by D.W. Dye Q2
NCPPB 405	This isolate was isolated by D.W. Dye R1
NCPPB 406	The donor reference is R This isolate was isolated by D.W. Dye R2
NCPPB 407	This isolate was isolated by D.W. Dye R3
NCPPB 408	This isolate was isolated by D.W. Dye R4
NCPPB 409	This isolate is also in the collections; ICMP 24, LMG 682, CFBP 2525 This isolate was isolated by D.W. Dye R5
NCPPB 410	This isolate was isolated by D.W. Dye R6
NCPPB 411	The donor reference is S3 This isolate is also in the collections; ICMP 35, CFBP 2528, LMG 747, ATCC 49083
NCPPB 412	This isolate was isolated by D.W. Dye S6
NCPPB 414	This isolate was isolated by D.W. Dye S10
NCPPB 415	This isolate was isolated by D.W. Dye S12
NCPPB 416	This isolate is also in the collections; ATCC 19316, ICMP 51, LMG 852, CFBP 2535 This isolate was isolated by D.W. Dye Tl
NCPPB 418	This isolate was isolated by D.W. Dye T6
NCPPB 419	This isolate was isolated by D.W. Dye T7
NCPPB 420	This isolate was isolated by D.W. Dye T8
NCPPB 421	This isolate was isolated by D.W. Dye T9
NCPPB 422	This isolate is also in the collections; ICMP 63, LMG 911, ATCC 35937 This isolate was isolated by D.W. Dye X1
NCPPB 423	This isolate is also in the collections; ICMP 65, LMG 916 This isolate was isolated by D.W. Dye X3
NCPPB 424	This isolate is also in the collections; ICMP 66, LMG 917 This isolate was isolated by D.W. Dye X4
NCPPB 425	The donor reference is ZC1 The source of this isolate was ex B. Paine
NCPPB 457	This isolate is also in the collections; ATCC 19312, ICMP 50, LMG 982, DSMZ 3585 This isolate was isolated by M.P. Starr XA103
NCPPB 464	This isolate is also in the collections; ICMP 359, LMG 9052 This isolate was isolated by K.A. Sabet Cor 9
NCPPB 465	This isolate was isolated by K.A. Sabet Cor 5
NCPPB 466	This isolate is also in the collections; ICMP 360, LMG 859 The source of this isolate was ex M.K. Hingorani
NCPPB 473	The source of this isolate was ex M.K. Hingorani
NCPPB 476	The source of this isolate was ex M.K. Desai
NCPPB 477	The source of this isolate was ex M.K. Desai
NCPPB 478	The source of this isolate was ex M.K. Desai
NCPPB 479	This isolate was isolated by ex M.K. Desai
NCPPB 480	This isolate is also in the collections; CFBP 7121 The source of this isolate was ex M.K. Desai
NCPPB 481	This isolate is also in the collections; ATCC 11640, ICMP 315, LMG 692 This isolate was isolated by ICPB XD105 The source of this isolate was ex ICPB XD105 ex ICPB XD105
NCPPB 485	The donor reference is XB109 The source of this isolate was ex ICPB XB109
NCPPB 488	This isolate is also in the collections; ICPB XR101, ATCC 11767, LMG 7441, ICMP 248 The source of this isolate was ex M.K. Patel
NCPPB 490	The donor reference is 18 This isolate is also in the collections; ATCC 11637, ICMP 5740, LMG 941, CFBP 1716 This isolate was isolated by M.K. Patel The source of this isolate was ex ICPB PM114 ex M.K. Patel
NCPPB 509	The donor reference is 391 This isolate is also in the collections; LMG 919 This isolate was isolated by ex A. Rothwell
NCPPB 510	The donor reference is 392 This isolate was isolated by ex G. Orian
NCPPB 526	The donor reference is 412 This isolate was isolated by ex J.A. Spence XAS/L
NCPPB 528	This isolate is also in the collections; ICMP 13, ATCC 33913, LMG 568, CIP 100069 This isolate was isolated by E. Billing P25
NCPPB 529	This isolate was isolated by E. Billing P33/1
NCPPB 535	This isolate was isolated by K.A. Sabet Ric 3
NCPPB 536	This isolate is also in the collections; ICMP 671, LMG 753 This isolate was isolated by K.A. Sabet Khl
NCPPB 554	This isolate is also in the collections; ICMP 5732, LMG 712, CFBP 2526. ATCC 43911 This isolate was isolated by K.A. Sabet Soy 1
NCPPB 555	This isolate was isolated by K.A. Sabet Vig 5
NCPPB 556	This isolate was isolated by K.A. Sabet Dol S
NCPPB 557	This isolate was isolated by K.A. Sabet Dol W
NCPPB 570	This isolate is also in the collections; ATCC 11645, ICMP 441, LMG 498 The source of this isolate was ex M.K. Patel 16
NCPPB 571	This isolate is also in the collections; ATCC 11672, ICMP 571, LMG 546 This isolate was isolated by M.K. Patel 4
NCPPB 573	This isolate is also in the collections; ATCC 11639, ICMP 444, LMG 558 The source of this isolate was ex M.K. Patel 5
NCPPB 575	This isolate is also in the collections; ATCC 11676, ICMP 445, CIP 106789, LMG 684, DSMZ 13067, CCUG 43811 The source of this isolate was ex M.K. Patel 10
NCPPB 577	This isolate is also in the collections; ATCC 11671, ICMP 577, LMG 693 The source of this isolate was ex M.K. Patel 3
NCPPB 578	This isolate is also in the collections; ATCC 11679, ICMP 446, LMG 698 The source of this isolate was ex M.K. Patel 17
NCPPB 579	This isolate is also in the collections; ATCC 11674, ICMP 319, LMG 756 The source of this isolate was ex M.K. Patel 8
NCPPB 581	This isolate is also in the collections; ATCC 11643, ICMP 5779, LMG 849, CFBP 7277 The source of this isolate was ex M.K. Patel 12
NCPPB 582	This isolate is also in the collections; ATCC 11675, ICMP 367, LMG 867 This isolate was isolated by M.K. Patel The source of this isolate was ex M.K. Patel 9
NCPPB 584	This isolate is also in the collections; ATCC 11673, ICMP 572, LMG 995, CCUG 15850 The source of this isolate was ex M.K. Patel 7
NCPPB 585	This isolate is also in the collections; ATCC 11678, ICMP 5754, LMG 874 This isolate was isolated by ex M.K. Patel 15
NCPPB 586	This isolate is also in the collections; ATCC 11641, ICMP 5756, LMG 893 The source of this isolate was ex M.K. Patel 2
NCPPB 599	The donor reference is Y6 This isolate is also in the collections; ATCC 193314, ICMP 189, DSM 19077, CFBP 1156, LMG 739 The source of this isolate was ex E. van Slogteren
NCPPB 614	The source of this isolate was ex L.S. Bird 52-3
NCPPB 631	This isolate is also in the collections; ICMP 621, LMG 865 This isolate was isolated by ex K.A. Sabet
NCPPB 633	The donor reference is 222M This isolate is also in the collections; ICMP 5739, LMG 761, CFBP 2530 This isolate was isolated by ex F.T. Last M2519
NCPPB 634	The donor reference is 223S This isolate was isolated by ex F. T. Last S2519
NCPPB 637	The donor reference is 76200 This isolate is also in the collections; ICMP 616, LMG 691 This isolate was isolated by ex M.K. Patel The source of this isolate was ex M.V. Desai
NCPPB 638	The donor reference is 76537 This isolate is also in the collections; CFBP 7110 This isolate was isolated by ex A. Rothwell
NCPPB 642	The donor reference is 423 This isolate was isolated by ex E. Hellmers
NCPPB 645	This isolate was isolated by K.A. Sabet Cas 2
NCPPB 646	This isolate was isolated by K.A. Sabet Kh2
NCPPB 647	This isolate was isolated by K.A. Sabet Ses 9
NCPPB 648	This isolate was isolated by K.A. Sabet Med. 3
NCPPB 670	The donor reference is 77421 This isolate was isolated by ex C. Logan
NCPPB 701	The donor reference is 77833 This isolate is also in the collections; LMG 920 This isolate was isolated by ex G. Goidanich
NCPPB 702	The donor reference is 77860 This isolate is also in the collections; ICPB XV168, LMG 8710, CFBP 7163 This isolate was isolated by ex A. Rothwell
NCPPB 761	The donor reference is Yzl This isolate is also in the collections; ICMP 586, LMG 845, ATCC 49077 This isolate was isolated by N. Okabe The source of this isolate was ex N. Okabe
NCPPB 762	The donor reference is XAl This isolate is also in the collections; ICMP 570, LMG 847, DSM 18956, ATCC 35936 This isolate was isolated by N. Okabe The source of this isolate was ex N. Okabe
NCPPB 793	The donor reference is 78017 This isolate was isolated by ex T.N. Kaul
NCPPB 795	The donor reference is 81587 This isolate is also in the collections; LMG 900 This isolate was isolated by ex P. Baudin
NCPPB 840	This isolate is also in the collections; ICMP 167, LMG 811 The source of this isolate was ex M.K. Desai
NCPPB 875	
NCPPB 881	The donor reference is Strain sombor This isolate is also in the collections; ATCC 19865, DSM 19127 This isolate was isolated by D. Sutic
NCPPB 884	The donor reference is B400 The source of this isolate was ex R.M. Patel
NCPPB 885	The donor reference is B401 This isolate is also in the collections; ICMP 168, LMG 694 This isolate was isolated by ex R.M. Patel
NCPPB 887	This isolate is also in the collections; ATCC 33195 This isolate was isolated by A.C. Hayward B315
NCPPB 888	This isolate was isolated by A.C. Hayward B325
NCPPB 889	This isolate is also in the collections; LMG 902, CFBP 5831 This isolate was isolated by A.C. Hayward B323
NCPPB 891	This isolate was isolated by A.C. Hayward B337
NCPPB 892	This isolate was isolated by A.C. Hayward B349
NCPPB 893	This isolate was isolated by A.C. Hayward B343
NCPPB 895	This isolate is also in the collections; LMG 8714 This isolate was isolated by A.C. Hayward B370
NCPPB 896	The donor reference is B462 This isolate is also in the collections; ATCC 33196, LMG 483 This isolate was isolated by ex P. Baudin
NCPPB 897	The donor reference is B463 This isolate was isolated by ex P. Baudin
NCPPB 899	This isolate was isolated by A.C. Hayward B377
NCPPB 900	This isolate was isolated by A.C. Hayward B386
NCPPB 901	The donor reference is B406 The source of this isolate was ex N.B. Kulkarni
NCPPB 902	The donor reference is B454 The source of this isolate was ex N. Shanmuganathan
NCPPB 916	The donor reference is B136
NCPPB 917	This isolate was isolated by A.C. Hayward B130
NCPPB 918	This isolate was isolated by A.C. Hayward B373
NCPPB 922	The donor reference is B499 This isolate was isolated by ex P. Baudin 1213A
NCPPB 923	The donor reference is B495 This isolate was isolated by ex H.T. Brodrick A13a
NCPPB 924	The donor reference is B497 This isolate was isolated by ex H.T. Brodrick A26
NCPPB 926	The donor reference is B494 This isolate was isolated by ex H.T. Brodrick A12
NCPPB 935	This isolate is also in the collections; ATCC 19313, ICMP 5726, ICPB XC 12, LMG 689, CFBP 1159 The source of this isolate was ex P.W. Miller 5262
NCPPB 936	This isolate was isolated by ex W.H. Burkholder
NCPPB 937	This isolate is also in the collections; ATCC 13462, ICMP 574 This isolate was isolated by ex C.E. Williamson The source of this isolate was ex Netherlands
NCPPB 938	This isolate was isolated by ex W.H. Burkholder
NCPPB 939	This isolate is also in the collections; ICMP 453, LMG 733, DSM 19143 This isolate was isolated by ex W.H. Burkholder XH5
NCPPB 940	This isolate is also in the collections; ATCC 19318, ICMP 579 This isolate was isolated by ex J. Niederhauser
NCPPB 941	This isolate is also in the collections; ICMP 102, LMG 922 This isolate was isolated by ex W.H. Burkholder
NCPPB 942	This isolate was isolated by ex W.H. Burkholder
NCPPB 969	This isolate was isolated by ex W.H. Burkholder
NCPPB 970	This isolate was isolated by ex H.H. Thornberry 1-49
NCPPB 971	This isolate is also in the collections; ICMP 318, LMG 758 This isolate was isolated by ex P.A. Ark 1
NCPPB 972	This isolate was isolated by ex P.A. Ark 2
NCPPB 973	This isolate is also in the collections; ATCC 19319, ICMP 5752, LMG 876, DSM 18974, CFBP 1155 This isolate was isolated by ex C.S. Reddy
NCPPB 974	This isolate was isolated by ex Z. Patrick The source of this isolate was ex W.H. Burkholder
NCPPB 975	This isolate was isolated by ex W.H. Burkholder
NCPPB 976	This isolate is also in the collections; ATCC 19320, ICMP 336, LMG 937, CFBP 2538 This isolate was isolated by ex N.A. Brown The source of this isolate was ex W.H. Burkholder
NCPPB 983	This isolate is also in the collections; ATCC 13460, ICMP 437 This isolate was isolated by ex W.H. Burkholder
NCPPB 984	This isolate was isolated by ex S. Dombroff Oregan 5401
NCPPB 985	This isolate is also in the collections; ATCC 23379, LMG 7399, CFBP 7666 This isolate was isolated by P.A. Ark
NCPPB 986	This isolate was isolated by ex P.A. Ark Cardona 2
NCPPB 987	This isolate is also in the collections; ATCC 9653, LMG 7411, ICMP 454 This isolate was isolated by ex W.H. Burkholder XH6
NCPPB 989	This isolate is also in the collections; ATCC 13461, VKM B-618, ICMP 451, LMG 7416, This isolate was isolated by ex W.H. Burkholder
NCPPB 990	This isolate was isolated by ex W.H. Burkholder St3
NCPPB 993	This isolate is also in the collections; ATCC 13463, ICMP 439, LMG 757 This isolate was isolated by ex C. Lefebvre
NCPPB 994	This isolate is also in the collections; ATCC 11644, ICMP 619, LMG 9050 The source of this isolate was ex M.K. Patel 14
NCPPB 1009	This isolate is also in the collections; ICMP 1623 The source of this isolate was ex W.J. Dowson
NCPPB 1014	This isolate is also in the collections; ATCC 11636, ICMP 3965, LMG 954 The source of this isolate was ex M.K. Patel 19
NCPPB 1025	The donor reference is B565 This isolate was isolated by ex C. Polhill
NCPPB 1043	This isolate was isolated by A.C. Hayward B621
NCPPB 1046	The donor reference is B589 This isolate was isolated by ex G. Rangaswami
NCPPB 1048	This isolate was isolated by A.C. Hayward B639
NCPPB 1050	The donor reference is B672 This isolate was isolated by ex S. Bisessar
NCPPB 1056	This isolate is also in the collections; LMG 7457 This isolate was isolated by A.C. Hayward B665B
NCPPB 1058	This isolate was isolated by A.C. Hayward B659
NCPPB 1059	This isolate is also in the collections; ICPB XP198 This isolate was isolated by A.C. Hayward B658
NCPPB 1060	This isolate was isolated by A.C. Hayward B657
NCPPB 1061	This isolate is also in the collections; ATCC 23382, ICPB XP195, ICMP 1028, LMG 848 This isolate was isolated by A.C. Hayward B652
NCPPB 1062	This isolate was isolated by A.C. Hayward B644
NCPPB 1063	This isolate is also in the collections; ATCC 19317, LMG 861, ICMP 5747 This isolate was isolated by A.C. Hayward B651
NCPPB 1067	This isolate was isolated by A.C. Hayward B707A
NCPPB 1068	This isolate is also in the collections; ICMP 18269 This isolate was isolated by A.C. Hayward B689A
NCPPB 1117	The donor reference is B828 This isolate was isolated by ex G. Rangaswami
NCPPB 1124	This isolate was isolated by A.C. Hayward B724A
NCPPB 1128	This isolate was isolated by A.C. Hayward B791
NCPPB 1129	This isolate was isolated by A.C. Hayward B784
NCPPB 1131	This isolate was isolated by A.C. Hayward B720
NCPPB 1132	This isolate was isolated by A.C. Hayward B719
NCPPB 1135	This isolate was isolated by A.C. Hayward B740B
NCPPB 1136	This isolate was isolated by A.C. Hayward B809A
NCPPB 1138	This isolate was isolated by A.C. Hayward B727
NCPPB 1141	This isolate is also in the collections; ICPB XP202 This isolate was isolated by A.C. Hayward B745
NCPPB 1143	This isolate was isolated by L.A.E. Baker X3
NCPPB 1144	This isolate was isolated by L.A.E. Baker X9
NCPPB 1145	This isolate was isolated by L.A.E. Baker X10
NCPPB 1146	This isolate was isolated by L.A.E. Baker XII
NCPPB 1147	This isolate was isolated by L.A.E. Baker X13
NCPPB 1148	The donor reference is XGl This isolate is also in the collections; ICMP 82, LMG 9049 This isolate was isolated by ex D.P. Bhide
NCPPB 1149	The donor reference is XHl This isolate is also in the collections; ICMP 90, LMG 939 The source of this isolate was ex D.P. Bhide
NCPPB 1150	The donor reference is Ykl The source of this isolate was ex Orillo
NCPPB 1151	The donor reference is YK2 The source of this isolate was ex Orillo
NCPPB 1152	The donor reference is YK3 The source of this isolate was ex N. Okabe
NCPPB 1153	The donor reference is YK4 The source of this isolate was ex H. Muko
NCPPB 1154	
NCPPB 1155	This isolate is also in the collections; ICPB XL104, ICMP 84, CFBP 7258, LMG 1158 This isolate was isolated by D.W. Dye Pukatea 3
NCPPB 1158	This isolate is also in the collections; LMG 7458 This isolate was isolated by D.C. Graham
NCPPB 1159	This isolate is also in the collections; ATCC 23380, LMG 5274, ICMP 6934 This isolate was isolated by ex W.H. Burkholder SMl
NCPPB 1160	This isolate was isolated by ex O.A. Drummon & O. Hipolite
NCPPB 1161	This isolate was isolated by ex G. Orian M3
NCPPB 1235	This isolate was isolated by A.C. Hayward B922
NCPPB 1241	This isolate is also in the collections; ICPB XH112 This isolate was isolated by A.C. Hayward B996
NCPPB 1244	This isolate was isolated by A.C. Hayward B1021
NCPPB 1324	This isolate was isolated by A.C. Hayward B1167
NCPPB 1325	The donor reference is B1160 This isolate is also in the collections; ICMP 18270 This isolate was isolated by ex C.L.A. Leakey
NCPPB 1326	This isolate is also in the collections; LMG 8717 This isolate was isolated by A.C. Hayward B1116
NCPPB 1332	This isolate was isolated by A.C. Hayward B1198
NCPPB 1334	This isolate is also in the collections; ICMP 5736, LMG 744 This isolate was isolated by ex A.C. Padhya
NCPPB 1336	This isolate is also in the collections; ICMP 5717, LMG 470 This isolate was isolated by A.C. Padhya
NCPPB 1337	This isolate is also in the collections; ICMP 5742, LMG 786 This isolate was isolated by ex A.C. Padhya
NCPPB 1381	This isolate is also in the collections; LMG 8718 This isolate was isolated by A.C. Hayward B1350
NCPPB 1393	The donor reference is B1432 The source of this isolate was ex ITCC SF62
NCPPB 1394	The donor reference is B1446 This isolate was isolated by ex N. Shanmuganathan
NCPPB 1395	The donor reference is B1444 This isolate was isolated by ex N. Shanmuganathan
NCPPB 1396	The donor reference is B1443 This isolate was isolated by ex N. Shanmuganathan
NCPPB 1402	This isolate is also in the collections; LMG 7459 This isolate was isolated by A.C. Hayward B1374
NCPPB 1420	This isolate was isolated by Z. Klement E1388
NCPPB 1421	This isolate was isolated by Z. Klement S. 20
NCPPB 1422	This isolate is also in the collections; ICMP 5723, LMG 8646 This isolate was isolated by ex Z. Klement N.066
NCPPB 1423	This isolate is also in the collections; ICMP 114, LMG 923 This isolate was isolated by Z. Klement S. 07
NCPPB 1426	This isolate is also in the collections; ICMP 173, LMG 924 This isolate was isolated by Z. Klement S. 10
NCPPB 1431	This isolate is also in the collections; ICMP 112, LMG 925 This isolate was isolated by Z. Klement S. 04
NCPPB 1433	This isolate is also in the collections; LMG 8016 This isolate was isolated by Z. Klement E1309
NCPPB 1438	This isolate is also in the collections; ICMP 172, LMG 926, CFBP 7955 This isolate was isolated by Z. Klement I. 608
NCPPB 1439	This isolate was isolated by Z. Klement E1299
NCPPB 1447	The donor reference is 19 This isolate was isolated by ex I. Lazar
NCPPB 1451	This isolate is also in the collections; ICMP 5761, LMG 940 This isolate was isolated by ex A.C. Padhya
NCPPB 1452	This isolate is also in the collections; ICMP 5852, LMG 872, ATCC 23577 This isolate was isolated by ex A.C. Padhya
NCPPB 1453	This isolate was isolated by ex M.C. Srinivasan
NCPPB 1454	This isolate is also in the collections; ICMP 5753, LMG 873 This isolate was isolated by ex M.C. Srinivasan
NCPPB 1455	This isolate is also in the collections; ICMP 5737, LMG 754 This isolate was isolated by ex M.C. Srinivasan
NCPPB 1457	This isolate was isolated by ex M.C. Srinivasan
NCPPB 1469	This isolate is also in the collections; ICMP 5715, ATTCC 33239, VKM B-2165, DSMZ 3587, LMG 708, CFBP 2157 This isolate was isolated by B.W. Kennedy
NCPPB 1471	This isolate was isolated by A.C. Hayward B1603
NCPPB 1472	This isolate was isolated by A.C. Hayward B1601
NCPPB 1473	This isolate was isolated by A.C. Hayward B1559
NCPPB 1475	This isolate was isolated by A.C. Hayward B1479
NCPPB 1482	This isolate was isolated by A.C. Hayward B1741
NCPPB 1495	This isolate is also in the collections; LMG 8017 This isolate was isolated by G.E. Jones C398
NCPPB 1560	This isolate was isolated by R.A. Lelliott 479
NCPPB 1568	The donor reference is 1 This isolate was isolated by ex K.S.S. Eswaran
NCPPB 1585	This isolate is also in the collections; ICPB XOlll, ICMP 5743, LMG 797, CFBP 2286, ATCC 49072 This isolate was isolated by A.C. Hayward B2115
NCPPB 1593	This isolate is also in the collections; ICMP 1617, LMG 534 This isolate was isolated by ex M.C. Srinivasan
NCPPB 1594	This isolate was isolated by ex A.C. Padhya The source of this isolate was ex M.K. Patel
NCPPB 1595	The source of this isolate was ex M.C. Srinivasan
NCPPB 1596	The source of this isolate was ex M.C. Srinivasan
NCPPB 1607	The donor reference is B2165 This isolate was isolated by ex R.D. Pares
NCPPB 1610	This isolate was isolated by R.A. Lelliott
NCPPB 1612	This isolate was isolated by A.C. Hayward B2175
NCPPB 1615	This isolate is also in the collections; ICPB XPl99 This isolate was isolated by R.A. Lelliott
NCPPB 1616	This isolate was isolated by A.C. Hayward B2249F
NCPPB 1622	This isolate was isolated by D.C. Graham
NCPPB 1628	This isolate is also in the collections; ICPB XA132 This isolate was isolated by A.C. Padhya
NCPPB 1629	This isolate was isolated by ex A.C. Padhya
NCPPB 1630	This isolate was isolated by ex D.W. Dye ZZ24 The source of this isolate was .
NCPPB 1632	The source of this isolate was ex M. Goto B50
NCPPB 1633	This isolate is also in the collections; ICPB XSl, CFBP 7111 This isolate was isolated by ex W.H. Burkholder The source of this isolate was ex R.S. Dickey
NCPPB 1638	This isolate was isolated by A.C. Hayward B2290
NCPPB 1645	The donor reference is B2340 This isolate was isolated by ex A.H. Ramos SAL/163/B
NCPPB 1646	The donor reference is B2324A This isolate was isolated by ex W.S. Sutton
NCPPB 1648	This isolate was isolated by A.C. Hayward B2305
NCPPB 1654	The donor reference is B2330 This isolate is also in the collections; LMG 837 This isolate was isolated by ex B.H. Boelema F6
NCPPB 1659	This isolate was isolated by A.C. Hayward B2404
NCPPB 1668	The donor reference is CS56-27
NCPPB 1671	This isolate was isolated by A.C. Hayward B2536
NCPPB 1672	This isolate was isolated by A.C. Hayward B2540B
NCPPB 1680	This isolate is also in the collections; ICPB XP200 This isolate was isolated by D.C. Graham
NCPPB 1683	This isolate is also in the collections; ATCC 19867, ICMP 3945
NCPPB 1684	This isolate is also in the collections; ICPB XR117 This isolate was isolated by A.C. Hayward B2602
NCPPB 1685	The donor reference is B2631 This isolate was isolated by ex H.L. Harvey WA134
NCPPB 1697	This isolate was isolated by A.C. Hayward B2024
NCPPB 1698	The donor reference is B650 This isolate is also in the collections; ATCC 14985, LMG 7429 This isolate was isolated by ex C. Logan XL59/10
NCPPB 1699	This isolate was isolated by A.C. Hayward B2019
NCPPB 1700	The donor reference is B648 This isolate is also in the collections; ATCC 14982 This isolate was isolated by ex C. Logan XL 59/6
NCPPB 1701	This isolate is also in the collections; ATCC 14983 This isolate was isolated by A.C. Hayward B649 ex C. Logan XL59/9
NCPPB 1711	The donor reference is B1548 This isolate was isolated by ex M.D. Sutton P125
NCPPB 1712	This isolate was isolated by A.C. Hayward B1334
NCPPB 1713	This isolate was isolated by A.C. Hayward B912
NCPPB 1714	This isolate was isolated by A.C. Hayward B744
NCPPB 1715	This isolate was isolated by A.C. Hayward B1853
NCPPB 1717	The donor reference is B913
NCPPB 1737	This isolate was isolated by R.A. Lelliott X.a.7a
NCPPB 1738	This isolate was isolated by R.A. Lelliott X.a.5
NCPPB 1754	The donor reference is HACC-179 This isolate is also in the collections; ATCC 17992 This isolate was isolated by ex M.C. Srinivasan
NCPPB 1755	The donor reference is HACC-180 This isolate is also in the collections; ATCC 17993
NCPPB 1756	The donor reference is HACC-181 This isolate is also in the collections; ATCC 17994, ICMP 5746, LMG 846
NCPPB 1757	The donor reference is HACC-182 This isolate is also in the collections; ATCC 17995, PDDCC 57 22, LMG 557, ICMP 5722
NCPPB 1758	The donor reference is HACC-183 This isolate is also in the collections; ATCC 17996, ICMP 5725, LMG 867
NCPPB 1759	This isolate was isolated by ex M.C. Srinivasan 1871 The source of this isolate was ex M.J. Thirumalachar HACC-184
NCPPB 1760	The donor reference is HACC-185 This isolate is also in the collections; ATCC 17998, ICMP 5751, LMG 868
NCPPB 1765	This isolate was isolated by R.A. Skipp
NCPPB 1774	The donor reference is Pt3
NCPPB 1785	This isolate was isolated by M. K. Patel
NCPPB 1786	This isolate is also in the collections; ICMP 5724, LMG 686 This isolate was isolated by ex S.G. Desai
NCPPB 1787	This isolate is also in the collections; ICMP 5758, LMG 9058 This isolate was isolated by M.K. Patel
NCPPB 1811	This isolate was isolated by D.C. Graham
NCPPB 1821	This isolate is also in the collections; CFBP 7120 This isolate was isolated by T. Tominaga
NCPPB 1822	This isolate is also in the collections; ICPB XF105 This isolate was isolated by R.A. Lelliott
NCPPB 1826	This isolate was isolated by G.E. Jones C555
NCPPB 1827	This isolate is also in the collections; ICMP 5748, LMG 8021 This isolate was isolated by K.A. Sabet Rhyn 1
NCPPB 1828	This isolate is also in the collections; ICMP 5730, LMG 863 This isolate was isolated by K.A. Sabet Euph 1
NCPPB 1829	This isolate was isolated by K.A. Sabet Jat 100
NCPPB 1830	The source of this isolate was ex H. Koike 310
NCPPB 1832	This isolate is also in the collections; ATCC 19045, ICMP 1488, LMG 677 This isolate was isolated by ex D.W. Dye ZZ28
NCPPB 1833	This isolate is also in the collections; ICMP 5727, LMG 695 This isolate was isolated by ex C.F. Robbs ENA-350
NCPPB 1834	This isolate is also in the collections; ICMP 5741, LMG 773, CFBP 7153, ATCC 49073 This isolate was isolated by ex C.F. Robbs ENA-300
NCPPB 1836	The source of this isolate was ex J.R. Wallin 10b
NCPPB 1837	This isolate is also in the collections; ICMP 5744, LMG 843, CFBP 2540 The source of this isolate was ex J.R. Wallin 3
NCPPB 1838	This isolate is also in the collections; ICMP 333, ATCC 11648, CFBP 7112, LMG 8752 This isolate was isolated by ex W.H. Burkholder XV18
NCPPB 1839	This isolate was isolated by ex A.P. Viegas The source of this isolate was ex C.F. Robbs ENA-250
NCPPB 1841	This isolate was isolated by ex C.F. Robbs ENA-265
NCPPB 1925	This isolate was isolated by ex E. Hellmers The source of this isolate was ex ATCC 11726 ex W.H. Burkholder XB10
NCPPB 1929	This isolate is also in the collections; ITCC B47 The source of this isolate was ex M.K. Patel
NCPPB 1930	This isolate was isolated by ex W.H.Burkholder HI
NCPPB 1932	This isolate is also in the collections; ICMP 5743, LMG 731, ATCC 49072 This isolate was isolated by ex D. Yirgou I-l
NCPPB 1933	This isolate was isolated by ex D. Yirgou I-2
NCPPB 1934	This isolate was isolated by ex K.F. Baker
NCPPB 1935	This isolate is also in the collections; ATCC 23390, ICMP 80, LMG 787 This isolate was isolated by N. Okabe The source of this isolate was ex D.W. Dye ZT2 ex N. Okabe
NCPPB 1936	The source of this isolate was ex D.N. Srivastava
NCPPB 1938	The source of this isolate was ex P.A. Ark PA
NCPPB 1939	The source of this isolate was ex L.A. McFadden XP6
NCPPB 1942	The source of this isolate was ex D.W. Dye ZQ1 ex W.J. Dowson 175 ex R.M, Natrass
NCPPB 1943	This isolate is also in the collections; ICMP1409 The source of this isolate was ex J.R. Wallin 20
NCPPB 1944	The donor reference is ICPB XT15 This isolate is also in the collections; ICMP 1409, LMG 679, CFBP 2541 The source of this isolate was ex J.R. Wallin 60-1
NCPPB 1945	The source of this isolate was ex W.A.F. Hagborg 1910
NCPPB 1946	This isolate is also in the collections; ICMP 1404, LMG 860, ATCC 49079 The source of this isolate was ex R. Lincoln Lll
NCPPB 1974	This isolate is also in the collections; ATCC 13637; CCM 1640; NCTC 10275; NCIMB 9203; NCIMB 9203; DSM 50170; NCPPB 1974;
NCPPB 1975	
NCPPB 1981	The donor reference is 332 This isolate was isolated by ex E. Billing W135
NCPPB 2005	The donor reference is B3100 This isolate is also in the collections; ICPB XM130, ICMP 2870, CFBP 7123, DSM 24447, LMG 785, ATCC 49084 This isolate was isolated by ex D. Yirgou
NCPPB 2011	This isolate was isolated by F.W. Catton C596
NCPPB 2016	This isolate was isolated by J. Oxtoby X.H.l
NCPPB 2031	The donor reference is XCB-2
NCPPB 2044	The donor reference is 15984
NCPPB 2057	The donor reference is Hel 1 This isolate is also in the collections; ICMP 5778, LMG 735
NCPPB 2058	This isolate is also in the collections; ICMP 5159 This isolate was isolated by K.A. Sabet Phas 2
NCPPB 2059	This isolate was isolated by K.A. Sabet Vig 1
NCPPB 2060	This isolate was isolated by K.A. Sabet Rhyn 2
NCPPB 2061	This isolate is also in the collections; CFBP 7113 This isolate was isolated by K.A. Sabet Vig 3
NCPPB 2062	This isolate is also in the collections; ICMP 5718, LMG 497 This isolate was isolated by K.A. Sabet Alf 1
NCPPB 2063	This isolate was isolated by K.A. Sabet Caj 1
NCPPB 2064	This isolate was isolated by K.A. Sabet Dol 3
NCPPB 2066	This isolate is also in the collections; ICMP 5745, LMG 844 This isolate was isolated by K.A. Sabet Phyl 1
NCPPB 2067	This isolate was isolated by K.A. Sabet Euph 3
NCPPB 2095	This isolate was isolated by D.C. Graham
NCPPB 2097	
NCPPB 2099	
NCPPB 2147	This isolate was isolated by L. Behr 1
NCPPB 2181	This isolate was isolated by T. Tominaga X1-11-2
NCPPB 2182	This isolate is also in the collections; ICMP 5780, LMG 732 This isolate was isolated by ex W. Kamerman S131-84
NCPPB 2183	This isolate was isolated by ex W. Kamerman S148-81
NCPPB 2190	This isolate is also in the collections; ICMP 5729, LMG 699 This isolate was isolated by C. F. Robbs ENA-568
NCPPB 2217	This isolate is also in the collections; ATCC 33914;CECT 7646;CNBP 1192;DSM 7250;ICMP 4298;ICPB XA138;LMG 5856 This isolate was isolated by C.G. Panagopoulos 48
NCPPB 2218	This isolate is also in the collections; ICPB XA139 This isolate was isolated by C.G. Panagopoulos 75
NCPPB 2226	This isolate was isolated by D.C. Graham
NCPPB 2228	This isolate is also in the collections; ICPB XB117, ICMP 2780, LMG 556 This isolate was isolated by A.M. Patel
NCPPB 2229	This isolate is also in the collections; ICPB XL107, ICMP 5738, LMG 9048 This isolate was isolated by A.M. Patel
NCPPB 2230	This isolate is also in the collections; ICPB XN105, ICMP 5731, LMG 9047 This isolate was isolated by A.M. Patel
NCPPB 2247	This isolate was isolated by J.F. Bradbury B3596
NCPPB 2248	The donor reference is B3005 This isolate was isolated by ex R.A. Bailey MR20213
NCPPB 2249	This isolate was isolated by J.F. Bradbury B3891
NCPPB 2250	The donor reference is Dowson 1939 This isolate was isolated by J.F. Bradbury B3516a
NCPPB 2251	The donor reference is B3645 This isolate is also in the collections; CFBP 7122 This isolate was isolated by ex D. Yirgou
NCPPB 2255	The donor reference is 068-1406
NCPPB 2257	The donor reference is X32
NCPPB 2258	The donor reference is X42
NCPPB 2269	This isolate was isolated by M.J. Dervish 1356/2
NCPPB 2297	This isolate was isolated by F.W. Catton 85/68
NCPPB 2336	This isolate was isolated by F.W. Catton C721
NCPPB 2337	The donor reference is B63 This isolate is also in the collections; ICPB XE104, ICMP 5382, CFBP 7270, LMG 700
NCPPB 2338	The donor reference is B99 This isolate is also in the collections; ICPB XE105
NCPPB 2345	This isolate was isolated by J. Oxtoby A218
NCPPB 2346	This isolate is also in the collections; ICMP 3151, LMG 810 This isolate was isolated by A.L.G. Pereira SBF-813
NCPPB 2352	This isolate was isolated by J.W. Miller 069-3050
NCPPB 2368	The donor reference is XPEl This isolate is also in the collections; ICMP 3030, LMG 812 This isolate was isolated by ex J.K. Jindal
NCPPB 2369	The donor reference is XRI This isolate was isolated by ex J.K. Jindal
NCPPB 2370	The donor reference is XH1 This isolate was isolated by ex J.K. Jindal
NCPPB 2371	The donor reference is Xal This isolate is also in the collections; ICMP 3033, LMG 499 This isolate was isolated by ex J.K. Jindal
NCPPB 2372	The donor reference is XFl This isolate is also in the collections; ICMP 3036, LMG 701 This isolate was isolated by ex J.K. Jindal
NCPPB 2373	The donor reference is XCl This isolate is also in the collections; ICMP 3034, LMG 669 This isolate was isolated by ex J.K. Jindal
NCPPB 2374	The donor reference is XC2 This isolate was isolated by ex J.K. Jindal
NCPPB 2375	This isolate is also in the collections; W.J. Dowson 265 This isolate was isolated by ex M.P. Starr XA113
NCPPB 2376	This isolate is also in the collections; W.J. Dowson 266 This isolate was isolated by ex M.P. Starr XA115
NCPPB 2387	The donor reference is PM This isolate was isolated by ex G.S. Shekhawat
NCPPB 2388	The donor reference is PA This isolate is also in the collections; ICMP 3102, LMG 543 This isolate was isolated by ex J.K. Jindal
NCPPB 2389	The donor reference is B5 This isolate is also in the collections; ICMP 5735 This isolate was isolated by ex G.S. Shekhawat
NCPPB 2393	This isolate was isolated by T. Tominaga Xl-6-1
NCPPB 2417	The donor reference is YW5 This isolate is also in the collections; ICMP 3103, LMG 736, CFBP 2543 This isolate was isolated by ex D.R.W. Watson
NCPPB 2436	The donor reference is VMl This isolate is also in the collections; ICMP 3518, LMG 536 This isolate was isolated by ex A.L.G. Pereira SBF-913
NCPPB 2438	This isolate was isolated by N.M. Viljoen 2UP87
NCPPB 2439	This isolate is also in the collections; ICMP 5762, LMG 8692 This isolate was isolated by A.C. Hayward 0365
NCPPB 2443	This isolate was isolated by J.C. Lozano 23L
NCPPB 2444	This isolate was isolated by J.C. Lozano 30L
NCPPB 2446	The donor reference is B5000 This isolate was isolated by ex S. Yoshimura The source of this isolate was ex R.T.V. Fox ex Mizukami H5809
NCPPB 2475	This isolate is also in the collections; ICMP 3867, LMG 965 This isolate was isolated by M.V. Nayudu 0307
NCPPB 2490	The donor reference is B4929 This isolate was isolated by ex J. Subbayya
NCPPB 2492	This isolate was isolated by J.F. Bradbury B4568b
NCPPB 2493	This isolate was isolated by J.F. Bradbury B4487
NCPPB 2494	The donor reference is B5017 The source of this isolate was ex S.V. Hegde Guar 1
NCPPB 2495	This isolate was isolated by J.F. Bradbury B4687
NCPPB 2496	The donor reference is B5078 The source of this isolate was ex H.K. Saksena
NCPPB 2497	The donor reference is B4539 The source of this isolate was ex V.P. Rao ex M.J. Chacko
NCPPB 2498	This isolate is also in the collections; ICMP 5380, LMG 685 This isolate was isolated by J.F. Bradbury B5081
NCPPB 2499	This isolate was isolated by J.F. Bradbury B4542
NCPPB 2503	This isolate was isolated by ex J.A. Spence The source of this isolate was ex A. Hayward
NCPPB 2517	This isolate was isolated by L.A.E. Baker 507
NCPPB 2550	The donor reference is IBSP-124
NCPPB 2567	This isolate is also in the collections; ICMP 203, LMG 7479, ATCC 23378 This isolate was isolated by M. K. Bryan The source of this isolate was ex ICPB XC6 ex P.R. Burkholder ex M.K. Bryan 46
NCPPB 2572	The donor reference is 555 This isolate was isolated by ex R.E. Stall XV-69-1 The source of this isolate was ex T. Egli
NCPPB 2573	The donor reference is 557 This isolate is also in the collections; LMG 929 This isolate was isolated by ex R.E. Stall XV-69-10 The source of this isolate was ex T. Egli
NCPPB 2574	The donor reference is 558 This isolate is also in the collections; LMG 930 This isolate was isolated by ex R.E. Stall XV-69-23 The source of this isolate was ex T. Egli
NCPPB 2575	The donor reference is 560 This isolate is also in the collections; LMG 931 This isolate was isolated by ex R.E. Stall XV-69-13 The source of this isolate was ex T. Egli
NCPPB 2576	The donor reference is 561 This isolate was isolated by ex R.E. Stall XV-E-3 The source of this isolate was ex T. Egli
NCPPB 2586	This isolate was isolated by S. Vir
NCPPB 2587	This isolate was isolated by F.N. Matthee;
NCPPB 2588	This isolate was isolated by F.N. Matthee
NCPPB 2592	The donor reference is ENA-2078 This isolate is also in the collections; ICMP 8917, LMG 9040
NCPPB 2593	This isolate is also in the collections; LMG 932 This isolate was isolated by C.F. Robbs ENA-804 The source of this isolate was ex O. Kimura
NCPPB 2594	This isolate is also in the collections; LMG 933 This isolate was isolated by C.F. Robbs ENA-734 The source of this isolate was ex O. Kimura
NCPPB 2595	This isolate was isolated by C.F. Robbs ENA-76
NCPPB 2597	This isolate is also in the collections; ICMP 2299, LMG 690, DSM 18957, CFBP 2542 This isolate was isolated by D.R.W. Watson E78
NCPPB 2605	This isolate was isolated by P. Roberts A493
NCPPB 2614	The donor reference is NU2 This isolate was isolated by ex M.V. Nayudu 0302 The source of this isolate was ex ICMP 3865
NCPPB 2615	The donor reference is NU3 This isolate was isolated by ex M.V. Nyaudu 0305
NCPPB 2616	The donor reference is NU5 This isolate was isolated by ex M.V. Nayaudu 0309
NCPPB 2632	This isolate was isolated by B. Austin D119
NCPPB 2649	This isolate is also in the collections; ICMP 5719, LMG 533 This isolate was isolated by S.K. Mohan
NCPPB 2654	This isolate was isolated by F.W. Catton C783
NCPPB 2665	The donor reference is IPV-BO 193 This isolate is also in the collections; LMG 841 The source of this isolate was ex D. Alberto IPV BO 193
NCPPB 2695	This isolate was isolated by ex D. Schmidt
NCPPB 2696	This isolate was isolated by T. Egli 702
NCPPB 2697	This isolate was isolated by T. Egli 703
NCPPB 2698	This isolate was isolated by T. Egli 704
NCPPB 2699	This isolate was isolated by T. Egli 705
NCPPB 2700	This isolate is also in the collections; ICMP 5733, LMG 726, ATCC 29091, CFBP 2053 This isolate was isolated by T. Egli 706
NCPPB 2701	This isolate was isolated by T. Egli 707
NCPPB 2817	The donor reference is 4081
NCPPB 2819	The donor reference is 4230
NCPPB 2820	The donor reference is 5262
NCPPB 2821	The donor reference is 5523 This isolate is also in the collections; ICMP 5755, LMG 892, ATCC 35935, CFBP 2055
NCPPB 2822	The donor reference is 5558 This isolate is also in the collections; ICMP 5749, LMG 883, CFBP 2539
NCPPB 2825	The donor reference is 5670
NCPPB 2826	The donor reference is 5673
NCPPB 2827	The donor reference is 5690
NCPPB 2828	The donor reference is 5777
NCPPB 2829	The donor reference is 5781
NCPPB 2831	The donor reference is 5897
NCPPB 2832	This isolate is also in the collections; ICMP 5381, LMG 532 This isolate was isolated by ex M. Beramis
NCPPB 2834	The donor reference is UKP 33 The source of this isolate was ex S.J. Brown
NCPPB 2835	The donor reference is UKP 37 The source of this isolate was ex S.J. Brown
NCPPB 2836	
NCPPB 2837	The donor reference is UKP 783 This isolate was isolated by ex D.L. Ebbels
NCPPB 2838	The donor reference is UKP 765 This isolate was isolated by ex D.L. Ebbels
NCPPB 2839	The donor reference is UKP 784 This isolate was isolated by ex D.L. Ebbels
NCPPB 2840	The donor reference is UKP 852
NCPPB 2856	This isolate was isolated by F.W. Catton C798
NCPPB 2857	This isolate was isolated by W.F. Catton C799
NCPPB 2859	The source of this isolate was ex D. Massfeller ex R. Hazneci
NCPPB 2864	This isolate was isolated by F.W. Catton 211/75/2
NCPPB 2865	This isolate was isolated by F.W. Catton 212/75/1
NCPPB 2866	This isolate was isolated by F.W. Catton 212/75/6
NCPPB 2876	This isolate was isolated by V. Severin XC7
NCPPB 2877	This isolate is also in the collections; ICMP 6570, LMG 9042, CCUG 28779, DSMZ 44278, ATCC 49725 This isolate was isolated by V. Severin XC8
NCPPB 2879	This isolate was isolated by V. Severin XC12
NCPPB 2885	This isolate was isolated by ex J.G. Luisetti G21.5
NCPPB 2894	This isolate was isolated by M.L. Moffett 0238
NCPPB 2896	The donor reference is 164/7
NCPPB 2898	This isolate is also in the collections; ICMP 7080 This isolate was isolated by P. Roberts A724A
NCPPB 2904	This isolate was isolated by P. Roberts A736
NCPPB 2910	The donor reference is B5271 This isolate was isolated by ex R.W. Schneider 1186
NCPPB 2914	The donor reference is B5300 The source of this isolate was ex D. Norse 507
NCPPB 2918	The donor reference is BS469 This isolate was isolated by J.F. Bradbury BS469
NCPPB 2919	The donor reference is B5530 This isolate was isolated by ex R.J. Williams CBZII 5972
NCPPB 2920	This isolate was isolated by J.F. Bradbury B5562
NCPPB 2921	The donor reference is B5566 This isolate was isolated by ex P.S.W. Lin PP1312/60
NCPPB 2922	The donor reference is B5577 This isolate was isolated by J.F. Bradbury
NCPPB 2925	The donor reference is B5582 This isolate was isolated by ex C. Nwigwe YI
NCPPB 2927	This isolate was isolated by J.F. Bradbury B5632
NCPPB 2928	The donor reference is B5643 This isolate was isolated by ex B.P.Chakravarti N318
NCPPB 2930	The donor reference is B5806 This isolate was isolated by ex G. Jackson PP223
NCPPB 2931	This isolate was isolated by J.F. Bradbury B5830
NCPPB 2932	The donor reference is B5480 This isolate was isolated by ex B.S. Siradhana
NCPPB 2933	The donor reference is B6132 This isolate was isolated by J.F. Bradbury B6132
NCPPB 2934	The donor reference is B6141 This isolate was isolated by ex P.S. Shekhawat XWl
NCPPB 2935	The donor reference is B6144 This isolate was isolated by ex P.S. Shekhawat D42
NCPPB 2936	The donor reference is B 6149 This isolate was isolated by ex P.S. Shekhawat XA1
NCPPB 2938	The donor reference is B6617 This isolate was isolated by ex Hasanuddin
NCPPB 2949	The donor reference is DAR 26146 This isolate was isolated by ex J. McGeghan The source of this isolate was ex N.S.W. Dept. of Agri.
NCPPB 2953	The donor reference is Tri lb This isolate is also in the collections; ICPB XP228
NCPPB 2955	The donor reference is Bt3 This isolate is also in the collections; ICPB XP230
NCPPB 2959	The donor reference is Reg This isolate is also in the collections; ICMP 5816, ICPB XP231, ATCC 51165, CFBP 1817, LMG 5743
NCPPB 2960	The donor reference is BII This isolate is also in the collections; ICPB XP232
NCPPB 2963	The donor reference is S62b This isolate is also in the collections; ICPB XP235
NCPPB 2965	The donor reference is IBBF-105 This isolate was isolated by ex J.R. Neto
NCPPB 2967	The donor reference is IBBF-165 This isolate was isolated by ex A.G. Zagatto
NCPPB 2968	This isolate is also in the collections; ATCC 11633, DSM 19128, CFBP 6864, LMG 27970 This isolate was isolated by ex W.H. Burkholder XV25 The source of this isolate was ex D.W. Dye X12
NCPPB 2969	This isolate is also in the collections; ATCC 33915, CFBP 2523, ICMP 196, LMG 494, DSMZ 3583 This isolate was isolated by ex D.W. Dye ZA6
NCPPB 2970	This isolate is also in the collections; ATCC 14179, ICMP 220, LMG 809 This isolate was isolated by ex M.K. Bryan 47 The source of this isolate was ex D.W. Dye ZI 2 ex ICPB XP5
NCPPB 2973	This isolate is also in the collections; ATCC 11638, ICPB XC112, M.K. Patel 6, ICMP 358, LMG 675, CFBP 2973 This isolate was isolated by M.K. Patel The source of this isolate was ex D.W. Dye YD2 ex W.H. Burkholder XC18
NCPPB 2977	This isolate is also in the collections; ATCC 23577, LMG 872, ICMP 5852 This isolate was isolated by M.K. Patel The source of this isolate was ex D.W. Dye WK2 ex M.J. Thirumalachar
NCPPB 2978	This isolate is also in the collections; ICMP 2372, LMG 9059 The source of this isolate was ex D.W. Dye VNI ex J.J. Joubert Arum 3
NCPPB 2982	This isolate is also in the collections; ICMP 8561, LMG 2167, ATCC 33616, CFBP 2432 This isolate was isolated by ex M. Goto PC1
NCPPB 2983	This isolate is also in the collections; ICMP 4294, LMG 702 This isolate was isolated by ex M. Goto XPl
NCPPB 2985	This isolate is also in the collections; CFBP 2533, ICMP 4321, LMG 7314 The source of this isolate was ex D.W. Dye ZJ12 ex W.J. Kemp 41
NCPPB 2986	This isolate is also in the collections; ICMP 4805, LMG 9037 This isolate was isolated by ex M.L. Moffett 0406
NCPPB 2987	This isolate is also in the collections; ICPB XP 237 This isolate was isolated by ex D.A. Burdekin
NCPPB 2997	This isolate was isolated by ex R.G. Orellana 14
NCPPB 2998	This isolate was isolated by ex R.G. Orellana 19
NCPPB 3002	This isolate is also in the collections; ATCC 35933, ICMP 3125, LMG 5047, CFBP 2532 This isolate was isolated by ex Y.P. Rao
NCPPB 3003	This isolate is also in the collections; ICPB XB110, NZRCC 10031, CFBP 2524, ICMP 194, ATCC 49082, LMG 7303 This isolate was isolated by ex D.W. Dye Z4
NCPPB 3005	This isolate was isolated by ex C.F. Robbs IBSP XM1
NCPPB 3020	The donor reference is 426 & 427
NCPPB 3022	This isolate was isolated by J.C. Lozano CIAT 1185
NCPPB 3024	This isolate was isolated by D.L. Strider NC334
NCPPB 3026	This isolate was isolated by S. Grasso 3
NCPPB 3027	This isolate was isolated by S. Grasso 6
NCPPB 3028	This isolate was isolated by J.R. Neto X-84
NCPPB 3035	This isolate is also in the collections; CFBP 2534, ICMP 5834, ATCC 9563, The source of this isolate was ex ATCC 9563 ex W.H. Burkholder XP20
NCPPB 3040	This isolate was isolated by J.E. Sellwood A895
NCPPB 3041	This isolate was isolated by P. Roberts A905
NCPPB 3058	
NCPPB 3059	This isolate was isolated by H. Maraite Z291
NCPPB 3060	This isolate was isolated by H. Maraite N578
NCPPB 3061	This isolate is also in the collections; ICMP 8816, LMG 671 This isolate was isolated by M. Maraite R662
NCPPB 3062	This isolate is also in the collections; LMG 672 This isolate was isolated by M. Maraite R704
NCPPB 3066	This isolate was isolated by J.E. Sellwood A960
NCPPB 3078	The donor reference is ENA503 This isolate was isolated by ex A. Frenhani
NCPPB 3079	This isolate is also in the collections; ICMP 8919, LMG 9053 This isolate was isolated by C.F. Robbs ENA 2154
NCPPB 3082	This isolate was isolated by C.F. Robbs ENA 2564
NCPPB 3086	This isolate is also in the collections; ICMP 6502, LMG 9046 The source of this isolate was ex ITCC 29 ex N.M. Pant
NCPPB 3092	The donor reference is B7090 This isolate is also in the collections; ICMP 6574, LMG 9045 This isolate was isolated by ex Y.S. Kulkarni
NCPPB 3110	This isolate was isolated by C.F. Robbs ENA 2530
NCPPB 3114	This isolate is also in the collections; ICMP 6747, LMG 9051 This isolate was isolated by ex N.M. Pant P30 The source of this isolate was ex ITCC
NCPPB 3119	This isolate was isolated by ex J. Mahillon
NCPPB 3125	This isolate was isolated by M.L. Moffett 0839
NCPPB 3135	
NCPPB 3136	This isolate was isolated by J.R. Neto 246
NCPPB 3140	The donor reference is 120
NCPPB 3155	This isolate was isolated by C. Bazzi 1192-IPV-BO
NCPPB 3156	This isolate was isolated by U. Mazzucchi 1236 IPV-BO
NCPPB 3161	The donor reference is B6812 This isolate was isolated by ex G. Persley C6
NCPPB 3162	This isolate was isolated by J.F. Bradbury B6892b
NCPPB 3168	The donor reference is B7147
NCPPB 3169	This isolate is also in the collections; CFBP 7114 This isolate was isolated by J.F. Bradbury B 7166
NCPPB 3170	This isolate was isolated by J.F. Bradbury B7205
NCPPB 3172	The donor reference is B7299 This isolate was isolated by ex G. Persley 1
NCPPB 3173	This isolate was isolated by J.F. Bradbury B7343
NCPPB 3174	The donor reference is B7344b This isolate was isolated by J.f. Bradbury
NCPPB 3176	This isolate was isolated by J.F. Bradbury B7380
NCPPB 3177	The donor reference is B7385 This isolate was isolated by ex N.M. Kalyni No3
NCPPB 3178	This isolate was isolated by J.F. Bradbury B7440a
NCPPB 3182	This isolate was isolated by J.F. Bradbury B 7567
NCPPB 3187	This isolate is also in the collections; CFBP 7115 This isolate was isolated by J.F. Bradbury B 7613a
NCPPB 3191	The donor reference is B7790 This isolate was isolated by ex A.L.G. Pereira BM12 The source of this isolate was ex H. Maraite
NCPPB 3192	The donor reference is B7791 This isolate is also in the collections; NCPPB 3061 This isolate was isolated by ex M. Maraite R662
NCPPB 3194	This isolate was isolated by J.F. Bradbury B7797
NCPPB 3200	The donor reference is B8059 This isolate was isolated by J.F. Bradbury
NCPPB 3204	The donor reference is B8327 This isolate was isolated by ex R. Billington
NCPPB 3207	This isolate was isolated by J.F. Bradbury B8511
NCPPB 3212	This isolate was isolated by J.F. Bradbury B 8597
NCPPB 3213	The donor reference is B 8600 This isolate is also in the collections; ICMP 8918 This isolate was isolated by ex B.P. Chakravarti BlP
NCPPB 3215	The donor reference is B8613 This isolate was isolated by ex R. Raemakers 4
NCPPB 3218	The donor reference is B8718 This isolate was isolated by C.P. Bennett Y3
NCPPB 3229	The donor reference is Xg 719 This isolate is also in the collections; ICMP 7727, LMG 727, CFBP 2056, ATCC 33803 This isolate was isolated by ex J. Herzog Xg 102
NCPPB 3230	The donor reference is 724 This isolate is also in the collections; ICMP 7726, LMG 728, CFBP 2057, ATCC 33804 This isolate was isolated by ex J. Herzog Xg 122
NCPPB 3231	The donor reference is Xg 729 This isolate is also in the collections; ICMP 7725, LMG 730, CFBP 2062, ATCC 33805 This isolate was isolated by ex D. Schmidt Xg 135
NCPPB 3232	The donor reference is XC59 This isolate was isolated by ex V. Rossetti IBSP-164
NCPPB 3233	The donor reference is XC70 This isolate is also in the collections; LMG 9181, CIVEROLO XC70 This isolate was isolated by ex V. Rossetti The source of this isolate was ex J.W. Miller IBSF 512 'C' type 1
NCPPB 3234	The donor reference is XC62 This isolate was isolated by ex M. Koizumi 6501S
NCPPB 3235	The donor reference is XC63 This isolate was isolated by ex M. Koizumi 7801
NCPPB 3236	The donor reference is XC64 This isolate is also in the collections; ICMP 15806, LMG 9179, CFBP 2901, CIVEROLO XC64 The source of this isolate was ex M. Goto B-4
NCPPB 3237	The donor reference is XC69 The source of this isolate was ex J.W. Miller XCll 'B' type 4
NCPPB 3240	This isolate was isolated by M. Lopez 42-11
NCPPB 3241	This isolate was isolated by M. Lopez 67-2a
NCPPB 3242	This isolate was isolated by J.D. Janse PD28
NCPPB 3245	This isolate was isolated by ex S.R. Basnyat; The source of this isolate was ex ITCC P32
NCPPB 3290	This isolate was isolated by M. Pesti 0103
NCPPB 3291	
NCPPB 3292	This isolate was isolated by M. Pesti 0105
NCPPB 3301	The donor reference is PX061 The source of this isolate was ex T.W. Mew PX061
NCPPB 3303	The donor reference is PX079 The source of this isolate was ex T.W. Mew
NCPPB 3304	The donor reference is PXO86 The source of this isolate was ex T.W. Mew
NCPPB 3311	The source of this isolate was .
NCPPB 3312	The donor reference is 100
NCPPB 3313	This isolate was isolated by M. Pesti 0102
NCPPB 3314	The donor reference is 109
NCPPB 3315	The donor reference is 100
NCPPB 3329	The donor reference is A2087B This isolate was isolated by ex M. Fenton 3315 lB
NCPPB 3330	The donor reference is A2087C This isolate was isolated by ex M. Fenton 3315 lC
NCPPB 3361	The donor reference is OS-901
NCPPB 3363	The donor reference is OS-14
NCPPB 3380	This isolate was isolated by D. Stead A2192
NCPPB 3381	This isolate was isolated by J.E. Sellwood A2222
NCPPB 3382	This isolate was isolated by J.E. Sellwood A2184
NCPPB 3426	The source of this isolate was ex M. de Kam 90
NCPPB 3434	This isolate is also in the collections; ICMP 8682, LMG 8670, NETO 68 This isolate was isolated by J.R. Neto IBSBF 68
NCPPB 3435	This isolate is also in the collections; ICMP 8688, LMG 8673, NETO 250 This isolate was isolated by J.R. Neto IBSBF 250
NCPPB 3437	This isolate is also in the collections; ICMP 8046
NCPPB 3438	This isolate is also in the collections; ICMP 8045 This isolate was isolated by J.R. Neto IBSBF 444
NCPPB 3440	The donor reference is IBSBF 368 This isolate is also in the collections; ICMP 7499 This isolate was isolated by ex A. Takatsu UnB 46
NCPPB 3441	This isolate was isolated by J.R. Neto IBSBF 511
NCPPB 3442	The donor reference is IBSBF 506 This isolate is also in the collections; ICMP 8925 This isolate was isolated by ex C.F. Robbs ENA 3123
NCPPB 3443	The donor reference is IBSBF 505 This isolate was isolated by ex C.F. Robbs ENA 3045
NCPPB 3456	This isolate was isolated by J. Nemeth M192;
NCPPB 3457	This isolate was isolated by J. Nemeth M21
NCPPB 3479	This isolate was isolated by D.L. Tomlinson PNG11779
NCPPB 3484	This isolate was isolated by M. Cugnsi 2
NCPPB 3559	The donor reference is 507
NCPPB 3560	The donor reference is IBSBF 575 This isolate is also in the collections; ICMP 9261
NCPPB 3561	The donor reference is IBSBF 576
NCPPB 3562	This isolate was isolated by Ramesh Chand IIH-Xcc5
NCPPB 3563	This isolate was isolated by Ramesh Chand IIH-Xcp1
NCPPB 3566	The donor reference is IIHXCCRI
NCPPB 3567	The donor reference is IIHXCCL
NCPPB 3568	The donor reference is IIHXCCCN
NCPPB 3569	The donor reference is 1
NCPPB 3570	The donor reference is 2
NCPPB 3573	The donor reference is X2G2
NCPPB 3582	This isolate was isolated by A.R. Chase X144
NCPPB 3583	This isolate was isolated by A R. Chase X 154
NCPPB 3586	This isolate is also in the collections; CVCPB 1806, ICMP 9154, LMG 9055 This isolate was isolated by C.H. Zumoff L-212
NCPPB 3587	This isolate is also in the collections; CVCPB 1696 This isolate was isolated by C H. Zumoff LX105
NCPPB 3588	The donor reference is X24 This isolate was isolated by ex D.D. Brunk PDD-659-82
NCPPB 3589	The donor reference is X37 This isolate was isolated by ex J.W. Miller
NCPPB 3592	The donor reference is A4102a The source of this isolate was ex J. Cooper 2132A
NCPPB 3593	The donor reference is A4102b The source of this isolate was ex J. Cooper 2132B
NCPPB 3595	This isolate was isolated by R. Kishun 11H XCP1
NCPPB 3596	This isolate was isolated by R. Kishun 11HXCM1
NCPPB 3607	This isolate was isolated by R. Chand IIH XCCI
NCPPB 3608	This isolate was isolated by R. Chand IIHXCC2
NCPPB 3609	This isolate was isolated by R. Chand IIHXCC4
NCPPB 3611	This isolate was isolated by R. Chand IIH Xcgla
NCPPB 3612	The donor reference is IIH XCC7
NCPPB 3614	The donor reference is 11H XCVe1
NCPPB 3615	The donor reference is 11H XCC3
NCPPB 3638	The donor reference is RCIIHXCP1 This isolate was isolated by R. Chand
NCPPB 3639	The donor reference is RCIIHXCP2 This isolate was isolated by R. Chand
NCPPB 3640	The donor reference is XCP3 This isolate was isolated by R. Chand
NCPPB 3641	The donor reference is XCP4 This isolate was isolated by R. Chand
NCPPB 3642	The donor reference is IIHXCg3 This isolate was isolated by R. Chand
NCPPB 3646	The donor reference is ISBF 272 The source of this isolate was ex O. Kimura ex J.C. Lozano CIAT 1164
NCPPB 3647	The donor reference is ISBF 273 The source of this isolate was ex O. Kimura ex J.C. Lozano CIAT 1195
NCPPB 3651	The donor reference is ISBF 366 This isolate is also in the collections; ICMP 7497 The source of this isolate was ex A. Takatsu UnB-45
NCPPB 3652	The donor reference is ISBF 367 This isolate is also in the collections; ICMP 7498 The source of this isolate was ex A. Takatsu UnB-47
NCPPB 3653	The donor reference is ISBF 353
NCPPB 3654	The donor reference is ISBF 380
NCPPB 3655	The donor reference is ISBF 381 This isolate is also in the collections; ICMP 8432
NCPPB 3656	The donor reference is ISBF 255 The source of this isolate was ex M.H. Sugimori Fito CIA 2836
NCPPB 3657	The donor reference is ISBF 269
NCPPB 3658	The donor reference is ISBF 327 This isolate is also in the collections; CFBP 7119
NCPPB 3659	The donor reference is ISBF 333
NCPPB 3660	The donor reference is ISBF 253
NCPPB 3661	The donor reference is ISBF 443
NCPPB 3662	The donor reference is ISBF 159 This isolate is also in the collections; ICMP 7462
NCPPB 3663	The donor reference is ISBF 473
NCPPB 3705	This isolate was isolated by A. Sletten 80-27
NCPPB 3706	This isolate was isolated by A. Sletten 85-37
NCPPB 3709	This isolate was isolated by A. Sletten 78-37
NCPPB 3711	This isolate was isolated by A. Sletten 78-41
NCPPB 3712	This isolate was isolated by A. Sletten 78-44
NCPPB 3713	This isolate was isolated by A. Sletten 78-46
NCPPB 3714	This isolate was isolated by A. Sletten 78-47
NCPPB 3716	This isolate was isolated by A. Sletten 80-9
NCPPB 3717	This isolate was isolated by A. Sletten 80-10
NCPPB 3718	This isolate was isolated by A. Sletten 80-18
NCPPB 3719	This isolate was isolated by A. Sletten 80-23
NCPPB 3720	This isolate was isolated by A. Sletten 87-16
NCPPB 3722	This isolate was isolated by A. Sletten 84-20
NCPPB 3742	The donor reference is IBSBF 392 The source of this isolate was ex D. Zagoty XC-8
NCPPB 3743	This isolate was isolated by J.R. Neto IBSBF 90
NCPPB 3744	This isolate is also in the collections; ICMP 7492 This isolate was isolated by J.R. Neto IBSBF 341
NCPPB 3753	This isolate is also in the collections; ICMP 9854 This isolate was isolated by Y. Takiwawa XCN 8201 (546)
NCPPB 3754	This isolate is also in the collections; ICMP 9857 This isolate was isolated by Y. Takiwawa XCN 8203 (548)
NCPPB 3758	The donor reference is IBSBF 771 The source of this isolate was ex I.M.G. Almeida
NCPPB 3759	This isolate is also in the collections; ICMP 12547 This isolate was isolated by R. Chand 1
NCPPB 3761	This isolate was isolated by R. Chand 4
NCPPB 3776	This isolate was isolated by D.E. Stead
NCPPB 3786	The donor reference is 9 This isolate was isolated by ex K.I. Beltyukova 9
NCPPB 3795	This isolate is also in the collections; ICMP 11060 This isolate was isolated by J. Duff 19207
NCPPB 3796	This isolate is also in the collections; ICMP 11059 This isolate was isolated by J. Duff 19206
NCPPB 3797	This isolate was isolated by J.E. Sellwood A5125/
NCPPB 3799	This isolate was isolated by J.E. Sellwood A5128/1
NCPPB 3800	The donor reference is 13
NCPPB 3801	The donor reference is 14
NCPPB 3829	This isolate was isolated by A. Sletten 78-38
NCPPB 3830	This isolate was isolated by A. Sletten 80-20
NCPPB 3831	This isolate was isolated by A. Sletten 80-22
NCPPB 3832	This isolate was isolated by J.E. Sellwood A6340
NCPPB 3870	This isolate was isolated by M Scortichini ISPAVE-B-018
NCPPB 3875	This isolate was isolated by M Scortichini ISPAVE-B- 016
NCPPB 3876	This isolate was isolated by M Scortichini ISPAVE-B-017
NCPPB 3877	This isolate was isolated by M Scortichini ISPAVE-B-004
NCPPB 3878	This isolate was isolated by M Scortichini ISPAVE-B-006
NCPPB 3880	The donor reference is A5922
NCPPB 3883	This isolate was isolated by J.D. Mihail 90-101 The source of this isolate was ex C.N. Hodge
NCPPB 3884	This isolate was isolated by J.D. Mihail 90-101 The source of this isolate was ex C.N. Hodge
NCPPB 3885	This isolate was isolated by R. Chand BHV RCI
NCPPB 3886	This isolate was isolated by R. Chand RC2A
NCPPB 3887	This isolate was isolated by R. Chand RC2B
NCPPB 3888	This isolate is also in the collections; ICMP 12476 This isolate was isolated by R. Chand RC4B
NCPPB 3890	This isolate was isolated by A. Aspin A6220
NCPPB 3925	The donor reference is RCCP
NCPPB 3926	The donor reference is RCIPO
NCPPB 3927	The donor reference is IBSBF 1080 This isolate was isolated by ex V.A. Malarotta Jr. The source of this isolate was ex IBSBF
NCPPB 3931	This isolate was isolated by J.E. Sellwood & J.K. Wilson A6520/1
NCPPB 3932	This isolate was isolated by J.E. Sellwood & J.K. Wilson A5420/2
NCPPB 3942	This isolate was isolated by L. O'Garro W4
NCPPB 3943	This isolate was isolated by L. O'Garro G6
NCPPB 3944	This isolate was isolated by L. O'Garro Fr 58B
NCPPB 3947	The donor reference is IMI B9313 This isolate was isolated by J.Bradbury
NCPPB 3948	The donor reference is IMI B9336 This isolate was isolated by J.Bradbury
NCPPB 3949	The donor reference is IMI B11542 This isolate was isolated by J.Bradbury
NCPPB 3950	The donor reference is IMI B11688 This isolate was isolated by J.Bradbury
NCPPB 3951	The donor reference is IMI B9658 This isolate was isolated by J.Bradbury
NCPPB 3953	The donor reference is IMI B9124 This isolate was isolated by J.Bradbury
NCPPB 3954	The donor reference is IMI B11393 This isolate was isolated by J.Bradbury
NCPPB 3955	The donor reference is IMI B11426 This isolate was isolated by J.Bradbury
NCPPB 3956	The donor reference is IMI B11680b This isolate was isolated by J. Bradbury
NCPPB 3957	The donor reference is IMI B11059 This isolate was isolated by J.Bradbury
NCPPB 3959	The donor reference is IMI B102166 This isolate was isolated by J.Bradbury
NCPPB 3960	This isolate was isolated by A. Aspin CSL962462
NCPPB 4013	The donor reference is 6 This isolate is also in the collections; ICMP 10007
NCPPB 4014	The donor reference is SB-K
NCPPB 4015	The donor reference is M-9
NCPPB 4031	The donor reference is 972200 This isolate was isolated by A. Aspin The source of this isolate was ADAS 97001669
NCPPB 4032	The donor reference is 972270 This isolate was isolated by A. Aspin
NCPPB 4033	The donor reference is 700a This isolate was isolated by ex. F. Sahin
NCPPB 4034	The donor reference is 701a This isolate was isolated by ex. F. Sahin
NCPPB 4037	The donor reference is 981703 This isolate was isolated by A Aspin
NCPPB 4058	The donor reference is 985855 This isolate was isolated by H. Stanford
NCPPB 4181	The donor reference is 463
NCPPB 4183	The donor reference is PD2806 This isolate is also in the collections; 17065 This isolate was isolated by JD Janse
NCPPB 4210	This isolate was isolated by Helena Stanford
NCPPB 4231	The donor reference is 2011627 This isolate was isolated by H. Stanford
NCPPB 4232	The donor reference is 2011626 This isolate was isolated by H. Stanford
NCPPB 4321	The donor reference is XV938 This isolate is also in the collections; DSM 18975
NCPPB 4322	The donor reference is XV1220
NCPPB 4323	The donor reference is XV444
NCPPB 4324	The donor reference is XV448
NCPPB 4326	The donor reference is Xcz A5
NCPPB 4340	The donor reference is UN-20506424 This isolate was isolated by Helena Stanford The source of this isolate was Diagnosis lab. Ex Zinnia material
NCPPB 4341	The donor reference is VdM4 This isolate is also in the collections; LMG 471 This isolate was isolated by M.Beramis The source of this isolate was LMG
NCPPB 4342	The donor reference is Dsk 129 This isolate is also in the collections; ICMP 8923, LMG 12141 This isolate was isolated by M. de Kam The source of this isolate was ICMP
NCPPB 4343	The donor reference is 1601-1 This isolate is also in the collections; ICMP 12545, CFBP 1976,Samson 1601.1, LMG 947 This isolate was isolated by R.Sampson The source of this isolate was ICMP
NCPPB 4344	The donor reference is 03-29991 This isolate is also in the collections; ICMP 9991 This isolate was isolated by K.Luo The source of this isolate was ICMP
NCPPB 4345	The donor reference is 1 This isolate is also in the collections; ICMP 8306. LMG 9043 This isolate was isolated by R. Easwaramurthy The source of this isolate was ICMP
NCPPB 4346	The donor reference is G2 This isolate is also in the collections; ICMP 8788 This isolate was isolated by Z. Fang The source of this isolate was ICMP
NCPPB 4347	The donor reference is Ma 2 This isolate is also in the collections; ICMP 11536, ATCC 51262 This isolate was isolated by M. Goto The source of this isolate was ICMP
NCPPB 4348	This isolate is also in the collections; ICMP 8949, ITCC This isolate was isolated by Durgapal. J.C. The source of this isolate was ICMP
NCPPB 4349	The donor reference is B6 This isolate is also in the collections; ICMP 9627, ATCC 49152 This isolate was isolated by L.E.Claflin The source of this isolate was ICMP
NCPPB 4350	The donor reference is X259 (87-56A) This isolate is also in the collections; LMG 8678, ICMP 9513, ATCC 700187 This isolate was isolated by A.R. Chase The source of this isolate was ICMP
NCPPB 4351	The donor reference is FC1 This isolate is also in the collections; ICMP 9261, IBSF 575 This isolate was isolated by J.R.Neto The source of this isolate was ICMP
NCPPB 4352	The donor reference is Zo2 This isolate is also in the collections; ICMP 8787, LMG 9060 This isolate was isolated by X.Z.Ren The source of this isolate was ICMP
NCPPB 4353	The donor reference is TC1 This isolate is also in the collections; ICMP 6774, LMG 8684, NZRCC 10488 This isolate was isolated by K.Uehara The source of this isolate was ICMP
NCPPB 4355	The donor reference is CFBP 6369 This isolate is also in the collections; CFBP 6369 The source of this isolate was CFBP
NCPPB 4356	The donor reference is CFBP 4188 This isolate is also in the collections; CFBP 4188, ICMP 16775 The source of this isolate was CFBP
NCPPB 4363	The donor reference is ICMP 2415 This isolate is also in the collections; ICMP 2415, CFBP 7260 This isolate was isolated by J.YOUNG
NCPPB 4364	The donor reference is ICMP 6465 This isolate is also in the collections; ICMP 6465, CFBP 7262 This isolate was isolated by J.YOUNG
NCPPB 4367	The donor reference is ICMP 16473 This isolate is also in the collections; ICMP 16473 This isolate was isolated by J.YOUNG
NCPPB 4372	The donor reference is 618 This isolate is also in the collections; IBSBF 618 This isolate was isolated by J.Neto The source of this isolate was IBSBF
NCPPB 4373	The donor reference is 1472 This isolate is also in the collections; IBSBF 1472 This isolate was isolated by V.A.Malavolta The source of this isolate was IBSBF
NCPPB 4374	The donor reference is 1497 This isolate is also in the collections; IBSBF 1497 This isolate was isolated by J.Neto The source of this isolate was IBSBF
NCPPB 4375	The donor reference is 1594 This isolate is also in the collections; IBSBF 1594, FDC 012 This isolate was isolated by R.P.Leite Jr. The source of this isolate was IBSBF
NCPPB 4376	The donor reference is 1925 This isolate is also in the collections; IBSBF 1925, LMG 9325 This isolate was isolated by D.W.Gabriel The source of this isolate was IBSBF
NCPPB 4377	The donor reference is 1583 This isolate is also in the collections; IBSBF 1583, Xc 90-78-4-3 This isolate was isolated by B.I.Canteros The source of this isolate was IBSBF
NCPPB 4378	The donor reference is 034/LRA/05 This isolate is also in the collections; CFBP 7166 The source of this isolate was Valentine Aritua
NCPPB 4379	The donor reference is KY44 The source of this isolate was Valentine Aritua
NCPPB 4380	The donor reference is 038/KBA/05 The source of this isolate was Valentine Aritua
NCPPB 4381	The donor reference is 014/LUW/05 The source of this isolate was Valentine Aritua
NCPPB 4383	The donor reference is 071/WSK/05 The source of this isolate was Valentine Aritua
NCPPB 4384	The donor reference is 041/NSG/05 The source of this isolate was Valentine Aritua
NCPPB 4385	The donor reference is 031/KIB/05 The source of this isolate was Valentine Aritua
NCPPB 4386	The donor reference is 005/WKS/05 This isolate is also in the collections; CFBP 7167 The source of this isolate was Valentine Aritua
NCPPB 4387	The donor reference is IMI 392223 This isolate is also in the collections; CFBP 7168 The source of this isolate was Valentine Aritua
NCPPB 4388	The donor reference is IMI 392224 This isolate is also in the collections; CFBP 7169 The source of this isolate was Valentine Aritua
NCPPB 4389	The donor reference is IMI 393640 This isolate is also in the collections; CFBP 7170 The source of this isolate was Valentine Aritua
NCPPB 4390	The donor reference is IMI 393641 This isolate is also in the collections; CFBP 7171 The source of this isolate was Valentine Aritua
NCPPB 4391	The donor reference is IMI 393646 This isolate is also in the collections; CFBP 7172 The source of this isolate was Valentine Aritua
NCPPB 4392	The donor reference is 394051 This isolate is also in the collections; CFBP 7173 The source of this isolate was Valentine Aritua
NCPPB 4393	The donor reference is 394052 This isolate is also in the collections; CFBP 7174 The source of this isolate was Valentine Aritua
NCPPB 4394	The donor reference is 354053 This isolate is also in the collections; CFBP 7175 The source of this isolate was Valentine Aritua
NCPPB 4395	This isolate is also in the collections; CFBP 7176 The source of this isolate was Valentine Aritua
NCPPB 4397	The donor reference is ISBF 594 This isolate is also in the collections; ICMP 9278 This isolate was isolated by R.Neto The source of this isolate was ISBF
NCPPB 4398	The donor reference is ISBF 595 This isolate is also in the collections; ICMP 9279 This isolate was isolated by R.Neto The source of this isolate was ISBF
NCPPB 4399	The donor reference is ICMP 15863 This isolate is also in the collections; ICMP 15863 This isolate was isolated by I.Harvey The source of this isolate was ICMP
NCPPB 4402	The donor reference is LMG 8237 This isolate is also in the collections; PD 772, LMG 8237 This isolate was isolated by P.D.Jaanse The source of this isolate was LMG
NCPPB 4403	The donor reference is ICMP 217-62 This isolate is also in the collections; ICMP 217, ATCC 9924 This isolate was isolated by R. Weindling The source of this isolate was ICMP
NCPPB 4404	The donor reference is LMG 9057 This isolate is also in the collections; ICMP 7466; ITCC P33, LMG 9057 This isolate was isolated by Y.Kulkani The source of this isolate was LMG
NCPPB 4405	The donor reference is LMG 8273 This isolate is also in the collections; ICMP 6482, Latch PRGRQ This isolate was isolated by G.Latch The source of this isolate was LMG
NCPPB 4407	The donor reference is LMG 476 This isolate is also in the collections; Beramis 6, VdM9 The source of this isolate was LMG
NCPPB 4409	The donor reference is LMG 19145 This isolate is also in the collections; LMG 19145, ISPAVE-B-641, PD 2780,SWINGS R-5214 The source of this isolate was LMG
NCPPB 4410	The donor reference is 8356 The source of this isolate was S.J.Roberts
NCPPB 4411	The donor reference is 8394 The source of this isolate was S.J.Roberts
NCPPB 4412	The donor reference is LMG 495 This isolate is also in the collections; LMG 495, ATCC 11765, CFBP 7686 This isolate was isolated by MK Patel
NCPPB 4413	This isolate was isolated by h.stanford The source of this isolate was Diagnosis
NCPPB 4414	The donor reference is Protect 1599 This isolate is also in the collections; B950367 The source of this isolate was Protect
NCPPB 4415	The donor reference is Protect 766 This isolate is also in the collections; A4833/B The source of this isolate was Protect
NCPPB 4416	The donor reference is Protect 765 This isolate is also in the collections; A4833/A The source of this isolate was Protect
NCPPB 4418	
NCPPB 4433	The donor reference is 20709953 This isolate is also in the collections; Cabi 395428 This isolate was isolated by Cabi The source of this isolate was Cabi
NCPPB 4434	The donor reference is 20702295 This isolate is also in the collections; BXWK1
NCPPB 4435	The donor reference is 20722939
NCPPB 4446	The donor reference is ICMP 12167 This isolate is also in the collections; ICMP 12167, CFBP 7245 The source of this isolate was ICMP
NCPPB 4448	The donor reference is CS283 This isolate is also in the collections; ICMP 16316
NCPPB 4449	The donor reference is CS284 This isolate is also in the collections; ICMP 16317
NCPPB 4450	The donor reference is A4832/1 This isolate is also in the collections; Protect 763 The source of this isolate was CSL
NCPPB 4451	The donor reference is A4832/1 This isolate is also in the collections; Protect 764 The source of this isolate was CSL
NCPPB 4466	The donor reference is 64A This isolate is also in the collections; WHRI 64A This isolate was isolated by John D. Taylor
NCPPB 4468	The donor reference is CSL972199 This isolate is also in the collections; P2431 This isolate was isolated by A. Aspin
NCPPB 4584	The donor reference is NCPPB 2699 This isolate is also in the collections; LMG 588, 7384, ATCC 29090 This isolate was isolated by Dr Thomas Egli - 705
NCPPB 4590	The donor reference is CFBP 3369 This isolate is also in the collections; CFBP 3369, LMG 9322, ICMP 15804, ATCC 49118, ICPB 10518 This isolate was isolated by Gabriel D. 3213 The source of this isolate was CFBP
NCPPB 4594	The donor reference is NYAGA S This isolate was isolated by Fred Kato
NCPPB 4600	The donor reference is WHRI 8853 This isolate was isolated by Joana M. G. N. Vicente
NCPPB 4601	The donor reference is WHRI 8848 This isolate was isolated by Joana M. G. N. Vicente
NCPPB 4613	The donor reference is NE744 This isolate was isolated by Jillian M. Lang
NCPPB 4614	The donor reference is SAM119 This isolate was isolated by Jillian M. Lang
NCPPB 4615	The donor reference is B100 This isolate is also in the collections; CFBP 7306, ATCC 29497, DSMZ 1526 This isolate was isolated by Unknown
NCPPB 4618	The donor reference is LMG 29033 This isolate is also in the collections; LMG 29033, ATCC 49119 This isolate was isolated by A. Vidaver
NCPPB 4622	The donor reference is Protect 13 E6 This isolate was isolated by A. Aspin (21723449)
NCPPB 4623	The donor reference is Protect OB Box 3 A6 This isolate was isolated by A. Aspin (21616370)
NCPPB 4625	The donor reference is WHRI 8481, CSL 20313511 This isolate was isolated by H. Standford
NCPPB 4629	The donor reference is ICMP 1921 This isolate is also in the collections; ICMP 1921,CFBP 7268, NZRCC 10647, PDDCC 1921 This isolate was isolated by Douglas W. Dye The source of this isolate was ICMP
NCPPB 4630	The donor reference is ICMP 2374 This isolate is also in the collections; CFBP 7269, ICMP 2374, PDDCC 2374 This isolate was isolated by Douglas W. Dye ZZ22 The source of this isolate was ICMP
NCPPB 4631	The donor reference is WHRI 8482, CSL 20313251 This isolate is also in the collections; WHRI 8482 This isolate was isolated by H. Stanford
NCPPB 4632	The donor reference is ICMP 6041 This isolate is also in the collections; ICMP 6041, CFBP 7261 This isolate was isolated by D.R.W. Watson The source of this isolate was ICMP
NCPPB 4633	The donor reference is ICMP 6759 This isolate is also in the collections; ICMP 6759, CFPB 7263 NZRCC 10646 PDDCC 6759 This isolate was isolated by J.M. Young The source of this isolate was ICMP
NCPPB 4634	The donor reference is ICMP 13401 This isolate is also in the collections; ICMP 13401, CFBP 7271 This isolate was isolated by Robert K. Taylor The source of this isolate was ICMP
NCPPB 4635	The donor reference is ICMP 4292 This isolate is also in the collections; ICMP 4292 This isolate was isolated by M. Goto (XT3)
NCPPB 4660	The donor reference is WHRI 8891A This isolate was isolated by J G Vicente
NCPPB 4661	The donor reference is WHRI 3811
NCPPB 4662	The donor reference is WHRI 8909A This isolate was isolated by J G Vicente
NCPPB 4663	The donor reference is WHRI 8960 This isolate was isolated by J G Vicente
NCPPB 4664	The donor reference is WHRI 8959A This isolate was isolated by J G Vicente
NCPPB 4665	The donor reference is WHRI 8964 This isolate was isolated by J G Vicente
NCPPB 4666	The donor reference is WHRI 8984 This isolate was isolated by J G Vicente
NCPPB 4668	The donor reference is WHRI 6181 This isolate was isolated by J G Vicente The source of this isolate was FERA
NCPPB 4669	The donor reference is WHRI 8450A This isolate was isolated by B D Jensen The source of this isolate was FERA
NCPPB 4670	The donor reference is WHRI 3849A This isolate was isolated by C I Kado The source of this isolate was FERA
NCPPB 4671	The donor reference is WHRI 1279A This isolate was isolated by J D Taylor The source of this isolate was FERA
NCPPB 4675	The donor reference is CPBF 424 This isolate is also in the collections; CPBF 424, LMG 31037, CCOS 1891 This isolate was isolated by C.Fernandes
NCPPB 4676	The donor reference is CPBF 1521 This isolate is also in the collections; CBPF 1521, LMG 31040, CCOS 1894 This isolate was isolated by C.Fernandes
NCPPB 4678	The donor reference is Xc6 This isolate was isolated by Tatjana Popović
NCPPB 4679	The donor reference is Xc9 This isolate was isolated by Tatjana Popović
NCPPB 4680	The donor reference is Xc23 This isolate was isolated by Tatjana Popović
NCPPB 4681	The donor reference is Xc27 This isolate was isolated by Tatjana Popović
NCPPB 4682	The donor reference is Xc318 This isolate was isolated by Tatjana Popović
NCPPB 4692	The donor reference is GBBC 2123 This isolate is also in the collections; LMG 31884, CCOS 1956 This isolate was isolated by Johan Van Vaerenbergh
NCPPB 4693	The donor reference is GBBC 2199 This isolate is also in the collections; LMG 31886, CCOS 1957 This isolate was isolated by Johan Van Vaerenbergh
NCPPB 4698	The donor reference is 1294-6 This isolate was isolated by Steven T. Koike
NCPPB 4699	The donor reference is 0894-4 This isolate was isolated by Hamid Azad
NCPPB 4700	The donor reference is 1294-9 This isolate was isolated by Steven T. Koike
NCPPB 4701	This isolate is also in the collections; CFBP 5686-20
NCPPB 4702	This isolate is also in the collections; CFBP 1371-04 This isolate was isolated by Bonnet P.
NCPPB 4703	This isolate is also in the collections; CFBP 1606-13 This isolate was isolated by Paulin J.P.
NCPPB 4704	The donor reference is Co-126-2
NCPPB 4705	The donor reference is Arg-1A
NCPPB 4706	The donor reference is CO-8
NCPPB 4707	The donor reference is ARG-3A
NCPPB 4708	The donor reference is IL02(1)YDC
NCPPB 4709	The donor reference is NE-18 Xvh
NCPPB 4710	The donor reference is Arg-2B
NCPPB 4711	The donor reference is NE-7
NCPPB 4712	The donor reference is ARG-6B
NCPPB 4713	The donor reference is IL-1(1)YDC
NCPPB 4714	The donor reference is ARG 4B
NCPPB 4715	The donor reference is IAO2
NCPPB 4716	The donor reference is NE-16
NCPPB 4717	The donor reference is 10197-90 This isolate is also in the collections; ICMP 10197 This isolate was isolated by P. Heise The source of this isolate was ICMP
NCPPB 4718	The donor reference is 10194-90 This isolate is also in the collections; ICMP 10194 This isolate was isolated by P. Heise The source of this isolate was ICMP
NCPPB 4719	The donor reference is ICMP 10195 This isolate was isolated by P. Heise The source of this isolate was ICMP
NCPPB 4720	The donor reference is ICMP 8410-83 This isolate is also in the collections; ICMP 8410 This isolate was isolated by R. Easwaramurthy The source of this isolate was ICMP
NCPPB 4721	The donor reference is 13093-96 This isolate is also in the collections; ICMP 13093 This isolate was isolated by J.R. Neto The source of this isolate was ICMP
NCPPB 4722	The donor reference is 9262-87 This isolate is also in the collections; ICMP 9262 This isolate was isolated by J.R. Neto The source of this isolate was ICMP
NCPPB 4727	The donor reference is ICMP 8883 This isolate is also in the collections; ICMP 8883 The source of this isolate was ICMP
NCPPB 4728	The donor reference is ICMP 8884 This isolate is also in the collections; ICMP 8884 The source of this isolate was ICMP
NCPPB 4729	The donor reference is ICMP 13091 This isolate was isolated by J.R. Neto The source of this isolate was ICMP
NCPPB 4730	The donor reference is ICMP 11134 This isolate is also in the collections; ICMP 11134 The source of this isolate was ICMP
NCPPB 4731	The donor reference is ICMP 12321 This isolate is also in the collections; ICMP 12321 The source of this isolate was ICMP
NCPPB 4732	The donor reference is ICMP 8789 This isolate is also in the collections; ICMP 8789, PDDCC 8789 This isolate was isolated by Z. Fang The source of this isolate was ICMP
NCPPB 4733	The donor reference is ICMP 8412 This isolate is also in the collections; ICMP 8412, PDDCC 8412 This isolate was isolated by R. Easwaramurthy The source of this isolate was ICMP
NCPPB 4753	The donor reference is CFBP 8353 This isolate is also in the collections; CFBP 8353, CECT 9404, IVIA 3287.1 This isolate was isolated by Lopez et al The source of this isolate was CFBP
NCPPB 4754	The donor reference is CFBP 8354 This isolate is also in the collections; CFBP 8354, CECT 9405, IVIA 3287.2 This isolate was isolated by Maria M. Lopez The source of this isolate was CFBP
NCPPB 4755	The donor reference is CFBP 8355 This isolate is also in the collections; CFBP 8355, CECT 9406, IVIA 3287.3 This isolate was isolated by Maria M. Lopez The source of this isolate was CFBP
NCPPB 4763	The donor reference is NBC5720 This isolate is also in the collections; LMG 33367 This isolate was isolated by Harrie Koenraadt The source of this isolate was University of Florida, North Florida Research and Education Center Plant Disease
NCPPB 4770	The donor reference is 2023024626 This isolate was isolated by Sam Oxspring The source of this isolate was FERA
NCPPB 4771	The donor reference is 2023027163 This isolate was isolated by Sarah Carroll, Sam Oxspring The source of this isolate was FERA
NCPPB 4772	The donor reference is 2023027127 This isolate was isolated by Sarah Carroll The source of this isolate was FERA
