review_priority	ncppb_number	ncppb_current_name	current_accepted_biosamples	review_candidate_biosamples	candidate_organisms	matched_identifiers	matched_identifier_types	matched_fields	evidence_classes	taxonomy_statuses	review_reasons	discovery_tracks	biosample_urls	review_question	reviewer_decision	reviewer_notes
P1	NCPPB 646	Xanthomonas axonopodis pv. khayae (Sabet 1959) Vauterin et al. 1995	SAMN42284537	SAMN03175008	Xanthomonas phaseoli pv. phaseoli	NCPPB 646	ncppb_number	identifiers	structured_exact_identifier	same_genus_different_species	conflicting_ncppb_identifier	ncppb_number	https://www.ncbi.nlm.nih.gov/biosample/SAMN03175008	Does the BioSample refer to this NCPPB strain despite containing another NCPPB number?		
P1	NCPPB 1607	Xanthomonas arboricola pv. pruni (Smith 1903) Vauterin et al. 1995		SAMEA104068692	Xanthomonas fragariae	B2165	donor_reference	culture_collection	structured_exact_identifier	same_genus_different_species	conflicting_ncppb_identifier	other_references	https://www.ncbi.nlm.nih.gov/biosample/SAMEA104068692	Does the BioSample refer to this NCPPB strain despite containing another NCPPB number?		
P1	NCPPB 1646	Xanthomonas phaseoli pv. phaseoli (Smith 1897) Constantin et al. 2016 comb. nov.		SAMN03175008	Xanthomonas phaseoli pv. phaseoli	NCPPB 1646	ncppb_number	strain	structured_exact_identifier	same_name	conflicting_ncppb_identifier	ncppb_number	https://www.ncbi.nlm.nih.gov/biosample/SAMN03175008	Does the BioSample refer to this NCPPB strain despite containing another NCPPB number?		
P1	NCPPB 2217	Xylophilus ampelinus (Panagopoulos 1969) Willems et al. 1987	SAMN56511392; SAMEA5613848	SAMN56511392	Staphylococcus aureus	NCPPB 2217	ncppb_number	strain	structured_exact_identifier	different_lineage	different_lineage	ncppb_number	https://www.ncbi.nlm.nih.gov/biosample/SAMN56511392	Is the lineage difference a documented taxonomic revision or a wrong strain link?		
P1	NCPPB 2820	Xanthomonas translucens pv. translucens (Jones et al. 1917) Vauterin et al. 1995		SAMN41996496	Xanthomonas arboricola pv. corylina	5262	donor_reference	bio_material	structured_exact_identifier	same_genus_different_species	conflicting_ncppb_identifier	other_references	https://www.ncbi.nlm.nih.gov/biosample/SAMN41996496	Does the BioSample refer to this NCPPB strain despite containing another NCPPB number?		
P1	NCPPB 2930	Xanthomonas vasicola pv. holcicola (Elliott 1930) Vauterin et al. 1995	SAMN41764005	SAMN41764005	Sphingomonas sp. NCPPB 2930	NCPPB 2930	ncppb_number	strain	structured_exact_identifier	different_lineage	different_lineage	ncppb_number	https://www.ncbi.nlm.nih.gov/biosample/SAMN41764005	Is the lineage difference a documented taxonomic revision or a wrong strain link?		
P1	NCPPB 3059	Xanthomonas phaseoli pv. manihotis (Bondar 1912) Constantin et al. 2016 comb. nov.	SAMEA247356; SAMEA4156338	SAMEA247356; SAMEA4156338	Ralstonia solanacearum	NCPPB 3059	ncppb_number	strain	structured_exact_identifier	different_lineage	different_lineage	ncppb_number	https://www.ncbi.nlm.nih.gov/biosample/SAMEA247356; https://www.ncbi.nlm.nih.gov/biosample/SAMEA4156338	Is the lineage difference a documented taxonomic revision or a wrong strain link?		
P1	NCPPB 4375	Xanthomonas citri pv. citri (Hasse 1915) Constantin 2016 comb. nov.		SAMN56511363	Xanthomonas axonopodis pv. nakataecorchori	1594	donor_reference	strain	structured_exact_identifier	compatible_synonym	conflicting_ncppb_identifier	other_references	https://www.ncbi.nlm.nih.gov/biosample/SAMN56511363	Does the BioSample refer to this NCPPB strain despite containing another NCPPB number?		
P2	NCPPB 230	Xanthomonas hortorum pv. carotae (Kendrick 1934) Vauterin et al. 1995	SAMN40354569	SAMN40354569	Xanthomonas sp. WHRI 8391	NCPPB 230	ncppb_number	identity_aliases	structured_exact_identifier	same_genus_different_species	same_genus_different_species	ncppb_number	https://www.ncbi.nlm.nih.gov/biosample/SAMN40354569	Can the NCPPB and NCBI species names be reconciled as historical/current names for the same strain?		
P2	NCPPB 425	Xanthomonas hortorum pv. carotae (Kendrick 1934) Vauterin et al. 1995	SAMN40354566	SAMN40354566	Xanthomonas sp. WHRI 8338	NCPPB 425	ncppb_number	identity_aliases	structured_exact_identifier	same_genus_different_species	same_genus_different_species	ncppb_number	https://www.ncbi.nlm.nih.gov/biosample/SAMN40354566	Can the NCPPB and NCBI species names be reconciled as historical/current names for the same strain?		
P2	NCPPB 556	Xanthomonas axonopodis Starr & Garcés 1950	SAMN56511388; SAMN03203484	SAMN56511388	Xanthomonas citri	NCPPB 556	ncppb_number	strain	structured_exact_identifier	same_genus_different_species	same_genus_different_species	ncppb_number	https://www.ncbi.nlm.nih.gov/biosample/SAMN56511388	Can the NCPPB and NCBI species names be reconciled as historical/current names for the same strain?		
P2	NCPPB 557	Xanthomonas axonopodis (Smith 1897) Vauterin et al.1995	SAMN56511389; SAMN03257620	SAMN56511389	Xanthomonas citri	NCPPB 557	ncppb_number	strain	structured_exact_identifier	same_genus_different_species	same_genus_different_species	ncppb_number	https://www.ncbi.nlm.nih.gov/biosample/SAMN56511389	Can the NCPPB and NCBI species names be reconciled as historical/current names for the same strain?		
P2	NCPPB 575	Xanthomonas euvesicatoria pv. clerodendri (Patel et al. 1952) Harrison et al. 2023	SAMN19988990	SAMN19988990	Xanthomonas campestris pv. clerodendri	NCPPB 575	ncppb_number	strain	structured_exact_identifier	same_genus_different_species	same_genus_different_species	ncppb_number	https://www.ncbi.nlm.nih.gov/biosample/SAMN19988990	Can the NCPPB and NCBI species names be reconciled as historical/current names for the same strain?		
P2	NCPPB 579	Xanthomonas euvesicatoria pv. lawsoniae (Patel et al. 1951) Harrison et al. 2023	SAMN19988991	SAMN19988991	Xanthomonas campestris pv. lawsoniae	NCPPB 579	ncppb_number	strain	structured_exact_identifier	same_genus_different_species	same_genus_different_species	ncppb_number	https://www.ncbi.nlm.nih.gov/biosample/SAMN19988991	Can the NCPPB and NCBI species names be reconciled as historical/current names for the same strain?		
P2	NCPPB 585	Xanthomonas citri pv. trichodesmae (Patel et al.1952) Harrison et al. 2023	SAMN19988994	SAMN19988994	Xanthomonas campestris pv. trichodesmae	NCPPB 585	ncppb_number	strain	structured_exact_identifier	same_genus_different_species	same_genus_different_species	ncppb_number	https://www.ncbi.nlm.nih.gov/biosample/SAMN19988994	Can the NCPPB and NCBI species names be reconciled as historical/current names for the same strain?		
P2	NCPPB 586	Xanthomonas euvesicatoria pv. uppalii (Patel 1948) Harrison et al. 2023	SAMN19988992	SAMN19988992	Xanthomonas campestris pv. uppalii	NCPPB 586	ncppb_number	strain	structured_exact_identifier	same_genus_different_species	same_genus_different_species	ncppb_number	https://www.ncbi.nlm.nih.gov/biosample/SAMN19988992	Can the NCPPB and NCBI species names be reconciled as historical/current names for the same strain?		
P2	NCPPB 973	Xanthomonas translucens pv. translucens (Jones et al. 1917) Vauterin et al. 1995	SAMN23026111; SAMEA2271958; SAMN43281667; SAMD00253072	SAMEA4358958	Xanthomonas translucens pv. translucens DSM 18974	DSM 18974	collection_number	title	unstructured_exact_identifier	same_name	exact_identifier_only_in_title	other_references	https://www.ncbi.nlm.nih.gov/biosample/SAMEA4358958	Is the title-only exact identifier sufficient when structured identity fields are incomplete?		
P2	NCPPB 976	Xanthomonas citri (ex Hasse 1915) Gabriel et al. 1989	SAMN09704274; SAMN11047482	SAMN09704274; SAMN11047482	Xanthomonas axonopodis pv. vitians	NCPPB 976; CFBP 2538	ncppb_number; collection_number	strain	structured_exact_identifier	same_genus_different_species	same_genus_different_species	ncppb_number; other_references	https://www.ncbi.nlm.nih.gov/biosample/SAMN09704274; https://www.ncbi.nlm.nih.gov/biosample/SAMN11047482	Can the NCPPB and NCBI species names be reconciled as historical/current names for the same strain?		
P2	NCPPB 985	Xanthomonas phaseoli pv. dieffenbachiae (McCulloch & Pirone 1939) Constantin et al. 2016 comb. nov.	SAMN02903999	SAMN02903999	Xanthomonas citri	LMG 7399	collection_number	strain	structured_exact_identifier	same_genus_different_species	same_genus_different_species	other_references	https://www.ncbi.nlm.nih.gov/biosample/SAMN02903999	Can the NCPPB and NCBI species names be reconciled as historical/current names for the same strain?		
P2	NCPPB 1063	Xanthomonas axonopodis pv. ricini (Yoshi & Takimoto 1928) Vauterin et al. 1995	SAMN42178441; SAMN26561900	SAMN26561900	Xanthomonas euvesicatoria	ICMP 5747	collection_number	strain	structured_exact_identifier	same_genus_different_species	same_genus_different_species	other_references	https://www.ncbi.nlm.nih.gov/biosample/SAMN26561900	Can the NCPPB and NCBI species names be reconciled as historical/current names for the same strain?		
P2	NCPPB 1334	Xanthomonas euvesicatoria pv. ionidii (Padhya & Patel 1963) Harrison et al. 2023	SAMN19988970	SAMN19988970	Xanthomonas campestris pv. ionidii	NCPPB 1334	ncppb_number	strain	structured_exact_identifier	same_genus_different_species	same_genus_different_species	ncppb_number	https://www.ncbi.nlm.nih.gov/biosample/SAMN19988970	Can the NCPPB and NCBI species names be reconciled as historical/current names for the same strain?		
P2	NCPPB 1683	Stenotrophomonas hibiscicola (Moniz 1963) Nguyen et al. 2024	SAMN02441648; SAMN37626383; SAMN13507659; SAMN02194609	SAMN13507659; SAMN02194609	Stenotrophomonas maltophilia	ATCC 19867	collection_number	strain	structured_exact_identifier	same_genus_different_species	same_genus_different_species	other_references	https://www.ncbi.nlm.nih.gov/biosample/SAMN13507659; https://www.ncbi.nlm.nih.gov/biosample/SAMN02194609	Can the NCPPB and NCBI species names be reconciled as historical/current names for the same strain?		
P2	NCPPB 1757	Xanthomonas euvesicatoria pv. blepharidis (Srinivasan & Patel 1956) Harrison et al. 2023	SAMN19988973	SAMN19988973	Xanthomonas campestris pv. blepharidis	NCPPB 1757	ncppb_number	strain	structured_exact_identifier	same_genus_different_species	same_genus_different_species	ncppb_number	https://www.ncbi.nlm.nih.gov/biosample/SAMN19988973	Can the NCPPB and NCBI species names be reconciled as historical/current names for the same strain?		
P2	NCPPB 1758	Xanthomonas euvesicatoria pv. coriandri (Srinivasan et al. 1961) Harrison et al. 2023	SAMN19988974	SAMN19988974	Xanthomonas campestris pv. coriandri	NCPPB 1758	ncppb_number	strain	structured_exact_identifier	same_genus_different_species	same_genus_different_species	ncppb_number	https://www.ncbi.nlm.nih.gov/biosample/SAMN19988974	Can the NCPPB and NCBI species names be reconciled as historical/current names for the same strain?		
P2	NCPPB 1759	Xanthomonas campestris pv. bilvae Chakravarti et al. 1984	SAMN49561544; SAMEA114332028	SAMN49561544; SAMEA114332028	Xanthomonas citri pv. bilvae; Xanthomonas citri	NCPPB 1759	ncppb_number	strain; isolate	structured_exact_identifier	same_genus_different_species	same_genus_different_species	ncppb_number	https://www.ncbi.nlm.nih.gov/biosample/SAMN49561544; https://www.ncbi.nlm.nih.gov/biosample/SAMEA114332028	Can the NCPPB and NCBI species names be reconciled as historical/current names for the same strain?		
P2	NCPPB 1760	Xanthomonas euvesicatoria pv. spermacoces (Srinivasan & Patel 1956) Harrison et al. 2023	SAMN19988975	SAMN19988975	Xanthomonas campestris pv. spermacoces	NCPPB 1760	ncppb_number	strain	structured_exact_identifier	same_genus_different_species	same_genus_different_species	ncppb_number	https://www.ncbi.nlm.nih.gov/biosample/SAMN19988975	Can the NCPPB and NCBI species names be reconciled as historical/current names for the same strain?		
P2	NCPPB 1787	Xanthomonas euvesicatoria pv. vernoniae (Patel et al. 1968) Harrison et al. 2023	SAMN19988976	SAMN19988976	Xanthomonas campestris pv. veroniae	NCPPB 1787	ncppb_number	strain	structured_exact_identifier	same_genus_different_species	same_genus_different_species	ncppb_number	https://www.ncbi.nlm.nih.gov/biosample/SAMN19988976	Can the NCPPB and NCBI species names be reconciled as historical/current names for the same strain?		
P2	NCPPB 1828	Xanthomonas euvesicatoria pv. euphorbiae (Sabet et al.1969) Harrison et al. 2023	SAMN19988977	SAMN19988977	Xanthomonas campestris pv. euphorbiae	NCPPB 1828	ncppb_number	strain	structured_exact_identifier	same_genus_different_species	same_genus_different_species	ncppb_number	https://www.ncbi.nlm.nih.gov/biosample/SAMN19988977	Can the NCPPB and NCBI species names be reconciled as historical/current names for the same strain?		
P2	NCPPB 1932	Xanthomonas campestris pv. guizotiae (Yirgou 1964) Dye 1978	SAMN56511365	SAMN56511365	Xanthomonas arboricola pv. guizotiae	NCPPB 1932	ncppb_number	strain	structured_exact_identifier	same_genus_different_species	same_genus_different_species	ncppb_number	https://www.ncbi.nlm.nih.gov/biosample/SAMN56511365	Can the NCPPB and NCBI species names be reconciled as historical/current names for the same strain?		
P2	NCPPB 1933	Xanthomonas campestris pv. guizotiae (Yirgou 1964) Dye 1978	SAMN56511366	SAMN56511366	Xanthomonas arboricola pv. guizotiae	NCPPB 1933	ncppb_number	strain	structured_exact_identifier	same_genus_different_species	same_genus_different_species	ncppb_number	https://www.ncbi.nlm.nih.gov/biosample/SAMN56511366	Can the NCPPB and NCBI species names be reconciled as historical/current names for the same strain?		
P2	NCPPB 1934	Xanthomonas campestris pv. incanae (Kendrick & Baker 1942) Dye 1978		SAMN36318705	Xanthomonas campestris pv. incanae	NCPPB 1934	ncppb_number	title	unstructured_exact_identifier	same_name	exact_identifier_only_in_title	ncppb_number	https://www.ncbi.nlm.nih.gov/biosample/SAMN36318705	Is the title-only exact identifier sufficient when structured identity fields are incomplete?		
P2	NCPPB 1938	Xanthomonas campestris pv. plantaginis (Thornberry & Anderson 1937) Dye 1978		SAMN36318706	Xanthomonas campestris pv. plantaginis	NCPPB 1938	ncppb_number	title	unstructured_exact_identifier	same_name	exact_identifier_only_in_title	ncppb_number	https://www.ncbi.nlm.nih.gov/biosample/SAMN36318706	Is the title-only exact identifier sufficient when structured identity fields are incomplete?		
P2	NCPPB 1946	Xanthomonas campestris pv. raphani (White 1930) Dye 1978	SAMN36368324; SAMN22552835; SAMN17385960	SAMN36315929	Xanthomonas campestris pv. raphani	NCPPB 1946	ncppb_number	title	unstructured_exact_identifier	same_name	exact_identifier_only_in_title	ncppb_number	https://www.ncbi.nlm.nih.gov/biosample/SAMN36315929	Is the title-only exact identifier sufficient when structured identity fields are incomplete?		
P2	NCPPB 2057	Xanthomonas euvesicatoria pv. heliotropii (Sabet et al.1969) Harrison et al. 2023	SAMN19988978	SAMN19988978	Xanthomonas campestris pv. heliotropii	NCPPB 2057	ncppb_number	strain	structured_exact_identifier	same_genus_different_species	same_genus_different_species	ncppb_number	https://www.ncbi.nlm.nih.gov/biosample/SAMN19988978	Can the NCPPB and NCBI species names be reconciled as historical/current names for the same strain?		
P2	NCPPB 2346	Xanthomonas phaseoli pv. passiflorae (Pereira 1969) Harrison et al. 2023	SAMN19988995	SAMN19988995	Xanthomonas campestris pv. passiflorae	NCPPB 2346	ncppb_number	strain	structured_exact_identifier	same_genus_different_species	same_genus_different_species	ncppb_number	https://www.ncbi.nlm.nih.gov/biosample/SAMN19988995	Can the NCPPB and NCBI species names be reconciled as historical/current names for the same strain?		
P2	NCPPB 2372	Xanthomonas euvesicatoria pv. fici (Cavara 1905) Harrison et al. 2023	SAMN42175581; SAMN19988979	SAMN42175581; SAMN19988979	Xanthomonas campestris pv. fici	NCPPB 2372	ncppb_number	strain	structured_exact_identifier	same_genus_different_species	same_genus_different_species	ncppb_number	https://www.ncbi.nlm.nih.gov/biosample/SAMN42175581; https://www.ncbi.nlm.nih.gov/biosample/SAMN19988979	Can the NCPPB and NCBI species names be reconciled as historical/current names for the same strain?		
P2	NCPPB 2373	Xanthomonas euvesicatoria pv. carissae (Moniz et al. 1964) Harrison et al. 2023	SAMN19988980	SAMN19988980	Xanthomonas campestris pv. carissae	NCPPB 2373	ncppb_number	strain	structured_exact_identifier	same_genus_different_species	same_genus_different_species	ncppb_number	https://www.ncbi.nlm.nih.gov/biosample/SAMN19988980	Can the NCPPB and NCBI species names be reconciled as historical/current names for the same strain?		
P2	NCPPB 2475	Xanthomonas campestris pv. viticola (Nayudu 1972) Dye 1978	SAMN26688428; SAMEA3139044	SAMN26688428; SAMEA3139044	Xanthomonas citri pv. viticola	LMG 965	collection_number	strain	structured_exact_identifier	same_genus_different_species	same_genus_different_species	other_references	https://www.ncbi.nlm.nih.gov/biosample/SAMN26688428; https://www.ncbi.nlm.nih.gov/biosample/SAMEA3139044	Can the NCPPB and NCBI species names be reconciled as historical/current names for the same strain?		
P2	NCPPB 2498	Xanthomonas euvesicatoria pv. convolvuli (Nagarkoti et al.1973) Harrison et al. 2023	SAMN19988981	SAMN19988981	Xanthomonas campestris pv. convolvuli	NCPPB 2498	ncppb_number	strain	structured_exact_identifier	same_genus_different_species	same_genus_different_species	ncppb_number	https://www.ncbi.nlm.nih.gov/biosample/SAMN19988981	Can the NCPPB and NCBI species names be reconciled as historical/current names for the same strain?		
P2	NCPPB 2827	Xanthomonas cerealis pv. cerealis Tambong et al. 2024		SAMN39911788	Xanthomonas hortorum pv. hederae	5690	donor_reference	strain	structured_exact_identifier	same_genus_different_species	medium_identifier_requires_corroboration; same_genus_different_species	other_references	https://www.ncbi.nlm.nih.gov/biosample/SAMN39911788	Does the structured evidence support retaining this BioSample as a strain-level match?		
P2	NCPPB 2877	Xanthomonas campestris pv. cannabis Severin 1978	SAMN03164131	SAMN03164131	Xanthomonas cannabis pv. cannabis	NCPPB 2877	ncppb_number	strain	structured_exact_identifier	same_genus_different_species	same_genus_different_species	ncppb_number	https://www.ncbi.nlm.nih.gov/biosample/SAMN03164131	Can the NCPPB and NCBI species names be reconciled as historical/current names for the same strain?		
P2	NCPPB 2922	Xanthomonas sp. Dowson 1939	SAMN43286070; SAMN42485110	SAMN42485110	Xanthomonas	NCPPB 2922	ncppb_number	strain	structured_exact_identifier	taxonomy_unresolved	taxonomy_unresolved	ncppb_number	https://www.ncbi.nlm.nih.gov/biosample/SAMN42485110	Does the structured evidence support retaining this BioSample as a strain-level match?		
P2	NCPPB 2932	Xanthomonas euvesicatoria pv. daturae (Jain, Dange & Siradhana 1975) Harrison et al. 2023	SAMN19988982	SAMN19988982	Xanthomonas campestris pv. daturae	NCPPB 2932	ncppb_number	strain	structured_exact_identifier	same_genus_different_species	same_genus_different_species	ncppb_number	https://www.ncbi.nlm.nih.gov/biosample/SAMN19988982	Can the NCPPB and NCBI species names be reconciled as historical/current names for the same strain?		
P2	NCPPB 3005	Xanthomonas marantae Zagatto & Pereira 1963	SAMN41997674	SAMN41997674	Xanthomonas sp. NCPPB 3005	NCPPB 3005	ncppb_number	strain	structured_exact_identifier	same_genus_different_species	same_genus_different_species	ncppb_number	https://www.ncbi.nlm.nih.gov/biosample/SAMN41997674	Can the NCPPB and NCBI species names be reconciled as historical/current names for the same strain?		
P2	NCPPB 3079	Xanthomonas euvesicatoria pv. paulliniae (Robbs, Medieros & Kimura 1982) Harrison et al. 2023	SAMN19988983	SAMN19988983	Xanthomonas campestris pv. paulliniae	NCPPB 3079	ncppb_number	strain	structured_exact_identifier	same_genus_different_species	same_genus_different_species	ncppb_number	https://www.ncbi.nlm.nih.gov/biosample/SAMN19988983	Can the NCPPB and NCBI species names be reconciled as historical/current names for the same strain?		
P2	NCPPB 3114	Xanthomonas citri pv. merremiae (Pant & Kulkarni 1976) Harrison et al. 2023	SAMN19988993	SAMN19988993	Xanthomonas campestris pv. merremiae	NCPPB 3114	ncppb_number	strain	structured_exact_identifier	same_genus_different_species	same_genus_different_species	ncppb_number	https://www.ncbi.nlm.nih.gov/biosample/SAMN19988993	Can the NCPPB and NCBI species names be reconciled as historical/current names for the same strain?		
P2	NCPPB 3162	Xanthomonas vasicola pv. holcicola (Elliott 1930) Vauterin et al. 1995	SAMN22555461	SAMN22555461	Xanthomonas citri	NCPPB 3162	ncppb_number	strain	structured_exact_identifier	same_genus_different_species	same_genus_different_species	ncppb_number	https://www.ncbi.nlm.nih.gov/biosample/SAMN22555461	Can the NCPPB and NCBI species names be reconciled as historical/current names for the same strain?		
P2	NCPPB 3213	Xanthomonas campestris pv. bilvae Chakravarti et al. 1984	SAMN49561543; SAMEA3121378; SAMEA114332029	SAMN49561543; SAMEA3121378; SAMEA114332029	Xanthomonas citri pv. bilvae; Xanthomonas citri	NCPPB 3213	ncppb_number	strain; isolate	structured_exact_identifier	same_genus_different_species	same_genus_different_species	ncppb_number	https://www.ncbi.nlm.nih.gov/biosample/SAMN49561543; https://www.ncbi.nlm.nih.gov/biosample/SAMEA3121378; https://www.ncbi.nlm.nih.gov/biosample/SAMEA114332029	Can the NCPPB and NCBI species names be reconciled as historical/current names for the same strain?		
P2	NCPPB 3234	Xanthomonas citri pv. citri (Hasse 1915) Constantin 2016 comb. nov.		SAMEA114332007	Xanthomonas citri pv. citri	XC62	donor_reference	isolate	structured_exact_identifier	same_name	medium_identifier_requires_corroboration	other_references	https://www.ncbi.nlm.nih.gov/biosample/SAMEA114332007	Does the structured evidence support retaining this BioSample as a strain-level match?		
P2	NCPPB 3237	Xanthomonas citri pv. aurantifolii (Schaad et al. 2007) Constantin et al. 2016 comb. nov.		SAMEA114332008; SAMN23026106	Xanthomonas citri pv. aurantifolii; Xanthomonas hortorum pv. gardneri	XC69	donor_reference	isolate; strain	structured_exact_identifier	same_name; same_genus_different_species	medium_identifier_requires_corroboration; medium_identifier_requires_corroboration; same_genus_different_species	other_references	https://www.ncbi.nlm.nih.gov/biosample/SAMEA114332008; https://www.ncbi.nlm.nih.gov/biosample/SAMN23026106	Does the structured evidence support retaining this BioSample as a strain-level match?		
P2	NCPPB 3304	Xanthomonas oryzae pv. oryzae (Ishiyama 1922) Swings et al. 1990		SAMN06237132	Xanthomonas oryzae pv. oryzae	PXO86	donor_reference	strain	structured_exact_identifier	same_name	medium_identifier_requires_corroboration	other_references	https://www.ncbi.nlm.nih.gov/biosample/SAMN06237132	Does the structured evidence support retaining this BioSample as a strain-level match?		
P2	NCPPB 3440	Xanthomonas hortorum pv. carotae (Kendrick 1934) Vauterin et al. 1995	SAMN40354570	SAMN40354570	Xanthomonas sp. WHRI 8393	NCPPB 3440	ncppb_number	identity_aliases	structured_exact_identifier	same_genus_different_species	same_genus_different_species	ncppb_number	https://www.ncbi.nlm.nih.gov/biosample/SAMN40354570	Can the NCPPB and NCBI species names be reconciled as historical/current names for the same strain?		
P2	NCPPB 3595	Xanthomonas phaseoli pv. phaseoli (Smith 1897) Constantin et al. 2016 comb. nov.		SAMN30096794	Xanthomonas citri pv. punicae	XCP1	isolate_code	strain	structured_exact_identifier	same_genus_different_species	medium_identifier_requires_corroboration; same_genus_different_species	other_references	https://www.ncbi.nlm.nih.gov/biosample/SAMN30096794	Does the structured evidence support retaining this BioSample as a strain-level match?		
P2	NCPPB 3640	Xanthomonas campestris pv. parthenii Chand et al. 1995		SAMN30096796	Xanthomonas citri pv. punicae	XCP3	donor_reference	strain	structured_exact_identifier	same_genus_different_species	medium_identifier_requires_corroboration; same_genus_different_species	other_references	https://www.ncbi.nlm.nih.gov/biosample/SAMN30096796	Does the structured evidence support retaining this BioSample as a strain-level match?		
P2	NCPPB 3641	Xanthomonas campestris pv. parthenii Chand et al. 1995		SAMN30096797	Xanthomonas citri pv. punicae	XCP4	donor_reference	strain	structured_exact_identifier	same_genus_different_species	medium_identifier_requires_corroboration; same_genus_different_species	other_references	https://www.ncbi.nlm.nih.gov/biosample/SAMN30096797	Does the structured evidence support retaining this BioSample as a strain-level match?		
P2	NCPPB 3753	Xanthomonas campestris pv. cannabis Severin 1978	SAMN03164132	SAMN03164132	Xanthomonas cannabis pv. cannabis	NCPPB 3753	ncppb_number	strain	structured_exact_identifier	same_genus_different_species	same_genus_different_species	ncppb_number	https://www.ncbi.nlm.nih.gov/biosample/SAMN03164132	Can the NCPPB and NCBI species names be reconciled as historical/current names for the same strain?		
P2	NCPPB 3759	Xanthomonas euvesicatoria pv. obscurae (Chand & Singh 1994) Harrison et al. 2023	SAMN19988984	SAMN19988984	Xanthomonas campestris pv. obscurae	NCPPB 3759	ncppb_number	strain	structured_exact_identifier	same_genus_different_species	same_genus_different_species	ncppb_number	https://www.ncbi.nlm.nih.gov/biosample/SAMN19988984	Can the NCPPB and NCBI species names be reconciled as historical/current names for the same strain?		
P2	NCPPB 3795	Xanthomonas euvesicatoria pv. fici (Cavara 1905) Harrison et al. 2023	SAMN42175582	SAMN42175582	Xanthomonas campestris pv. fici	NCPPB 3795	ncppb_number	strain	structured_exact_identifier	same_genus_different_species	same_genus_different_species	ncppb_number	https://www.ncbi.nlm.nih.gov/biosample/SAMN42175582	Can the NCPPB and NCBI species names be reconciled as historical/current names for the same strain?		
P2	NCPPB 3796	Xanthomonas euvesicatoria pv. fici (Cavara 1905) Harrison et al. 2023	SAMN42175583	SAMN42175583	Xanthomonas campestris pv. fici	NCPPB 3796	ncppb_number	strain	structured_exact_identifier	same_genus_different_species	same_genus_different_species	ncppb_number	https://www.ncbi.nlm.nih.gov/biosample/SAMN42175583	Can the NCPPB and NCBI species names be reconciled as historical/current names for the same strain?		
P2	NCPPB 3797	Xanthomonas euvesicatoria pv. fici (Cavara 1905) Harrison et al. 2023	SAMN42175584	SAMN42175584	Xanthomonas campestris pv. fici	NCPPB 3797	ncppb_number	strain	structured_exact_identifier	same_genus_different_species	same_genus_different_species	ncppb_number	https://www.ncbi.nlm.nih.gov/biosample/SAMN42175584	Can the NCPPB and NCBI species names be reconciled as historical/current names for the same strain?		
P2	NCPPB 3886	Xanthomonas euvesicatoria pv. fici (Cavara 1905) Harrison et al. 2023	SAMN42175585	SAMN42175585	Xanthomonas campestris pv. fici	NCPPB 3886	ncppb_number	strain	structured_exact_identifier	same_genus_different_species	same_genus_different_species	ncppb_number	https://www.ncbi.nlm.nih.gov/biosample/SAMN42175585	Can the NCPPB and NCBI species names be reconciled as historical/current names for the same strain?		
P2	NCPPB 3887	Xanthomonas euvesicatoria pv. fici (Cavara 1905) Harrison et al. 2023	SAMN42175586	SAMN42175586	Xanthomonas campestris pv. fici	NCPPB 3887	ncppb_number	strain	structured_exact_identifier	same_genus_different_species	same_genus_different_species	ncppb_number	https://www.ncbi.nlm.nih.gov/biosample/SAMN42175586	Can the NCPPB and NCBI species names be reconciled as historical/current names for the same strain?		
P2	NCPPB 4231	Xanthomonas sp. Dowson 1939	SAMN22552841	SAMN22552841	Xanthomonas campestris	NCPPB 4231	ncppb_number	strain	structured_exact_identifier	same_genus_different_species	same_genus_different_species	ncppb_number	https://www.ncbi.nlm.nih.gov/biosample/SAMN22552841	Can the NCPPB and NCBI species names be reconciled as historical/current names for the same strain?		
P2	NCPPB 4232	Xanthomonas sp. Dowson 1939	SAMN22552842	SAMN22552842	Xanthomonas campestris	NCPPB 4232	ncppb_number	strain	structured_exact_identifier	same_genus_different_species	same_genus_different_species	ncppb_number	https://www.ncbi.nlm.nih.gov/biosample/SAMN22552842	Can the NCPPB and NCBI species names be reconciled as historical/current names for the same strain?		
P2	NCPPB 4322	Xanthomonas euvesicatoria pv. perforans (Jones et al. 2006) Constantin et al. 2016 comb. nov.		SAMN23026091	Xanthomonas perforans	XV1220	donor_reference	strain	structured_exact_identifier	compatible_synonym	medium_identifier_requires_corroboration	other_references	https://www.ncbi.nlm.nih.gov/biosample/SAMN23026091	Does the structured evidence support retaining this BioSample as a strain-level match?		
P2	NCPPB 4346	Xanthomonas campestris pv. leersiae (ex Fang et al. 1957) Young et al. 1991	SAMN10956069; SAMN03862116	SAMN10956069; SAMN03862116	Xanthomonas oryzae	NCPPB 4346	ncppb_number	strain	structured_exact_identifier	same_genus_different_species	same_genus_different_species	ncppb_number	https://www.ncbi.nlm.nih.gov/biosample/SAMN10956069; https://www.ncbi.nlm.nih.gov/biosample/SAMN03862116	Can the NCPPB and NCBI species names be reconciled as historical/current names for the same strain?		
P2	NCPPB 4393	Xanthomonas vasicola pv. musacearum (Yirgou & Bradbury 1968) Dye 1978	SAMN42486834; SAMN02471171; SAMN00752561	SAMN02471171; SAMN00752561	Xanthomonas sacchari NCPPB 4393	NCPPB 4393	ncppb_number	strain	structured_exact_identifier	same_genus_different_species	same_genus_different_species	ncppb_number	https://www.ncbi.nlm.nih.gov/biosample/SAMN02471171; https://www.ncbi.nlm.nih.gov/biosample/SAMN00752561	Can the NCPPB and NCBI species names be reconciled as historical/current names for the same strain?		
P2	NCPPB 4410	Xanthomonas hortorum pv. carotae (Kendrick 1934) Vauterin et al. 1995		SAMN40354567	Xanthomonas sp. WHRI 8356	8356	donor_reference	strain	structured_exact_identifier	same_genus_different_species	medium_identifier_requires_corroboration; same_genus_different_species	other_references	https://www.ncbi.nlm.nih.gov/biosample/SAMN40354567	Does the structured evidence support retaining this BioSample as a strain-level match?		
P2	NCPPB 4594	Xanthomonas sp. Dowson 1939	SAMN56511377	SAMN56511377	Xanthomonas cannabis pv. phaseoli	NCPPB 4594	ncppb_number	strain	structured_exact_identifier	same_genus_different_species	same_genus_different_species	ncppb_number	https://www.ncbi.nlm.nih.gov/biosample/SAMN56511377	Can the NCPPB and NCBI species names be reconciled as historical/current names for the same strain?		
P2	NCPPB 4614	Xanthomonas vasicola pv. vasculorum (Cobb 1894) Lang et al. 2017	SAMN36357968	SAMN36357978	Xanthomonas vasicola	SAM119	donor_reference	strain	structured_exact_identifier	same_name	medium_identifier_requires_corroboration	other_references	https://www.ncbi.nlm.nih.gov/biosample/SAMN36357978	Does the structured evidence support retaining this BioSample as a strain-level match?		
P2	NCPPB 4615	Xanthomonas campestris pv. campestris (Pammel 1895) Dowson 1939		SAMN25050887	Xanthomonas campestris	B100	donor_reference	title	unstructured_exact_identifier	same_name	exact_identifier_only_in_title	historical_v1_recheck	https://www.ncbi.nlm.nih.gov/biosample/SAMN25050887	Is the title-only exact identifier sufficient when structured identity fields are incomplete?		
P2	NCPPB 4678	Xanthomonas campestris pv. campestris (Pammel 1895) Dowson 1939	SAMN56511383; SAMN43286080	SAMN49888164	Xanthomonas campestris pv. campestris	NCPPB 4678	ncppb_number	title	unstructured_exact_identifier	same_name	exact_identifier_only_in_title	ncppb_number	https://www.ncbi.nlm.nih.gov/biosample/SAMN49888164	Is the title-only exact identifier sufficient when structured identity fields are incomplete?		
P2	NCPPB 4679	Xanthomonas campestris pv. campestris (Pammel 1895) Dowson 1939	SAMN56511384	SAMN49888165	Xanthomonas campestris pv. campestris	NCPPB 4679	ncppb_number	title	unstructured_exact_identifier	same_name	exact_identifier_only_in_title	ncppb_number	https://www.ncbi.nlm.nih.gov/biosample/SAMN49888165	Is the title-only exact identifier sufficient when structured identity fields are incomplete?		
P2	NCPPB 4681	Xanthomonas campestris pv. campestris (Pammel 1895) Dowson 1939	SAMN56511386	SAMN17198917; SAMN17198916; SAMN17198915	Xanthomonas campestris pv. campestris	Xc27	donor_reference	identifiers	structured_exact_identifier	same_name	medium_identifier_requires_corroboration	other_references	https://www.ncbi.nlm.nih.gov/biosample/SAMN17198917; https://www.ncbi.nlm.nih.gov/biosample/SAMN17198916; https://www.ncbi.nlm.nih.gov/biosample/SAMN17198915	Does the structured evidence support retaining this BioSample as a strain-level match?		
P2	NCPPB 4704	Xanthomonas vasicola pv. vasculorum (Cobb 1894) Lang et al. 2017		SAMN36357988	Xanthomonas vasicola	Co-126-2	donor_reference	strain	structured_exact_identifier	same_name	medium_identifier_requires_corroboration	other_references	https://www.ncbi.nlm.nih.gov/biosample/SAMN36357988	Does the structured evidence support retaining this BioSample as a strain-level match?		
P2	NCPPB 4705	Xanthomonas vasicola pv. vasculorum (Cobb 1894) Lang et al. 2017		SAMN36357994; SAMN07735936	Xanthomonas vasicola; Xanthomonas vasicola pv. vasculorum	Arg-1A	donor_reference	strain	structured_exact_identifier	same_name	medium_identifier_requires_corroboration	historical_v1_recheck	https://www.ncbi.nlm.nih.gov/biosample/SAMN36357994; https://www.ncbi.nlm.nih.gov/biosample/SAMN07735936	Does the structured evidence support retaining this BioSample as a strain-level match?		
P2	NCPPB 4707	Xanthomonas vasicola pv. vasculorum (Cobb 1894) Lang et al. 2017		SAMN36357996	Xanthomonas vasicola	ARG-3A	donor_reference	strain	structured_exact_identifier	same_name	medium_identifier_requires_corroboration	historical_v1_recheck	https://www.ncbi.nlm.nih.gov/biosample/SAMN36357996	Does the structured evidence support retaining this BioSample as a strain-level match?		
P2	NCPPB 4709	Xanthomonas vasicola pv. holcicola (Elliott 1930) Vauterin et al. 1995		SAMN36358007	Xanthomonas vasicola	NE-18 Xvh	donor_reference	strain	structured_exact_identifier	same_name	medium_identifier_requires_corroboration	other_references	https://www.ncbi.nlm.nih.gov/biosample/SAMN36358007	Does the structured evidence support retaining this BioSample as a strain-level match?		
P2	NCPPB 4710	Xanthomonas vasicola pv. vasculorum (Cobb 1894) Lang et al. 2017		SAMN36701295; SAMN36357995; SAMN08773711	Xanthomonas vasicola pv. vasculorum; Xanthomonas vasicola	Arg-2B	donor_reference	strain	structured_exact_identifier	same_name	medium_identifier_requires_corroboration	historical_v1_recheck	https://www.ncbi.nlm.nih.gov/biosample/SAMN36701295; https://www.ncbi.nlm.nih.gov/biosample/SAMN36357995; https://www.ncbi.nlm.nih.gov/biosample/SAMN08773711	Does the structured evidence support retaining this BioSample as a strain-level match?		
P2	NCPPB 4712	Xanthomonas vasicola pv. vasculorum (Cobb 1894) Lang et al. 2017		SAMN36701296; SAMN36357998; SAMN08773805	Xanthomonas vasicola pv. vasculorum; Xanthomonas vasicola	ARG-6B	donor_reference	strain	structured_exact_identifier	same_name	medium_identifier_requires_corroboration	historical_v1_recheck	https://www.ncbi.nlm.nih.gov/biosample/SAMN36701296; https://www.ncbi.nlm.nih.gov/biosample/SAMN36357998; https://www.ncbi.nlm.nih.gov/biosample/SAMN08773805	Does the structured evidence support retaining this BioSample as a strain-level match?		
P2	NCPPB 4714	Xanthomonas vasicola pv. vasculorum (Cobb 1894) Lang et al. 2017		SAMN36357997	Xanthomonas vasicola	ARG 4B	donor_reference	strain	structured_exact_identifier	same_name	medium_identifier_requires_corroboration	historical_v1_recheck	https://www.ncbi.nlm.nih.gov/biosample/SAMN36357997	Does the structured evidence support retaining this BioSample as a strain-level match?		
P2	NCPPB 4716	Xanthomonas vasicola pv. vasculorum (Cobb 1894) Lang et al. 2017		SAMN36357991	Xanthomonas vasicola	NE-16	donor_reference	strain	structured_exact_identifier	same_name	medium_identifier_requires_corroboration	other_references	https://www.ncbi.nlm.nih.gov/biosample/SAMN36357991	Does the structured evidence support retaining this BioSample as a strain-level match?		
P2	NCPPB 4771	Xanthomonas campestris pv. campestris (Pammel 1895) Dowson 1939		SAMN53688592	Xanthomonas campestris	2023027163	donor_reference	identifiers	structured_exact_identifier	same_name	medium_identifier_requires_corroboration	other_references	https://www.ncbi.nlm.nih.gov/biosample/SAMN53688592	Does the structured evidence support retaining this BioSample as a strain-level match?		
