ncppb_number	biosample_accession	rediscovered_by_v2_1_search	rediscovery_tracks	historical_direct_recheck_needed	v2_1_decision	identity_match_status	evidence_class	matched_identifier	matched_field	taxonomy_status	review_reason
NCPPB 45	SAMN36346970	yes	ncppb_number	no	accept	confirmed_exact_ncppb_identifier	structured_exact_identifier	NCPPB 45	strain	same_name	
NCPPB 101	SAMN22555467	yes	ncppb_number	no	accept	confirmed_exact_ncppb_identifier	structured_exact_identifier	NCPPB 101	strain	same_name	
NCPPB 113	SAMN42178446	yes	ncppb_number	no	accept	confirmed_exact_ncppb_identifier	structured_exact_identifier	NCPPB 113	strain	same_name	
NCPPB 151	SAMN56511362	yes	ncppb_number	no	accept	confirmed_exact_ncppb_identifier	structured_exact_identifier	NCPPB 151	strain	same_name	
NCPPB 206	SAMN00991256	yes	ncppb_number	no	accept	confirmed_exact_ncppb_identifier	structured_exact_identifier	NCPPB 206	strain	same_name	
NCPPB 206	SAMN36357966	yes	ncppb_number	no	accept	confirmed_exact_ncppb_identifier	structured_exact_identifier	NCPPB 206	strain	same_name	
NCPPB 211	SAMN13783128	yes	ncppb_number	no	accept	confirmed_exact_ncppb_identifier	structured_exact_identifier	NCPPB 211	strain	same_name	
NCPPB 220	SAMN03262509	yes	ncppb_number	no	accept	confirmed_exact_ncppb_identifier	structured_exact_identifier	NCPPB 220	strain	same_name	
NCPPB 226	SAMN13783184	yes	ncppb_number	no	accept	confirmed_exact_ncppb_identifier	structured_exact_identifier	NCPPB 226	strain	same_name	
NCPPB 230	SAMN40354569	yes	ncppb_number	no	accept	confirmed_exact_ncppb_identifier	structured_exact_identifier	NCPPB 230	identity_aliases	same_genus_different_species	same_genus_different_species
NCPPB 232	SAMEA6962647	yes	ncppb_number	no	accept	confirmed_exact_ncppb_identifier	structured_exact_identifier	NCPPB 232	culture_collection	same_name	
NCPPB 301	SAMN03175018	yes	ncppb_number	no	accept	confirmed_exact_ncppb_identifier	structured_exact_identifier	NCPPB 301	strain	same_name	
NCPPB 347	SAMN17385947	yes	ncppb_number; other_references	no	accept	confirmed_exact_ncppb_identifier	structured_exact_identifier	NCPPB 347	identity_aliases	same_name	
NCPPB 347	SAMN22552829	yes	ncppb_number	no	accept	confirmed_exact_ncppb_identifier	structured_exact_identifier	NCPPB 347	strain	same_name	
NCPPB 381	SAMN02903172	yes	other_references	no	accept	confirmed_exact_collection_identifier	structured_exact_identifier	LMG 826	strain	same_name	
NCPPB 381	SAMN03142398	yes	ncppb_number	no	accept	confirmed_exact_ncppb_identifier	structured_exact_identifier	NCPPB 381	strain	same_name	
NCPPB 381	SAMN06829306	yes	other_references	no	accept	confirmed_exact_collection_identifier	structured_exact_identifier	CFBP 6165	strain	same_name	
NCPPB 381	SAMN40354536	yes	ncppb_number	no	accept	confirmed_exact_ncppb_identifier	structured_exact_identifier	NCPPB 381	identity_aliases	same_name	
NCPPB 404	SAMN36346971	yes	ncppb_number	no	accept	confirmed_exact_ncppb_identifier	structured_exact_identifier	NCPPB 404	strain	same_name	
NCPPB 409	SAMEA114331998	yes	ncppb_number	no	accept	confirmed_exact_ncppb_identifier	structured_exact_identifier	NCPPB 409	isolate	same_name	
NCPPB 409	SAMN13783182	yes	other_references	no	accept	confirmed_exact_collection_identifier	structured_exact_identifier	CFBP 2525	strain	same_name	
NCPPB 411	SAMN03352151	yes	other_references	no	accept	confirmed_exact_collection_identifier	structured_exact_identifier	CFBP 2528	strain	same_name	
NCPPB 411	SAMN43400626	yes	other_references	no	accept	confirmed_exact_collection_identifier	structured_exact_identifier	ATCC 49083	strain	same_name	
NCPPB 416	SAMN00188641	yes	other_references	no	accept	confirmed_exact_collection_identifier	structured_exact_identifier	ICMP 51	strain	same_name	
NCPPB 416	SAMN39942831	yes	ncppb_number	no	accept	confirmed_exact_ncppb_identifier	structured_exact_identifier	NCPPB 416	strain	same_name	
NCPPB 416	SAMN41996497	yes	ncppb_number	no	accept	confirmed_exact_ncppb_identifier	structured_exact_identifier	NCPPB 416	strain	same_name	
NCPPB 422	SAMN02471773	yes	other_references	no	accept	confirmed_exact_collection_identifier	structured_exact_identifier	ATCC 35937	strain	same_name	
NCPPB 422	SAMN05823154	yes	other_references	no	accept	confirmed_exact_collection_identifier	structured_exact_identifier	LMG 911	strain	same_name	
NCPPB 425	SAMN40354566	yes	ncppb_number	no	accept	confirmed_exact_ncppb_identifier	structured_exact_identifier	NCPPB 425	identity_aliases	same_genus_different_species	same_genus_different_species
NCPPB 457	SAMN02903173	yes	other_references	no	accept	confirmed_exact_collection_identifier	structured_exact_identifier	LMG 982	strain	same_name	
NCPPB 464	SAMN19988989	yes	ncppb_number	no	accept	confirmed_exact_ncppb_identifier	structured_exact_identifier	NCPPB 464	strain	same_name	
NCPPB 464	SAMN41997686	yes	ncppb_number	no	accept	confirmed_exact_ncppb_identifier	structured_exact_identifier	NCPPB 464	strain	same_name	
NCPPB 465	SAMN41997687	yes	ncppb_number	no	accept	confirmed_exact_ncppb_identifier	structured_exact_identifier	NCPPB 465	strain	same_name	
NCPPB 466	SAMEA3138416	yes	other_references	no	accept	confirmed_exact_collection_identifier	structured_exact_identifier	LMG 859	strain	same_name	
NCPPB 466	SAMN09425328	yes	other_references	no	accept	confirmed_exact_collection_identifier	structured_exact_identifier	LMG 859	strain	same_name	
NCPPB 478	SAMN42178451	yes	ncppb_number	no	accept	confirmed_exact_ncppb_identifier	structured_exact_identifier	NCPPB 478	strain	same_name	
NCPPB 481	SAMN42278566	yes	ncppb_number	no	accept	confirmed_exact_ncppb_identifier	structured_exact_identifier	NCPPB 481	strain	same_name	
NCPPB 485	SAMN42284446	yes	ncppb_number	no	accept	confirmed_exact_ncppb_identifier	structured_exact_identifier	NCPPB 485	strain	same_name	
NCPPB 488	SAMN42178439	yes	ncppb_number	no	accept	confirmed_exact_ncppb_identifier	structured_exact_identifier	NCPPB 488	strain	same_name	
NCPPB 490	SAMEA2272013	yes	other_references	no	accept	confirmed_exact_collection_identifier	structured_exact_identifier	LMG 941	strain	same_name	
NCPPB 490	SAMN41471108	yes	other_references	no	accept	confirmed_exact_collection_identifier	structured_exact_identifier	CFBP 1716	strain	same_name	
NCPPB 509	SAMN03175433	yes	other_references	no	accept	confirmed_exact_collection_identifier	structured_exact_identifier	LMG 919	strain	same_name	
NCPPB 528	SAMN02603845	yes	other_references	no	accept	confirmed_exact_collection_identifier	structured_exact_identifier	ATCC 33913	strain	same_name	
NCPPB 528	SAMN22552834	yes	ncppb_number	no	accept	confirmed_exact_ncppb_identifier	structured_exact_identifier	NCPPB 528	strain	same_name	
NCPPB 528	SAMN36368329	yes	ncppb_number	no	accept	confirmed_exact_ncppb_identifier	structured_exact_identifier	NCPPB 528	strain	same_name	
NCPPB 529	SAMN36346972	yes	ncppb_number	no	accept	confirmed_exact_ncppb_identifier	structured_exact_identifier	NCPPB 529	strain	same_name	
NCPPB 535	SAMN42178440	yes	ncppb_number	no	accept	confirmed_exact_ncppb_identifier	structured_exact_identifier	NCPPB 535	strain	same_name	
NCPPB 536	SAMN42284536	yes	ncppb_number	no	accept	confirmed_exact_ncppb_identifier	structured_exact_identifier	NCPPB 536	strain	same_name	
NCPPB 554	SAMN02469936	yes	other_references	no	accept	confirmed_exact_collection_identifier	structured_exact_identifier	CFBP 2526	strain	same_name	
NCPPB 554	SAMN18397212	yes	other_references	no	accept	confirmed_exact_collection_identifier	structured_exact_identifier	CFBP 2526	strain	same_name	
NCPPB 556	SAMN03203484	yes	ncppb_number	no	accept	confirmed_exact_ncppb_identifier	structured_exact_identifier	NCPPB 556	strain	compatible_synonym	
NCPPB 556	SAMN56511388	yes	ncppb_number	no	accept	confirmed_exact_ncppb_identifier	structured_exact_identifier	NCPPB 556	strain	same_genus_different_species	same_genus_different_species
NCPPB 557	SAMN03257620	yes	ncppb_number	no	accept	confirmed_exact_ncppb_identifier	structured_exact_identifier	NCPPB 557	strain	compatible_synonym	
NCPPB 557	SAMN56511389	yes	ncppb_number	no	accept	confirmed_exact_ncppb_identifier	structured_exact_identifier	NCPPB 557	strain	same_genus_different_species	same_genus_different_species
NCPPB 570	SAMN42488058	yes	ncppb_number	no	accept	confirmed_exact_ncppb_identifier	structured_exact_identifier	NCPPB 570	strain	same_name	
NCPPB 571	SAMN14601050	yes	other_references	no	accept	confirmed_exact_collection_identifier	structured_exact_identifier	ATCC 11672	culture_collection	same_name	
NCPPB 573	SAMN42284473	yes	ncppb_number	no	accept	confirmed_exact_ncppb_identifier	structured_exact_identifier	NCPPB 573	strain	same_name	
NCPPB 575	SAMN19988990	yes	ncppb_number	no	accept	confirmed_exact_ncppb_identifier	structured_exact_identifier	NCPPB 575	strain	same_genus_different_species	same_genus_different_species
NCPPB 577	SAMN42278567	yes	ncppb_number	no	accept	confirmed_exact_ncppb_identifier	structured_exact_identifier	NCPPB 577	strain	same_name	
NCPPB 579	SAMN19988991	yes	ncppb_number	no	accept	confirmed_exact_ncppb_identifier	structured_exact_identifier	NCPPB 579	strain	same_genus_different_species	same_genus_different_species
NCPPB 581	SAMN42178463	yes	ncppb_number	no	accept	confirmed_exact_ncppb_identifier	structured_exact_identifier	NCPPB 581	strain	same_name	
NCPPB 584	SAMN42278574	yes	ncppb_number	no	accept	confirmed_exact_ncppb_identifier	structured_exact_identifier	NCPPB 584	strain	same_name	
NCPPB 585	SAMN19988994	yes	ncppb_number	no	accept	confirmed_exact_ncppb_identifier	structured_exact_identifier	NCPPB 585	strain	same_genus_different_species	same_genus_different_species
NCPPB 586	SAMN19988992	yes	ncppb_number	no	accept	confirmed_exact_ncppb_identifier	structured_exact_identifier	NCPPB 586	strain	same_genus_different_species	same_genus_different_species
NCPPB 599	SAMD00253046	yes	other_references	no	accept	confirmed_exact_collection_identifier	structured_exact_identifier	ICMP 189	strain	same_name	
NCPPB 599	SAMN02894432	yes	other_references	no	accept	confirmed_exact_collection_identifier	structured_exact_identifier	DSM 19077	strain	same_name	
NCPPB 599	SAMN05560286	yes	other_references	no	accept	confirmed_exact_collection_identifier	structured_exact_identifier	CFBP 1156	strain	same_name	
NCPPB 599	SAMN12660098	yes	other_references	no	accept	confirmed_exact_collection_identifier	structured_exact_identifier	CFBP 1156	strain	same_name	
NCPPB 599	SAMN43282147	yes	other_references	no	accept	confirmed_exact_collection_identifier	structured_exact_identifier	ICMP 189	strain	same_name	
NCPPB 633	SAMN07418358	yes	other_references	no	accept	confirmed_exact_collection_identifier	structured_exact_identifier	CFBP 2530	culture_collection	same_name	
NCPPB 633	SAMN08729580	yes	ncppb_number	no	accept	confirmed_exact_ncppb_identifier	structured_exact_identifier	NCPPB 633	culture_collection	same_name	
NCPPB 633	SAMN22082069	yes	other_references	no	accept	confirmed_exact_collection_identifier	structured_exact_identifier	CFBP 2530	strain	same_name	
NCPPB 633	SAMN40354530	yes	ncppb_number	no	accept	confirmed_exact_ncppb_identifier	structured_exact_identifier	NCPPB 633	identity_aliases	same_name	
NCPPB 633	SAMN40354537	yes	ncppb_number	no	accept	confirmed_exact_ncppb_identifier	structured_exact_identifier	NCPPB 633	identity_aliases	same_name	
NCPPB 637	SAMN42180202	yes	ncppb_number	no	accept	confirmed_exact_ncppb_identifier	structured_exact_identifier	NCPPB 637	strain	same_name	
NCPPB 645	SAMN42178452	yes	ncppb_number	no	accept	confirmed_exact_ncppb_identifier	structured_exact_identifier	NCPPB 645	strain	same_name	
NCPPB 646	SAMN03175008	yes	ncppb_number	no	review	conflicting_exact_identifier	structured_exact_identifier	NCPPB 646	identifiers	same_genus_different_species	conflicting_ncppb_identifier
NCPPB 646	SAMN42284537	yes	ncppb_number	no	accept	confirmed_exact_ncppb_identifier	structured_exact_identifier	NCPPB 646	strain	same_name	
NCPPB 670	SAMN03097370	yes	ncppb_number	no	accept	confirmed_exact_ncppb_identifier	structured_exact_identifier	NCPPB 670	strain	same_name	
NCPPB 701	SAMN03175440	yes	other_references	no	accept	confirmed_exact_collection_identifier	structured_exact_identifier	LMG 920	strain	same_name	
NCPPB 702	SAMN00002876	yes	ncppb_number	no	accept	confirmed_exact_ncppb_identifier	structured_exact_identifier	NCPPB 702	strain	same_name	
NCPPB 702	SAMN36357969	yes	ncppb_number	no	accept	confirmed_exact_ncppb_identifier	structured_exact_identifier	NCPPB 702	strain	same_name	
NCPPB 762	SAMD00253068	yes	other_references	no	accept	confirmed_exact_collection_identifier	structured_exact_identifier	ICMP 570	strain	same_name	
NCPPB 762	SAMD00537713	yes	ncppb_number	no	accept	confirmed_exact_ncppb_identifier	structured_exact_identifier	NCPPB 762	identity_aliases	same_name	
NCPPB 762	SAMN02894433	yes	other_references	no	accept	confirmed_exact_collection_identifier	structured_exact_identifier	DSM 18956	strain	same_name	
NCPPB 795	SAMN20034691	yes	ncppb_number	no	accept	confirmed_exact_ncppb_identifier	structured_exact_identifier	NCPPB 795	strain	same_name	
NCPPB 795	SAMN36357970	yes	ncppb_number	no	accept	confirmed_exact_ncppb_identifier	structured_exact_identifier	NCPPB 795	strain	same_name	
NCPPB 840	SAMN42280122	yes	ncppb_number	no	accept	confirmed_exact_ncppb_identifier	structured_exact_identifier	NCPPB 840	strain	same_name	
NCPPB 881	SAMN02471772	yes	other_references	no	accept	confirmed_exact_collection_identifier	structured_exact_identifier	ATCC 19865	strain	same_name	
NCPPB 881	SAMN09704275	yes	ncppb_number; other_references	no	accept	confirmed_exact_ncppb_identifier	structured_exact_identifier	NCPPB 881	strain	same_name	
NCPPB 881	SAMN33574910	yes	other_references	no	accept	confirmed_exact_collection_identifier	structured_exact_identifier	ATCC 19865	strain	same_name	
NCPPB 881	SAMN56511390	yes	ncppb_number	no	accept	confirmed_exact_ncppb_identifier	structured_exact_identifier	NCPPB 881	strain	same_name	
NCPPB 885	SAMN42278569	yes	ncppb_number	no	accept	confirmed_exact_ncppb_identifier	structured_exact_identifier	NCPPB 885	strain	same_name	
NCPPB 889	SAMN20080225	yes	ncppb_number	no	accept	confirmed_exact_ncppb_identifier	structured_exact_identifier	NCPPB 889	strain	same_name	
NCPPB 889	SAMN36357971	yes	ncppb_number	no	accept	confirmed_exact_ncppb_identifier	structured_exact_identifier	NCPPB 889	strain	same_name	
NCPPB 895	SAMN02439007	yes	ncppb_number	no	accept	confirmed_exact_ncppb_identifier	structured_exact_identifier	NCPPB 895	strain	same_name	
NCPPB 895	SAMN36357973	yes	ncppb_number	no	accept	confirmed_exact_ncppb_identifier	structured_exact_identifier	NCPPB 895	strain	same_name	
NCPPB 900	SAMN02854335	yes	ncppb_number	no	accept	confirmed_exact_ncppb_identifier	structured_exact_identifier	NCPPB 900	strain	same_name	
NCPPB 900	SAMN56511391	yes	ncppb_number	no	accept	confirmed_exact_ncppb_identifier	structured_exact_identifier	NCPPB 900	strain	same_name	
NCPPB 901	SAMN42161496	yes	ncppb_number	no	accept	confirmed_exact_ncppb_identifier	structured_exact_identifier	NCPPB 901	strain	same_name	
NCPPB 902	SAMN03140174	yes	ncppb_number	no	accept	confirmed_exact_ncppb_identifier	structured_exact_identifier	NCPPB 902	strain	same_name	
NCPPB 935	SAMEA7984667	yes	ncppb_number; other_references	no	accept	confirmed_exact_ncppb_identifier	structured_exact_identifier	NCPPB 935	culture_collection	same_name	
NCPPB 935	SAMN05559866	yes	other_references	no	accept	confirmed_exact_collection_identifier	structured_exact_identifier	CFBP 1159	strain	same_name	
NCPPB 935	SAMN41996496	yes	ncppb_number	no	accept	confirmed_exact_ncppb_identifier	structured_exact_identifier	NCPPB 935	strain	same_name	
NCPPB 937	SAMN22552838	yes	ncppb_number	no	accept	confirmed_exact_ncppb_identifier	structured_exact_identifier	NCPPB 937	strain	same_name	
NCPPB 939	SAMD00253066	yes	other_references	no	accept	confirmed_exact_collection_identifier	structured_exact_identifier	ICMP 453	strain	same_name	
NCPPB 939	SAMN08729581	yes	ncppb_number	no	accept	confirmed_exact_ncppb_identifier	structured_exact_identifier	NCPPB 939	culture_collection	same_name	
NCPPB 939	SAMN43281910	yes	other_references	no	accept	confirmed_exact_collection_identifier	structured_exact_identifier	ICMP 453	strain	same_name	
NCPPB 939	SAMN43284563	yes	other_references	no	accept	confirmed_exact_collection_identifier	structured_exact_identifier	ICMP 453	strain	same_name	
NCPPB 940	SAMEA6962652	yes	ncppb_number; other_references	no	accept	confirmed_exact_ncppb_identifier	structured_exact_identifier	NCPPB 940	strain	same_name	
NCPPB 942	SAMN57360824	yes	ncppb_number	no	accept	confirmed_exact_ncppb_identifier	structured_exact_identifier	NCPPB 942	strain	same_name	
NCPPB 971	SAMN42284547	yes	ncppb_number	no	accept	confirmed_exact_ncppb_identifier	structured_exact_identifier	NCPPB 971	strain	same_name	
NCPPB 972	SAMN42284548	yes	ncppb_number	no	accept	confirmed_exact_ncppb_identifier	structured_exact_identifier	NCPPB 972	strain	same_name	
NCPPB 973	SAMD00253072	yes	other_references	no	accept	confirmed_exact_collection_identifier	structured_exact_identifier	ICMP 5752	strain	same_name	
NCPPB 973	SAMEA2271958	yes	other_references	no	accept	confirmed_exact_collection_identifier	structured_exact_identifier	DSM 18974	strain	same_name	
NCPPB 973	SAMEA4358958	yes	other_references	no	review	unstructured_exact_identifier_only	unstructured_exact_identifier	DSM 18974	title	same_name	exact_identifier_only_in_title
NCPPB 973	SAMN23026111	yes	other_references	no	accept	confirmed_exact_collection_identifier	structured_exact_identifier	ATCC 19319	strain	same_name	
NCPPB 973	SAMN43281667	yes	other_references	no	accept	confirmed_exact_collection_identifier	structured_exact_identifier	ICMP 5752	strain	same_name	
NCPPB 976	SAMN09704274	yes	ncppb_number	no	accept	confirmed_exact_ncppb_identifier	structured_exact_identifier	NCPPB 976	strain	same_genus_different_species	same_genus_different_species
NCPPB 976	SAMN11047482	yes	other_references	no	accept	confirmed_exact_collection_identifier	structured_exact_identifier	CFBP 2538	strain	same_genus_different_species	same_genus_different_species
NCPPB 983	SAMN22552839	yes	ncppb_number	no	accept	confirmed_exact_ncppb_identifier	structured_exact_identifier	NCPPB 983	strain	same_name	
NCPPB 985	SAMN02903999	yes	other_references	no	accept	confirmed_exact_collection_identifier	structured_exact_identifier	LMG 7399	strain	same_genus_different_species	same_genus_different_species
NCPPB 989	SAMN03140188	yes	ncppb_number	no	accept	confirmed_exact_ncppb_identifier	structured_exact_identifier	NCPPB 989	strain	same_name	
NCPPB 993	SAMN42278571	yes	ncppb_number	no	accept	confirmed_exact_ncppb_identifier	structured_exact_identifier	NCPPB 993	strain	same_name	
NCPPB 1043	SAMN36368321	yes	ncppb_number	no	accept	confirmed_exact_ncppb_identifier	structured_exact_identifier	NCPPB 1043	strain	same_name	
NCPPB 1056	SAMN03142809	yes	ncppb_number	no	accept	confirmed_exact_ncppb_identifier	structured_exact_identifier	NCPPB 1056	strain	same_name	
NCPPB 1058	SAMN03142815	yes	ncppb_number	no	accept	confirmed_exact_ncppb_identifier	structured_exact_identifier	NCPPB 1058	strain	same_name	
NCPPB 1059	SAMN56511356	yes	ncppb_number	no	accept	confirmed_exact_ncppb_identifier	structured_exact_identifier	NCPPB 1059	strain	same_name	
NCPPB 1060	SAMN03140122	yes	ncppb_number	no	accept	confirmed_exact_ncppb_identifier	structured_exact_identifier	NCPPB 1060	strain	same_name	
NCPPB 1061	SAMN22552840	yes	ncppb_number	no	accept	confirmed_exact_ncppb_identifier	structured_exact_identifier	NCPPB 1061	strain	same_name	
NCPPB 1061	SAMN56511357	yes	ncppb_number	no	accept	confirmed_exact_ncppb_identifier	structured_exact_identifier	NCPPB 1061	strain	same_name	
NCPPB 1062	SAMN42161497	yes	ncppb_number	no	accept	confirmed_exact_ncppb_identifier	structured_exact_identifier	NCPPB 1062	strain	same_name	
NCPPB 1063	SAMN26561900	yes	other_references	no	accept	confirmed_exact_collection_identifier	structured_exact_identifier	ICMP 5747	strain	same_genus_different_species	same_genus_different_species
NCPPB 1063	SAMN42178441	yes	ncppb_number	no	accept	confirmed_exact_ncppb_identifier	structured_exact_identifier	NCPPB 1063	strain	same_name	
NCPPB 1067	SAMN22555470	yes	ncppb_number	no	accept	confirmed_exact_ncppb_identifier	structured_exact_identifier	NCPPB 1067	strain	same_name	
NCPPB 1068	SAMN42161498	yes	ncppb_number	no	accept	confirmed_exact_ncppb_identifier	structured_exact_identifier	NCPPB 1068	strain	same_name	
NCPPB 1128	SAMN03777426	yes	ncppb_number	no	accept	confirmed_exact_ncppb_identifier	structured_exact_identifier	NCPPB 1128	strain	same_name	
NCPPB 1131	SAMN00752559	yes	ncppb_number	no	accept	confirmed_exact_ncppb_identifier	structured_exact_identifier	NCPPB 1131	strain	same_name	
NCPPB 1131	SAMN56511358	yes	ncppb_number	no	accept	confirmed_exact_ncppb_identifier	structured_exact_identifier	NCPPB 1131	strain	same_name	
NCPPB 1132	SAMN00752560	yes	ncppb_number	no	accept	confirmed_exact_ncppb_identifier	structured_exact_identifier	NCPPB 1132	strain	same_name	
NCPPB 1132	SAMN56511359	yes	ncppb_number	no	accept	confirmed_exact_ncppb_identifier	structured_exact_identifier	NCPPB 1132	strain	same_name	
NCPPB 1138	SAMN03262510	yes	ncppb_number	no	accept	confirmed_exact_ncppb_identifier	structured_exact_identifier	NCPPB 1138	strain	same_name	
NCPPB 1144	SAMN43286083	yes	ncppb_number	no	accept	confirmed_exact_ncppb_identifier	structured_exact_identifier	NCPPB 1144	strain	same_name	
NCPPB 1155	SAMN56511360	yes	ncppb_number	no	accept	confirmed_exact_ncppb_identifier	structured_exact_identifier	NCPPB 1155	strain	same_name	
NCPPB 1158	SAMN03142401	yes	ncppb_number	no	accept	confirmed_exact_ncppb_identifier	structured_exact_identifier	NCPPB 1158	strain	compatible_synonym	
NCPPB 1159	SAMN01090336	yes	ncppb_number	no	accept	confirmed_exact_ncppb_identifier	structured_exact_identifier	NCPPB 1159	strain	same_name	
NCPPB 1241	SAMN03140147	yes	ncppb_number	no	accept	confirmed_exact_ncppb_identifier	structured_exact_identifier	NCPPB 1241	strain	same_name	
NCPPB 1324	SAMN42178442	yes	ncppb_number	no	accept	confirmed_exact_ncppb_identifier	structured_exact_identifier	NCPPB 1324	strain	same_name	
NCPPB 1325	SAMN42161499	yes	ncppb_number	no	accept	confirmed_exact_ncppb_identifier	structured_exact_identifier	NCPPB 1325	strain	same_name	
NCPPB 1326	SAMN00991247	yes	ncppb_number	no	accept	confirmed_exact_ncppb_identifier	structured_exact_identifier	NCPPB 1326	strain	same_name	
NCPPB 1326	SAMN02471728	yes	ncppb_number	no	accept	confirmed_exact_ncppb_identifier	structured_exact_identifier	NCPPB 1326	strain	same_name	
NCPPB 1326	SAMN36357974	yes	ncppb_number	no	accept	confirmed_exact_ncppb_identifier	structured_exact_identifier	NCPPB 1326	strain	same_name	
NCPPB 1326	SAMN36701288	yes	ncppb_number	no	accept	confirmed_exact_ncppb_identifier	structured_exact_identifier	NCPPB 1326	strain	same_name	
NCPPB 1334	SAMN19988970	yes	ncppb_number	no	accept	confirmed_exact_ncppb_identifier	structured_exact_identifier	NCPPB 1334	strain	same_genus_different_species	same_genus_different_species
NCPPB 1336	SAMN19988971	yes	ncppb_number	no	accept	confirmed_exact_ncppb_identifier	structured_exact_identifier	NCPPB 1336	strain	same_name	
NCPPB 1337	SAMN42278572	yes	ncppb_number	no	accept	confirmed_exact_ncppb_identifier	structured_exact_identifier	NCPPB 1337	strain	same_name	
NCPPB 1337	SAMN56511361	yes	ncppb_number	no	accept	confirmed_exact_ncppb_identifier	structured_exact_identifier	NCPPB 1337	strain	same_name	
NCPPB 1381	SAMN00991255	yes	ncppb_number	no	accept	confirmed_exact_ncppb_identifier	structured_exact_identifier	NCPPB 1381	strain	same_name	
NCPPB 1381	SAMN36357975	yes	ncppb_number	no	accept	confirmed_exact_ncppb_identifier	structured_exact_identifier	NCPPB 1381	strain	same_name	
NCPPB 1381	SAMN36701289	yes	ncppb_number	no	accept	confirmed_exact_ncppb_identifier	structured_exact_identifier	NCPPB 1381	strain	same_name	
NCPPB 1394	SAMN03140149	yes	ncppb_number	no	accept	confirmed_exact_ncppb_identifier	structured_exact_identifier	NCPPB 1394	strain	same_name	
NCPPB 1394	SAMN03145753	yes	ncppb_number	no	accept	confirmed_exact_ncppb_identifier	structured_exact_identifier	NCPPB 1394	strain	same_name	
NCPPB 1395	SAMN03140175	yes	ncppb_number	no	accept	confirmed_exact_ncppb_identifier	structured_exact_identifier	NCPPB 1395	strain	same_name	
NCPPB 1396	SAMN03140173	yes	ncppb_number	no	accept	confirmed_exact_ncppb_identifier	structured_exact_identifier	NCPPB 1396	strain	same_name	
NCPPB 1402	SAMN03142810	yes	ncppb_number	no	accept	confirmed_exact_ncppb_identifier	structured_exact_identifier	NCPPB 1402	strain	same_name	
NCPPB 1420	SAMN03175025	yes	ncppb_number	no	accept	confirmed_exact_ncppb_identifier	structured_exact_identifier	NCPPB 1420	strain	same_name	
NCPPB 1433	SAMN03142399	yes	ncppb_number	no	accept	confirmed_exact_ncppb_identifier	structured_exact_identifier	NCPPB 1433	strain	same_name	
NCPPB 1447	SAMN02469596	yes	ncppb_number	no	accept	confirmed_exact_ncppb_identifier	structured_exact_identifier	NCPPB 1447	strain	same_name	
NCPPB 1455	SAMN41763920	yes	ncppb_number	no	accept	confirmed_exact_ncppb_identifier	structured_exact_identifier	NCPPB 1455	strain	same_name	
NCPPB 1469	SAMD00253071	yes	other_references	no	accept	confirmed_exact_collection_identifier	structured_exact_identifier	ICMP 5715	strain	same_name	
NCPPB 1469	SAMEA104068692	yes	ncppb_number; other_references	no	accept	confirmed_exact_ncppb_identifier	structured_exact_identifier	NCPPB 1469	culture_collection	same_name	
NCPPB 1469	SAMN39942670	yes	ncppb_number	no	accept	confirmed_exact_ncppb_identifier	structured_exact_identifier	NCPPB 1469	strain	same_name	
NCPPB 1469	SAMN43282199	yes	other_references	no	accept	confirmed_exact_collection_identifier	structured_exact_identifier	ICMP 5715	strain	same_name	
NCPPB 1469	SAMN43282231	yes	other_references	no	accept	confirmed_exact_collection_identifier	structured_exact_identifier	ICMP 5715	strain	same_name	
NCPPB 1469	SAMN43282235	yes	other_references	no	accept	confirmed_exact_collection_identifier	structured_exact_identifier	ICMP 5715	strain	same_name	
NCPPB 1469	SAMN43284562	yes	other_references	no	accept	confirmed_exact_collection_identifier	structured_exact_identifier	ICMP 5715	strain	same_name	
NCPPB 1471	SAMN30973815	yes	ncppb_number	no	accept	confirmed_exact_ncppb_identifier	structured_exact_identifier	NCPPB 1471	strain	same_name	
NCPPB 1473	SAMN42178443	yes	ncppb_number	no	accept	confirmed_exact_ncppb_identifier	structured_exact_identifier	NCPPB 1473	strain	same_name	
NCPPB 1475	SAMN42178453	yes	ncppb_number	no	accept	confirmed_exact_ncppb_identifier	structured_exact_identifier	NCPPB 1475	strain	same_name	
NCPPB 1495	SAMN03142808	yes	ncppb_number	no	accept	confirmed_exact_ncppb_identifier	structured_exact_identifier	NCPPB 1495	strain	compatible_synonym	
NCPPB 1560	SAMN42161500	yes	ncppb_number	no	accept	confirmed_exact_ncppb_identifier	structured_exact_identifier	NCPPB 1560	strain	same_name	
NCPPB 1585	SAMN08729510	yes	ncppb_number	no	accept	confirmed_exact_ncppb_identifier	structured_exact_identifier	NCPPB 1585	culture_collection	same_name	
NCPPB 1585	SAMN40354542	yes	ncppb_number	no	accept	confirmed_exact_ncppb_identifier	structured_exact_identifier	NCPPB 1585	identity_aliases	same_name	
NCPPB 1594	SAMN56511363	yes	ncppb_number	no	accept	confirmed_exact_ncppb_identifier	structured_exact_identifier	NCPPB 1594	strain	same_name	
NCPPB 1607	SAMEA104068692	yes	other_references	no	review	conflicting_exact_identifier	structured_exact_identifier	B2165	culture_collection	same_genus_different_species	conflicting_ncppb_identifier
NCPPB 1629	SAMN42283062	yes	ncppb_number	no	accept	confirmed_exact_ncppb_identifier	structured_exact_identifier	NCPPB 1629	strain	same_name	
NCPPB 1630	SAMN02854337	yes	ncppb_number	no	accept	confirmed_exact_ncppb_identifier	structured_exact_identifier	NCPPB 1630	strain	same_name	
NCPPB 1633	SAMN07252112	yes	other_references	no	accept	confirmed_exact_collection_identifier	structured_exact_identifier	CFBP 7111	strain	same_name	
NCPPB 1638	SAMN42161501	yes	ncppb_number	no	accept	confirmed_exact_ncppb_identifier	structured_exact_identifier	NCPPB 1638	strain	same_name	
NCPPB 1645	SAMN36368322	yes	ncppb_number	no	accept	confirmed_exact_ncppb_identifier	structured_exact_identifier	NCPPB 1645	strain	same_name	
NCPPB 1646	SAMN03175008	yes	ncppb_number	no	review	conflicting_exact_identifier	structured_exact_identifier	NCPPB 1646	strain	same_name	conflicting_ncppb_identifier
NCPPB 1654	SAMN03142402	yes	ncppb_number	no	accept	confirmed_exact_ncppb_identifier	structured_exact_identifier	NCPPB 1654	strain	same_name	
NCPPB 1680	SAMN03257737	yes	ncppb_number	no	accept	confirmed_exact_ncppb_identifier	structured_exact_identifier	NCPPB 1680	strain	same_name	
NCPPB 1684	SAMN42178444	yes	ncppb_number	no	accept	confirmed_exact_ncppb_identifier	structured_exact_identifier	NCPPB 1684	strain	same_name	
NCPPB 1711	SAMN36346973	yes	ncppb_number	no	accept	confirmed_exact_ncppb_identifier	structured_exact_identifier	NCPPB 1711	strain	same_name	
NCPPB 1713	SAMN03257621	yes	ncppb_number	no	accept	confirmed_exact_ncppb_identifier	structured_exact_identifier	NCPPB 1713	strain	compatible_synonym	
NCPPB 1713	SAMN56511364	yes	ncppb_number	no	accept	confirmed_exact_ncppb_identifier	structured_exact_identifier	NCPPB 1713	strain	same_name	
NCPPB 1754	SAMN42161502	yes	ncppb_number	no	accept	confirmed_exact_ncppb_identifier	structured_exact_identifier	NCPPB 1754	strain	same_name	
NCPPB 1756	SAMN19988972	yes	ncppb_number	no	accept	confirmed_exact_ncppb_identifier	structured_exact_identifier	NCPPB 1756	strain	same_name	
NCPPB 1757	SAMN19988973	yes	ncppb_number	no	accept	confirmed_exact_ncppb_identifier	structured_exact_identifier	NCPPB 1757	strain	same_genus_different_species	same_genus_different_species
NCPPB 1758	SAMN19988974	yes	ncppb_number	no	accept	confirmed_exact_ncppb_identifier	structured_exact_identifier	NCPPB 1758	strain	same_genus_different_species	same_genus_different_species
NCPPB 1759	SAMEA114332028	yes	ncppb_number	no	accept	confirmed_exact_ncppb_identifier	structured_exact_identifier	NCPPB 1759	isolate	same_genus_different_species	same_genus_different_species
NCPPB 1759	SAMN49561544	yes	ncppb_number	no	accept	confirmed_exact_ncppb_identifier	structured_exact_identifier	NCPPB 1759	strain	same_genus_different_species	same_genus_different_species
NCPPB 1760	SAMN19988975	yes	ncppb_number	no	accept	confirmed_exact_ncppb_identifier	structured_exact_identifier	NCPPB 1760	strain	same_genus_different_species	same_genus_different_species
NCPPB 1787	SAMN19988976	yes	ncppb_number	no	accept	confirmed_exact_ncppb_identifier	structured_exact_identifier	NCPPB 1787	strain	same_genus_different_species	same_genus_different_species
NCPPB 1811	SAMN03257682	yes	ncppb_number	no	accept	confirmed_exact_ncppb_identifier	structured_exact_identifier	NCPPB 1811	strain	same_name	
NCPPB 1822	SAMEA4590042	yes	ncppb_number	no	accept	confirmed_exact_ncppb_identifier	structured_exact_identifier	NCPPB 1822	strain	same_name	
NCPPB 1822	SAMN39942671	yes	ncppb_number	no	accept	confirmed_exact_ncppb_identifier	structured_exact_identifier	NCPPB 1822	strain	same_name	
NCPPB 1826	SAMN42161503	yes	ncppb_number	no	accept	confirmed_exact_ncppb_identifier	structured_exact_identifier	NCPPB 1826	strain	same_name	
NCPPB 1827	SAMN42180188	yes	ncppb_number	no	accept	confirmed_exact_ncppb_identifier	structured_exact_identifier	NCPPB 1827	strain	same_name	
NCPPB 1828	SAMN19988977	yes	ncppb_number	no	accept	confirmed_exact_ncppb_identifier	structured_exact_identifier	NCPPB 1828	strain	same_genus_different_species	same_genus_different_species
NCPPB 1832	SAMN02903333	yes	ncppb_number	no	accept	confirmed_exact_ncppb_identifier	structured_exact_identifier	NCPPB 1832	strain	same_name	
NCPPB 1833	SAMN02903992	yes	other_references	no	accept	confirmed_exact_collection_identifier	structured_exact_identifier	LMG 695	strain	same_name	
NCPPB 1833	SAMN04481176	yes	other_references	no	accept	confirmed_exact_collection_identifier	structured_exact_identifier	LMG 695	strain	same_name	
NCPPB 1833	SAMN18440024	yes	ncppb_number	no	accept	confirmed_exact_ncppb_identifier	structured_exact_identifier	NCPPB 1833	strain	same_name	
NCPPB 1837	SAMN18876900	yes	other_references	no	accept	confirmed_exact_collection_identifier	structured_exact_identifier	LMG 843	strain	same_name	
NCPPB 1838	SAMN07252091	yes	other_references	no	accept	confirmed_exact_collection_identifier	structured_exact_identifier	CFBP 7112	strain	same_name	
NCPPB 1838	SAMN40354538	yes	ncppb_number	no	accept	confirmed_exact_ncppb_identifier	structured_exact_identifier	NCPPB 1838	identity_aliases	same_name	
NCPPB 1932	SAMN56511365	yes	ncppb_number	no	accept	confirmed_exact_ncppb_identifier	structured_exact_identifier	NCPPB 1932	strain	same_genus_different_species	same_genus_different_species
NCPPB 1933	SAMN56511366	yes	ncppb_number	no	accept	confirmed_exact_ncppb_identifier	structured_exact_identifier	NCPPB 1933	strain	same_genus_different_species	same_genus_different_species
NCPPB 1934	SAMN36318705	yes	ncppb_number	no	review	unstructured_exact_identifier_only	unstructured_exact_identifier	NCPPB 1934	title	same_name	exact_identifier_only_in_title
NCPPB 1935	SAMEA14107389	yes	ncppb_number; other_references	no	accept	confirmed_exact_ncppb_identifier	structured_exact_identifier	NCPPB 1935	strain	same_name	
NCPPB 1935	SAMN22555463	yes	ncppb_number	no	accept	confirmed_exact_ncppb_identifier	structured_exact_identifier	NCPPB 1935	strain	same_name	
NCPPB 1938	SAMN36318706	yes	ncppb_number	no	review	unstructured_exact_identifier_only	unstructured_exact_identifier	NCPPB 1938	title	same_name	exact_identifier_only_in_title
NCPPB 1939	SAMN42178461	yes	ncppb_number	no	accept	confirmed_exact_ncppb_identifier	structured_exact_identifier	NCPPB 1939	strain	same_name	
NCPPB 1943	SAMN05258070	yes	ncppb_number	no	accept	confirmed_exact_ncppb_identifier	structured_exact_identifier	NCPPB 1943	strain	same_name	
NCPPB 1944	SAMN03246830	yes	other_references	no	accept	confirmed_exact_collection_identifier	structured_exact_identifier	CFBP 2541	strain	same_name	
NCPPB 1946	SAMN17385960	yes	ncppb_number; other_references	no	accept	confirmed_exact_ncppb_identifier	structured_exact_identifier	NCPPB 1946	identity_aliases	same_name	
NCPPB 1946	SAMN22552835	yes	ncppb_number	no	accept	confirmed_exact_ncppb_identifier	structured_exact_identifier	NCPPB 1946	strain	same_name	
NCPPB 1946	SAMN36315929	yes	ncppb_number	no	review	unstructured_exact_identifier_only	unstructured_exact_identifier	NCPPB 1946	title	same_name	exact_identifier_only_in_title
NCPPB 1946	SAMN36368324	yes	ncppb_number	no	accept	confirmed_exact_ncppb_identifier	structured_exact_identifier	NCPPB 1946	strain	same_name	
NCPPB 2005	SAMN00860199	yes	ncppb_number	no	accept	confirmed_exact_ncppb_identifier	structured_exact_identifier	NCPPB 2005	strain	same_name	
NCPPB 2005	SAMN02471727	yes	ncppb_number	no	accept	confirmed_exact_ncppb_identifier	structured_exact_identifier	NCPPB 2005	strain	same_name	
NCPPB 2005	SAMN49535419	yes	ncppb_number	no	accept	confirmed_exact_ncppb_identifier	structured_exact_identifier	NCPPB 2005	strain	same_name	
NCPPB 2057	SAMN19988978	yes	ncppb_number	no	accept	confirmed_exact_ncppb_identifier	structured_exact_identifier	NCPPB 2057	strain	same_genus_different_species	same_genus_different_species
NCPPB 2058	SAMN42278565	yes	ncppb_number	no	accept	confirmed_exact_ncppb_identifier	structured_exact_identifier	NCPPB 2058	strain	same_name	
NCPPB 2060	SAMN42180189	yes	ncppb_number	no	accept	confirmed_exact_ncppb_identifier	structured_exact_identifier	NCPPB 2060	strain	same_name	
NCPPB 2061	SAMN07251989	yes	other_references	no	accept	confirmed_exact_collection_identifier	structured_exact_identifier	CFBP 7113	strain	same_name	
NCPPB 2063	SAMN42284474	yes	ncppb_number	no	accept	confirmed_exact_ncppb_identifier	structured_exact_identifier	NCPPB 2063	strain	same_name	
NCPPB 2064	SAMN03142816	yes	ncppb_number	no	accept	confirmed_exact_ncppb_identifier	structured_exact_identifier	NCPPB 2064	strain	compatible_synonym	
NCPPB 2064	SAMN56511367	yes	ncppb_number	no	accept	confirmed_exact_ncppb_identifier	structured_exact_identifier	NCPPB 2064	strain	same_name	
NCPPB 2066	SAMN42278573	yes	ncppb_number	no	accept	confirmed_exact_ncppb_identifier	structured_exact_identifier	NCPPB 2066	strain	same_name	
NCPPB 2181	SAMD00537715	yes	ncppb_number	no	accept	confirmed_exact_ncppb_identifier	structured_exact_identifier	NCPPB 2181	identity_aliases	same_name	
NCPPB 2182	SAMN42488057	yes	ncppb_number	no	accept	confirmed_exact_ncppb_identifier	structured_exact_identifier	NCPPB 2182	strain	same_name	
NCPPB 2190	SAMN22555465	yes	ncppb_number	no	accept	confirmed_exact_ncppb_identifier	structured_exact_identifier	NCPPB 2190	strain	same_name	
NCPPB 2190	SAMN56511368	yes	ncppb_number	no	accept	confirmed_exact_ncppb_identifier	structured_exact_identifier	NCPPB 2190	strain	same_name	
NCPPB 2228	SAMN42280121	yes	ncppb_number	no	accept	confirmed_exact_ncppb_identifier	structured_exact_identifier	NCPPB 2228	strain	same_name	
NCPPB 2230	SAMN42278570	yes	ncppb_number	no	accept	confirmed_exact_ncppb_identifier	structured_exact_identifier	NCPPB 2230	strain	same_name	
NCPPB 2248	SAMN09704264	yes	ncppb_number	no	accept	confirmed_exact_ncppb_identifier	structured_exact_identifier	NCPPB 2248	strain	same_name	
NCPPB 2250	SAMN42161504	yes	ncppb_number	no	accept	confirmed_exact_ncppb_identifier	structured_exact_identifier	NCPPB 2250	strain	same_name	
NCPPB 2251	SAMN00991248	yes	ncppb_number	no	accept	confirmed_exact_ncppb_identifier	structured_exact_identifier	NCPPB 2251	strain	same_name	
NCPPB 2251	SAMN42486836	yes	ncppb_number	no	accept	confirmed_exact_ncppb_identifier	structured_exact_identifier	NCPPB 2251	strain	same_name	
NCPPB 2251	SAMN49535420	yes	ncppb_number	no	accept	confirmed_exact_ncppb_identifier	structured_exact_identifier	NCPPB 2251	strain	same_name	
NCPPB 2337	SAMN22555462	yes	ncppb_number	no	accept	confirmed_exact_ncppb_identifier	structured_exact_identifier	NCPPB 2337	strain	same_name	
NCPPB 2338	SAMN56511369	yes	ncppb_number	no	accept	confirmed_exact_ncppb_identifier	structured_exact_identifier	NCPPB 2338	strain	same_name	
NCPPB 2345	SAMN22552837	yes	ncppb_number	no	accept	confirmed_exact_ncppb_identifier	structured_exact_identifier	NCPPB 2345	strain	same_name	
NCPPB 2346	SAMN19988995	yes	ncppb_number	no	accept	confirmed_exact_ncppb_identifier	structured_exact_identifier	NCPPB 2346	strain	same_genus_different_species	same_genus_different_species
NCPPB 2352	SAMN42284549	yes	ncppb_number	no	accept	confirmed_exact_ncppb_identifier	structured_exact_identifier	NCPPB 2352	strain	same_name	
NCPPB 2368	SAMN42280123	yes	ncppb_number	no	accept	confirmed_exact_ncppb_identifier	structured_exact_identifier	NCPPB 2368	strain	same_name	
NCPPB 2369	SAMN42178445	yes	ncppb_number	no	accept	confirmed_exact_ncppb_identifier	structured_exact_identifier	NCPPB 2369	strain	same_name	
NCPPB 2372	SAMN19988979	yes	ncppb_number	no	accept	confirmed_exact_ncppb_identifier	structured_exact_identifier	NCPPB 2372	strain	same_genus_different_species	same_genus_different_species
NCPPB 2372	SAMN42175581	yes	ncppb_number	no	accept	confirmed_exact_ncppb_identifier	structured_exact_identifier	NCPPB 2372	strain	same_genus_different_species	same_genus_different_species
NCPPB 2373	SAMN19988980	yes	ncppb_number	no	accept	confirmed_exact_ncppb_identifier	structured_exact_identifier	NCPPB 2373	strain	same_genus_different_species	same_genus_different_species
NCPPB 2417	SAMN03140148	yes	ncppb_number	no	accept	confirmed_exact_ncppb_identifier	structured_exact_identifier	NCPPB 2417	strain	same_name	
NCPPB 2417	SAMN05560344	yes	other_references	no	accept	confirmed_exact_collection_identifier	structured_exact_identifier	CFBP 2543	strain	same_name	
NCPPB 2417	SAMN36358005	yes	ncppb_number	no	accept	confirmed_exact_ncppb_identifier	structured_exact_identifier	NCPPB 2417	strain	same_name	
NCPPB 2439	SAMN22555466	yes	ncppb_number	no	accept	confirmed_exact_ncppb_identifier	structured_exact_identifier	NCPPB 2439	strain	same_name	
NCPPB 2439	SAMN56511370	yes	ncppb_number	no	accept	confirmed_exact_ncppb_identifier	structured_exact_identifier	NCPPB 2439	strain	same_name	
NCPPB 2475	SAMEA3139044	yes	other_references	no	accept	confirmed_exact_collection_identifier	structured_exact_identifier	LMG 965	strain	same_genus_different_species	same_genus_different_species
NCPPB 2475	SAMN26688428	yes	other_references	no	accept	confirmed_exact_collection_identifier	structured_exact_identifier	LMG 965	strain	same_genus_different_species	same_genus_different_species
NCPPB 2494	SAMN42180197	yes	ncppb_number	no	accept	confirmed_exact_ncppb_identifier	structured_exact_identifier	NCPPB 2494	strain	same_name	
NCPPB 2498	SAMN19988981	yes	ncppb_number	no	accept	confirmed_exact_ncppb_identifier	structured_exact_identifier	NCPPB 2498	strain	same_genus_different_species	same_genus_different_species
NCPPB 2517	SAMN36368330	yes	ncppb_number	no	accept	confirmed_exact_ncppb_identifier	structured_exact_identifier	NCPPB 2517	strain	same_name	
NCPPB 2567	SAMN10290145	yes	other_references	no	accept	confirmed_exact_collection_identifier	structured_exact_identifier	ATCC 23378	strain	same_name	
NCPPB 2586	SAMN22552828	yes	ncppb_number	no	accept	confirmed_exact_ncppb_identifier	structured_exact_identifier	NCPPB 2586	strain	compatible_synonym	
NCPPB 2586	SAMN42161505	yes	ncppb_number	no	accept	confirmed_exact_ncppb_identifier	structured_exact_identifier	NCPPB 2586	strain	same_name	
NCPPB 2594	SAMN03177544	yes	other_references	no	accept	confirmed_exact_collection_identifier	structured_exact_identifier	LMG 933	strain	same_name	
NCPPB 2597	SAMN05560221	yes	other_references	no	accept	confirmed_exact_collection_identifier	structured_exact_identifier	CFBP 2542	strain	same_name	
NCPPB 2632	SAMN42161506	yes	ncppb_number	no	accept	confirmed_exact_ncppb_identifier	structured_exact_identifier	NCPPB 2632	strain	same_name	
NCPPB 2649	SAMN03140274	yes	ncppb_number	no	accept	confirmed_exact_ncppb_identifier	structured_exact_identifier	NCPPB 2649	strain	same_name	
NCPPB 2654	SAMN35699823	yes	ncppb_number	no	accept	confirmed_exact_ncppb_identifier	structured_exact_identifier	NCPPB 2654	strain	same_name	
NCPPB 2654	SAMN42161507	yes	ncppb_number	no	accept	confirmed_exact_ncppb_identifier	structured_exact_identifier	NCPPB 2654	strain	same_name	
NCPPB 2665	SAMN03142403	yes	ncppb_number	no	accept	confirmed_exact_ncppb_identifier	structured_exact_identifier	NCPPB 2665	strain	same_name	
NCPPB 2700	SAMN03892232	yes	other_references	no	accept	confirmed_exact_collection_identifier	structured_exact_identifier	CFBP 2053	strain	same_name	
NCPPB 2700	SAMN18876882	yes	other_references	no	accept	confirmed_exact_collection_identifier	structured_exact_identifier	LMG 726	strain	same_name	
NCPPB 2821	SAMN18753780	yes	other_references	no	accept	confirmed_exact_collection_identifier	structured_exact_identifier	CFBP 2055	strain	same_name	
NCPPB 2822	SAMN18753387	yes	other_references	no	accept	confirmed_exact_collection_identifier	structured_exact_identifier	CFBP 2539	strain	same_name	
NCPPB 2832	SAMN42278575	yes	ncppb_number	no	accept	confirmed_exact_ncppb_identifier	structured_exact_identifier	NCPPB 2832	strain	same_name	
NCPPB 2856	SAMN42161508	yes	ncppb_number	no	accept	confirmed_exact_ncppb_identifier	structured_exact_identifier	NCPPB 2856	strain	same_name	
NCPPB 2857	SAMN36346974	yes	ncppb_number	no	accept	confirmed_exact_ncppb_identifier	structured_exact_identifier	NCPPB 2857	strain	same_name	
NCPPB 2864	SAMN42161509	yes	ncppb_number	no	accept	confirmed_exact_ncppb_identifier	structured_exact_identifier	NCPPB 2864	strain	same_name	
NCPPB 2865	SAMN42161510	yes	ncppb_number	no	accept	confirmed_exact_ncppb_identifier	structured_exact_identifier	NCPPB 2865	strain	same_name	
NCPPB 2866	SAMN42161511	yes	ncppb_number	no	accept	confirmed_exact_ncppb_identifier	structured_exact_identifier	NCPPB 2866	strain	same_name	
NCPPB 2877	SAMN03164131	yes	ncppb_number	no	accept	confirmed_exact_ncppb_identifier	structured_exact_identifier	NCPPB 2877	strain	same_genus_different_species	same_genus_different_species
NCPPB 2914	SAMN42180190	yes	ncppb_number	no	accept	confirmed_exact_ncppb_identifier	structured_exact_identifier	NCPPB 2914	strain	same_name	
NCPPB 2918	SAMN22552833	yes	ncppb_number	no	accept	confirmed_exact_ncppb_identifier	structured_exact_identifier	NCPPB 2918	strain	compatible_synonym	
NCPPB 2918	SAMN57360828	yes	ncppb_number	no	accept	confirmed_exact_ncppb_identifier	structured_exact_identifier	NCPPB 2918	strain	compatible_synonym	
NCPPB 2922	SAMN42485110	yes	ncppb_number	no	accept	confirmed_exact_ncppb_identifier	structured_exact_identifier	NCPPB 2922	strain	taxonomy_unresolved	taxonomy_unresolved
NCPPB 2922	SAMN43286070	yes	ncppb_number	no	accept	confirmed_exact_ncppb_identifier	structured_exact_identifier	NCPPB 2922	strain	same_name	
NCPPB 2932	SAMN19988982	yes	ncppb_number	no	accept	confirmed_exact_ncppb_identifier	structured_exact_identifier	NCPPB 2932	strain	same_genus_different_species	same_genus_different_species
NCPPB 2933	SAMN42161512	yes	ncppb_number	no	accept	confirmed_exact_ncppb_identifier	structured_exact_identifier	NCPPB 2933	strain	same_name	
NCPPB 2949	SAMN39942673	yes	ncppb_number	no	accept	confirmed_exact_ncppb_identifier	structured_exact_identifier	NCPPB 2949	strain	same_name	
NCPPB 2959	SAMD00253073	yes	other_references	no	accept	confirmed_exact_collection_identifier	structured_exact_identifier	ICMP 5816	strain	same_name	
NCPPB 2959	SAMEA5613906	yes	other_references	no	accept	confirmed_exact_collection_identifier	structured_exact_identifier	LMG 5743	strain	same_name	
NCPPB 2959	SAMN05560300	yes	other_references	no	accept	confirmed_exact_collection_identifier	structured_exact_identifier	CFBP 1817	strain	same_name	
NCPPB 2959	SAMN43284582	yes	other_references	no	accept	confirmed_exact_collection_identifier	structured_exact_identifier	ICMP 5816	strain	same_name	
NCPPB 2968	SAMN02903176	yes	other_references	no	accept	confirmed_exact_collection_identifier	structured_exact_identifier	LMG 27970	strain	same_name	
NCPPB 2968	SAMN05003920	yes	other_references	no	accept	confirmed_exact_collection_identifier	structured_exact_identifier	LMG 27970	strain	same_name	
NCPPB 2968	SAMN23026081	yes	other_references	no	accept	confirmed_exact_collection_identifier	structured_exact_identifier	ATCC 11633	strain	same_name	
NCPPB 2969	SAMEA6139363	no		yes	reject	no_exact_identifier	no_exact_identifier			same_genus_different_species	no_exact_identifier
NCPPB 2969	SAMEA6139364	no		yes	reject	no_exact_identifier	no_exact_identifier			same_genus_different_species	no_exact_identifier
NCPPB 2969	SAMEA6139365	no		yes	reject	no_exact_identifier	no_exact_identifier			same_genus_different_species	no_exact_identifier
NCPPB 2969	SAMEA6139366	no		yes	reject	no_exact_identifier	no_exact_identifier			same_genus_different_species	no_exact_identifier
NCPPB 2969	SAMEA6139367	no		yes	reject	no_exact_identifier	no_exact_identifier			same_genus_different_species	no_exact_identifier
NCPPB 2969	SAMN05526486	yes	other_references	no	accept	confirmed_exact_collection_identifier	structured_exact_identifier	CFBP 2523	strain	same_name	
NCPPB 2969	SAMN37985469	yes	other_references	no	accept	confirmed_exact_collection_identifier	structured_exact_identifier	CFBP 2523	strain	same_name	
NCPPB 2969	SAMN37985470	yes	other_references	no	accept	confirmed_exact_collection_identifier	structured_exact_identifier	CFBP 2523	strain	same_name	
NCPPB 2969	SAMN37985471	yes	other_references	no	accept	confirmed_exact_collection_identifier	structured_exact_identifier	CFBP 2523	strain	same_name	
NCPPB 2969	SAMN37985472	yes	other_references	no	accept	confirmed_exact_collection_identifier	structured_exact_identifier	CFBP 2523	strain	same_name	
NCPPB 2969	SAMN37985473	yes	other_references	no	accept	confirmed_exact_collection_identifier	structured_exact_identifier	CFBP 2523	strain	same_name	
NCPPB 2969	SAMN37985474	yes	other_references	no	accept	confirmed_exact_collection_identifier	structured_exact_identifier	CFBP 2523	strain	same_name	
NCPPB 2969	SAMN37985475	yes	other_references	no	accept	confirmed_exact_collection_identifier	structured_exact_identifier	CFBP 2523	strain	same_name	
NCPPB 2969	SAMN37985476	yes	other_references	no	accept	confirmed_exact_collection_identifier	structured_exact_identifier	CFBP 2523	strain	same_name	
NCPPB 2969	SAMN37985477	yes	other_references	no	accept	confirmed_exact_collection_identifier	structured_exact_identifier	CFBP 2523	strain	same_name	
NCPPB 2969	SAMN37985478	yes	other_references	no	accept	confirmed_exact_collection_identifier	structured_exact_identifier	CFBP 2523	strain	same_name	
NCPPB 2969	SAMN37985479	yes	other_references	no	accept	confirmed_exact_collection_identifier	structured_exact_identifier	CFBP 2523	strain	same_name	
NCPPB 2970	SAMN22552843	yes	ncppb_number	no	accept	confirmed_exact_ncppb_identifier	structured_exact_identifier	NCPPB 2970	strain	same_name	
NCPPB 2973	SAMN42178454	yes	ncppb_number	no	accept	confirmed_exact_ncppb_identifier	structured_exact_identifier	NCPPB 2973	strain	same_name	
NCPPB 2983	SAMN22555472	yes	ncppb_number	no	accept	confirmed_exact_ncppb_identifier	structured_exact_identifier	NCPPB 2983	strain	same_name	
NCPPB 2985	SAMEA6962649	yes	ncppb_number; other_references	no	accept	confirmed_exact_ncppb_identifier	structured_exact_identifier	NCPPB 2985	culture_collection	same_name	
NCPPB 2985	SAMN09704270	yes	other_references	no	accept	confirmed_exact_collection_identifier	structured_exact_identifier	CFBP 2533	strain	same_name	
NCPPB 2985	SAMN24251549	yes	other_references	no	accept	confirmed_exact_collection_identifier	structured_exact_identifier	CFBP 2533	strain	same_name	
NCPPB 2986	SAMN17385948	yes	ncppb_number; other_references	no	accept	confirmed_exact_ncppb_identifier	structured_exact_identifier	NCPPB 2986	identity_aliases	same_name	
NCPPB 2986	SAMN22552830	yes	ncppb_number	no	accept	confirmed_exact_ncppb_identifier	structured_exact_identifier	NCPPB 2986	strain	same_name	
NCPPB 2986	SAMN36368323	yes	ncppb_number	no	accept	confirmed_exact_ncppb_identifier	structured_exact_identifier	NCPPB 2986	strain	same_name	
NCPPB 2997	SAMN42180198	yes	ncppb_number	no	accept	confirmed_exact_ncppb_identifier	structured_exact_identifier	NCPPB 2997	strain	same_name	
NCPPB 2998	SAMN42180199	yes	ncppb_number	no	accept	confirmed_exact_ncppb_identifier	structured_exact_identifier	NCPPB 2998	strain	same_name	
NCPPB 3002	SAMN02440720	yes	other_references	no	accept	confirmed_exact_collection_identifier	structured_exact_identifier	ATCC 35933	strain	same_name	
NCPPB 3002	SAMN40354541	yes	ncppb_number	no	accept	confirmed_exact_ncppb_identifier	structured_exact_identifier	NCPPB 3002	identity_aliases	same_name	
NCPPB 3003	SAMN05559875	yes	other_references	no	accept	confirmed_exact_collection_identifier	structured_exact_identifier	CFBP 2524	strain	same_name	
NCPPB 3005	SAMN41997674	yes	ncppb_number	no	accept	confirmed_exact_ncppb_identifier	structured_exact_identifier	NCPPB 3005	strain	same_genus_different_species	same_genus_different_species
NCPPB 3028	SAMN39942674	yes	ncppb_number	no	accept	confirmed_exact_ncppb_identifier	structured_exact_identifier	NCPPB 3028	strain	same_name	
NCPPB 3035	SAMN03142817	yes	ncppb_number	no	accept	confirmed_exact_ncppb_identifier	structured_exact_identifier	NCPPB 3035	strain	same_name	
NCPPB 3035	SAMN41997685	yes	ncppb_number; other_references	no	accept	confirmed_exact_ncppb_identifier	structured_exact_identifier	NCPPB 3035	strain	same_name	
NCPPB 3079	SAMN19988983	yes	ncppb_number	no	accept	confirmed_exact_ncppb_identifier	structured_exact_identifier	NCPPB 3079	strain	same_genus_different_species	same_genus_different_species
NCPPB 3086	SAMN42278568	yes	ncppb_number	no	accept	confirmed_exact_ncppb_identifier	structured_exact_identifier	NCPPB 3086	strain	same_name	
NCPPB 3114	SAMN19988993	yes	ncppb_number	no	accept	confirmed_exact_ncppb_identifier	structured_exact_identifier	NCPPB 3114	strain	same_genus_different_species	same_genus_different_species
NCPPB 3162	SAMN22555461	yes	ncppb_number	no	accept	confirmed_exact_ncppb_identifier	structured_exact_identifier	NCPPB 3162	strain	same_genus_different_species	same_genus_different_species
NCPPB 3174	SAMN42161513	yes	ncppb_number	no	accept	confirmed_exact_ncppb_identifier	structured_exact_identifier	NCPPB 3174	strain	same_name	
NCPPB 3200	SAMN42923733	yes	ncppb_number	no	accept	confirmed_exact_ncppb_identifier	structured_exact_identifier	NCPPB 3200	strain	same_name	
NCPPB 3204	SAMN42180200	yes	ncppb_number	no	accept	confirmed_exact_ncppb_identifier	structured_exact_identifier	NCPPB 3204	strain	same_name	
NCPPB 3213	SAMEA114332029	yes	ncppb_number	no	accept	confirmed_exact_ncppb_identifier	structured_exact_identifier	NCPPB 3213	isolate	same_genus_different_species	same_genus_different_species
NCPPB 3213	SAMEA3121378	yes	ncppb_number	no	accept	confirmed_exact_ncppb_identifier	structured_exact_identifier	NCPPB 3213	strain	same_genus_different_species	same_genus_different_species
NCPPB 3213	SAMN49561543	yes	ncppb_number	no	accept	confirmed_exact_ncppb_identifier	structured_exact_identifier	NCPPB 3213	strain	same_genus_different_species	same_genus_different_species
NCPPB 3218	SAMN42161514	yes	ncppb_number	no	accept	confirmed_exact_ncppb_identifier	structured_exact_identifier	NCPPB 3218	strain	same_name	
NCPPB 3229	SAMEA3486180	yes	other_references	no	accept	confirmed_exact_collection_identifier	structured_exact_identifier	LMG 727	isolate	same_name	
NCPPB 3229	SAMN19468000	yes	other_references	no	accept	confirmed_exact_collection_identifier	structured_exact_identifier	LMG 727	strain	same_name	
NCPPB 3230	SAMEA3486272	yes	other_references	no	accept	confirmed_exact_collection_identifier	structured_exact_identifier	LMG 728	isolate	same_name	
NCPPB 3230	SAMN05258173	yes	other_references	no	accept	confirmed_exact_collection_identifier	structured_exact_identifier	ATCC 33804	strain	same_name	
NCPPB 3230	SAMN19467923	yes	other_references	no	accept	confirmed_exact_collection_identifier	structured_exact_identifier	LMG 728	strain	same_name	
NCPPB 3231	SAMEA3486273	yes	other_references	no	accept	confirmed_exact_collection_identifier	structured_exact_identifier	LMG 730	isolate	same_name	
NCPPB 3231	SAMN19467924	yes	other_references	no	accept	confirmed_exact_collection_identifier	structured_exact_identifier	LMG 730	strain	same_name	
NCPPB 3234	SAMEA114332007	yes	other_references	no	review	provisional_exact_other_reference_identifier	structured_exact_identifier	XC62	isolate	same_name	medium_identifier_requires_corroboration
NCPPB 3236	SAMD00253039	yes	other_references	no	accept	confirmed_exact_collection_identifier	structured_exact_identifier	ICMP 15806	strain	same_name	
NCPPB 3236	SAMEA114331996	yes	other_references	no	accept	confirmed_exact_collection_identifier	structured_exact_identifier	LMG 9179	isolate	same_name	
NCPPB 3237	SAMEA114332008	yes	other_references	no	review	provisional_exact_other_reference_identifier	structured_exact_identifier	XC69	isolate	same_name	medium_identifier_requires_corroboration
NCPPB 3237	SAMN23026106	yes	other_references	no	review	provisional_exact_other_reference_identifier	structured_exact_identifier	XC69	strain	same_genus_different_species	medium_identifier_requires_corroboration; same_genus_different_species
NCPPB 3304	SAMN06237132	yes	other_references	no	review	provisional_exact_other_reference_identifier	structured_exact_identifier	PXO86	strain	same_name	medium_identifier_requires_corroboration
NCPPB 3434	SAMN22555469	yes	ncppb_number	no	accept	confirmed_exact_ncppb_identifier	structured_exact_identifier	NCPPB 3434	strain	same_name	
NCPPB 3440	SAMN40354570	yes	ncppb_number	no	accept	confirmed_exact_ncppb_identifier	structured_exact_identifier	NCPPB 3440	identity_aliases	same_genus_different_species	same_genus_different_species
NCPPB 3441	SAMN42161515	yes	ncppb_number	no	accept	confirmed_exact_ncppb_identifier	structured_exact_identifier	NCPPB 3441	strain	same_name	
NCPPB 3442	SAMN42161516	yes	ncppb_number; other_references	no	accept	confirmed_exact_ncppb_identifier	structured_exact_identifier	NCPPB 3442	strain	same_name	
NCPPB 3443	SAMN42161485	yes	ncppb_number; other_references	no	accept	confirmed_exact_ncppb_identifier	structured_exact_identifier	NCPPB 3443	strain	same_name	
NCPPB 3563	SAMN06853998	yes	ncppb_number	no	accept	confirmed_exact_ncppb_identifier	structured_exact_identifier	NCPPB 3563	strain	same_name	
NCPPB 3563	SAMN30096794	no		yes	reject	no_exact_identifier	no_exact_identifier			same_name	no_exact_identifier
NCPPB 3566	SAMN36346322	yes	ncppb_number	no	accept	confirmed_exact_ncppb_identifier	structured_exact_identifier	NCPPB 3566	strain	same_name	
NCPPB 3569	SAMN42161486	yes	ncppb_number	no	accept	confirmed_exact_ncppb_identifier	structured_exact_identifier	NCPPB 3569	strain	same_name	
NCPPB 3570	SAMN42161487	yes	ncppb_number	no	accept	confirmed_exact_ncppb_identifier	structured_exact_identifier	NCPPB 3570	strain	same_name	
NCPPB 3582	SAMN42161488	yes	ncppb_number	no	accept	confirmed_exact_ncppb_identifier	structured_exact_identifier	NCPPB 3582	strain	same_name	
NCPPB 3583	SAMN42161489	yes	ncppb_number; other_references	no	accept	confirmed_exact_ncppb_identifier	structured_exact_identifier	NCPPB 3583	strain	same_name	
NCPPB 3586	SAMN02903174	yes	other_references	no	accept	confirmed_exact_collection_identifier	structured_exact_identifier	LMG 9055	strain	same_name	
NCPPB 3586	SAMN04481177	yes	other_references	no	accept	confirmed_exact_collection_identifier	structured_exact_identifier	LMG 9055	strain	same_name	
NCPPB 3595	SAMN30096794	yes	other_references	no	review	provisional_exact_other_reference_identifier	structured_exact_identifier	XCP1	strain	same_genus_different_species	medium_identifier_requires_corroboration; same_genus_different_species
NCPPB 3607	SAMEA2827559	yes	ncppb_number	no	accept	confirmed_exact_ncppb_identifier	structured_exact_identifier	NCPPB 3607	strain	same_name	
NCPPB 3612	SAMEA2827237	yes	ncppb_number	no	accept	confirmed_exact_ncppb_identifier	structured_exact_identifier	NCPPB 3612	strain	same_name	
NCPPB 3615	SAMEA2827227	yes	ncppb_number	no	accept	confirmed_exact_ncppb_identifier	structured_exact_identifier	NCPPB 3615	strain	same_name	
NCPPB 3615	SAMEA2827229	yes	ncppb_number	no	accept	confirmed_exact_ncppb_identifier	structured_exact_identifier	NCPPB 3615	strain	same_name	
NCPPB 3640	SAMN30096796	yes	other_references	no	review	provisional_exact_other_reference_identifier	structured_exact_identifier	XCP3	strain	same_genus_different_species	medium_identifier_requires_corroboration; same_genus_different_species
NCPPB 3641	SAMN30096797	yes	other_references	no	review	provisional_exact_other_reference_identifier	structured_exact_identifier	XCP4	strain	same_genus_different_species	medium_identifier_requires_corroboration; same_genus_different_species
NCPPB 3658	SAMN02469937	yes	other_references	no	accept	confirmed_exact_collection_identifier	structured_exact_identifier	CFBP 7119	strain	same_name	
NCPPB 3660	SAMN03142811	yes	ncppb_number	no	accept	confirmed_exact_ncppb_identifier	structured_exact_identifier	NCPPB 3660	strain	same_name	
NCPPB 3662	SAMN42178438	yes	ncppb_number	no	accept	confirmed_exact_ncppb_identifier	structured_exact_identifier	NCPPB 3662	strain	same_name	
NCPPB 3709	SAMEA4072397	yes	ncppb_number	no	accept	confirmed_exact_ncppb_identifier	structured_exact_identifier	NCPPB 3709	isolate	same_name	
NCPPB 3709	SAMN19468006	yes	ncppb_number	no	accept	confirmed_exact_ncppb_identifier	structured_exact_identifier	NCPPB 3709	strain	same_name	
NCPPB 3711	SAMN19021786	yes	ncppb_number	no	accept	confirmed_exact_ncppb_identifier	structured_exact_identifier	NCPPB 3711	strain	same_name	
NCPPB 3743	SAMEA4590056	yes	ncppb_number	no	accept	confirmed_exact_ncppb_identifier	structured_exact_identifier	NCPPB 3743	strain	same_name	
NCPPB 3743	SAMN39942675	yes	ncppb_number	no	accept	confirmed_exact_ncppb_identifier	structured_exact_identifier	NCPPB 3743	strain	same_name	
NCPPB 3753	SAMN03164132	yes	ncppb_number	no	accept	confirmed_exact_ncppb_identifier	structured_exact_identifier	NCPPB 3753	strain	same_genus_different_species	same_genus_different_species
NCPPB 3758	SAMN42180201	yes	ncppb_number	no	accept	confirmed_exact_ncppb_identifier	structured_exact_identifier	NCPPB 3758	strain	same_name	
NCPPB 3759	SAMN19988984	yes	ncppb_number	no	accept	confirmed_exact_ncppb_identifier	structured_exact_identifier	NCPPB 3759	strain	same_genus_different_species	same_genus_different_species
NCPPB 3761	SAMN42161490	yes	ncppb_number	no	accept	confirmed_exact_ncppb_identifier	structured_exact_identifier	NCPPB 3761	strain	same_name	
NCPPB 3795	SAMN42175582	yes	ncppb_number	no	accept	confirmed_exact_ncppb_identifier	structured_exact_identifier	NCPPB 3795	strain	same_genus_different_species	same_genus_different_species
NCPPB 3796	SAMN42175583	yes	ncppb_number	no	accept	confirmed_exact_ncppb_identifier	structured_exact_identifier	NCPPB 3796	strain	same_genus_different_species	same_genus_different_species
NCPPB 3797	SAMN42175584	yes	ncppb_number	no	accept	confirmed_exact_ncppb_identifier	structured_exact_identifier	NCPPB 3797	strain	same_genus_different_species	same_genus_different_species
NCPPB 3883	SAMN22552831	yes	ncppb_number	no	accept	confirmed_exact_ncppb_identifier	structured_exact_identifier	NCPPB 3883	strain	compatible_synonym	
NCPPB 3883	SAMN57360827	yes	ncppb_number	no	accept	confirmed_exact_ncppb_identifier	structured_exact_identifier	NCPPB 3883	strain	compatible_synonym	
NCPPB 3884	SAMN22552832	yes	ncppb_number	no	accept	confirmed_exact_ncppb_identifier	structured_exact_identifier	NCPPB 3884	strain	compatible_synonym	
NCPPB 3884	SAMN57360826	yes	ncppb_number	no	accept	confirmed_exact_ncppb_identifier	structured_exact_identifier	NCPPB 3884	strain	compatible_synonym	
NCPPB 3886	SAMN42175585	yes	ncppb_number	no	accept	confirmed_exact_ncppb_identifier	structured_exact_identifier	NCPPB 3886	strain	same_genus_different_species	same_genus_different_species
NCPPB 3887	SAMN42175586	yes	ncppb_number	no	accept	confirmed_exact_ncppb_identifier	structured_exact_identifier	NCPPB 3887	strain	same_genus_different_species	same_genus_different_species
NCPPB 3888	SAMN22555468	yes	ncppb_number	no	accept	confirmed_exact_ncppb_identifier	structured_exact_identifier	NCPPB 3888	strain	same_name	
NCPPB 3927	SAMN43286079	yes	ncppb_number	no	accept	confirmed_exact_ncppb_identifier	structured_exact_identifier	NCPPB 3927	strain	same_name	
NCPPB 3948	SAMN42178462	yes	ncppb_number	no	accept	confirmed_exact_ncppb_identifier	structured_exact_identifier	NCPPB 3948	strain	same_name	
NCPPB 3959	SAMN42161491	yes	ncppb_number	no	accept	confirmed_exact_ncppb_identifier	structured_exact_identifier	NCPPB 3959	strain	same_name	
NCPPB 4013	SAMN22555464	yes	ncppb_number	no	accept	confirmed_exact_ncppb_identifier	structured_exact_identifier	NCPPB 4013	strain	same_name	
NCPPB 4013	SAMN56511371	yes	ncppb_number	no	accept	confirmed_exact_ncppb_identifier	structured_exact_identifier	NCPPB 4013	strain	same_name	
NCPPB 4037	SAMN22552836	yes	ncppb_number	no	accept	confirmed_exact_ncppb_identifier	structured_exact_identifier	NCPPB 4037	strain	compatible_synonym	
NCPPB 4037	SAMN42161492	yes	ncppb_number	no	accept	confirmed_exact_ncppb_identifier	structured_exact_identifier	NCPPB 4037	strain	same_name	
NCPPB 4058	SAMN24251536	yes	ncppb_number	no	accept	confirmed_exact_ncppb_identifier	structured_exact_identifier	NCPPB 4058	strain	same_name	
NCPPB 4181	SAMN39942677	yes	ncppb_number	no	accept	confirmed_exact_ncppb_identifier	structured_exact_identifier	NCPPB 4181	strain	same_name	
NCPPB 4231	SAMN22552841	yes	ncppb_number	no	accept	confirmed_exact_ncppb_identifier	structured_exact_identifier	NCPPB 4231	strain	same_genus_different_species	same_genus_different_species
NCPPB 4232	SAMN22552842	yes	ncppb_number	no	accept	confirmed_exact_ncppb_identifier	structured_exact_identifier	NCPPB 4232	strain	same_genus_different_species	same_genus_different_species
NCPPB 4321	SAMN14837221	yes	other_references	no	accept	confirmed_exact_collection_identifier	structured_exact_identifier	DSM 18975	strain	compatible_synonym	
NCPPB 4322	SAMN23026091	yes	other_references	no	review	provisional_exact_other_reference_identifier	structured_exact_identifier	XV1220	strain	compatible_synonym	medium_identifier_requires_corroboration
NCPPB 4345	SAMN22555471	yes	ncppb_number	no	accept	confirmed_exact_ncppb_identifier	structured_exact_identifier	NCPPB 4345	strain	same_name	
NCPPB 4346	SAMN03862116	yes	ncppb_number	no	accept	confirmed_exact_ncppb_identifier	structured_exact_identifier	NCPPB 4346	strain	same_genus_different_species	same_genus_different_species
NCPPB 4346	SAMN10956069	yes	ncppb_number	no	accept	confirmed_exact_ncppb_identifier	structured_exact_identifier	NCPPB 4346	strain	same_genus_different_species	same_genus_different_species
NCPPB 4347	SAMN42488056	yes	ncppb_number	no	accept	confirmed_exact_ncppb_identifier	structured_exact_identifier	NCPPB 4347	strain	same_name	
NCPPB 4348	SAMN19988985	yes	ncppb_number	no	accept	confirmed_exact_ncppb_identifier	structured_exact_identifier	NCPPB 4348	strain	compatible_synonym	
NCPPB 4349	SAMN19988986	yes	ncppb_number	no	accept	confirmed_exact_ncppb_identifier	structured_exact_identifier	NCPPB 4349	strain	compatible_synonym	
NCPPB 4350	SAMD00253079	yes	other_references	no	accept	confirmed_exact_collection_identifier	structured_exact_identifier	ICMP 9513	strain	same_name	
NCPPB 4350	SAMN44672901	yes	ncppb_number	no	accept	confirmed_exact_ncppb_identifier	structured_exact_identifier	NCPPB 4350	strain	same_name	
NCPPB 4350	SAMN56511372	yes	ncppb_number	no	accept	confirmed_exact_ncppb_identifier	structured_exact_identifier	NCPPB 4350	strain	same_name	
NCPPB 4351	SAMN19988987	yes	ncppb_number	no	accept	confirmed_exact_ncppb_identifier	structured_exact_identifier	NCPPB 4351	strain	compatible_synonym	
NCPPB 4352	SAMN19988988	yes	ncppb_number	no	accept	confirmed_exact_ncppb_identifier	structured_exact_identifier	NCPPB 4352	strain	compatible_synonym	
NCPPB 4355	SAMN02646549	yes	other_references	no	accept	confirmed_exact_collection_identifier	structured_exact_identifier	CFBP 6369	strain	same_name	
NCPPB 4356	SAMD00253043	yes	other_references	no	accept	confirmed_exact_collection_identifier	structured_exact_identifier	ICMP 16775	strain	same_name	
NCPPB 4356	SAMN05560222	yes	other_references	no	accept	confirmed_exact_collection_identifier	structured_exact_identifier	CFBP 4188	strain	same_name	
NCPPB 4356	SAMN09704276	yes	ncppb_number	no	accept	confirmed_exact_ncppb_identifier	structured_exact_identifier	NCPPB 4356	strain	same_name	
NCPPB 4356	SAMN24251551	yes	other_references	no	accept	confirmed_exact_collection_identifier	structured_exact_identifier	CFBP 4188	strain	same_name	
NCPPB 4363	SAMN56511373	yes	ncppb_number	no	accept	confirmed_exact_ncppb_identifier	structured_exact_identifier	NCPPB 4363	strain	same_name	
NCPPB 4364	SAMN56511374	yes	ncppb_number	no	accept	confirmed_exact_ncppb_identifier	structured_exact_identifier	NCPPB 4364	strain	same_name	
NCPPB 4367	SAMN56511375	yes	ncppb_number	no	accept	confirmed_exact_ncppb_identifier	structured_exact_identifier	NCPPB 4367	strain	same_name	
NCPPB 4376	SAMEA114332027	yes	other_references	no	accept	confirmed_exact_collection_identifier	structured_exact_identifier	LMG 9325	isolate	same_name	
NCPPB 4378	SAMN20034692	yes	ncppb_number	no	accept	confirmed_exact_ncppb_identifier	structured_exact_identifier	NCPPB 4378	strain	same_name	
NCPPB 4379	SAMN00991242	yes	ncppb_number	no	accept	confirmed_exact_ncppb_identifier	structured_exact_identifier	NCPPB 4379	strain	same_name	
NCPPB 4379	SAMN49535423	yes	ncppb_number	no	accept	confirmed_exact_ncppb_identifier	structured_exact_identifier	NCPPB 4379	strain	same_name	
NCPPB 4380	SAMN00991243	yes	ncppb_number	no	accept	confirmed_exact_ncppb_identifier	structured_exact_identifier	NCPPB 4380	strain	same_name	
NCPPB 4381	SAMN00002877	yes	ncppb_number	no	accept	confirmed_exact_ncppb_identifier	structured_exact_identifier	NCPPB 4381	strain	same_name	
NCPPB 4381	SAMN49535422	yes	ncppb_number	no	accept	confirmed_exact_ncppb_identifier	structured_exact_identifier	NCPPB 4381	strain	same_name	
NCPPB 4383	SAMN00991249	yes	ncppb_number	no	accept	confirmed_exact_ncppb_identifier	structured_exact_identifier	NCPPB 4383	identifiers	same_name	
NCPPB 4384	SAMN00991244	yes	ncppb_number	no	accept	confirmed_exact_ncppb_identifier	structured_exact_identifier	NCPPB 4384	strain	same_name	
NCPPB 4387	SAMN00991250	yes	ncppb_number	no	accept	confirmed_exact_ncppb_identifier	structured_exact_identifier	NCPPB 4387	identifiers	same_name	
NCPPB 4389	SAMN00991251	yes	ncppb_number	no	accept	confirmed_exact_ncppb_identifier	structured_exact_identifier	NCPPB 4389	identifiers	same_name	
NCPPB 4390	SAMN20034693	yes	ncppb_number	no	accept	confirmed_exact_ncppb_identifier	structured_exact_identifier	NCPPB 4390	strain	same_name	
NCPPB 4391	SAMN41763921	yes	ncppb_number	no	accept	confirmed_exact_ncppb_identifier	structured_exact_identifier	NCPPB 4391	strain	same_name	
NCPPB 4392	SAMN00991254	yes	ncppb_number	no	accept	confirmed_exact_ncppb_identifier	structured_exact_identifier	NCPPB 4392	identifiers	same_name	
NCPPB 4392	SAMN02471739	yes	ncppb_number	no	accept	confirmed_exact_ncppb_identifier	structured_exact_identifier	NCPPB 4392	strain	same_name	
NCPPB 4393	SAMN00752561	yes	ncppb_number	no	accept	confirmed_exact_ncppb_identifier	structured_exact_identifier	NCPPB 4393	strain	same_genus_different_species	same_genus_different_species
NCPPB 4393	SAMN02471171	yes	ncppb_number	no	accept	confirmed_exact_ncppb_identifier	structured_exact_identifier	NCPPB 4393	strain	same_genus_different_species	same_genus_different_species
NCPPB 4393	SAMN42486834	yes	ncppb_number	no	accept	confirmed_exact_ncppb_identifier	structured_exact_identifier	NCPPB 4393	strain	same_name	
NCPPB 4394	SAMN00991245	yes	ncppb_number	no	accept	confirmed_exact_ncppb_identifier	structured_exact_identifier	NCPPB 4394	strain	same_name	
NCPPB 4395	SAMN00991246	yes	ncppb_number	no	accept	confirmed_exact_ncppb_identifier	structured_exact_identifier	NCPPB 4395	identifiers	same_name	
NCPPB 4395	SAMN49535421	yes	ncppb_number	no	accept	confirmed_exact_ncppb_identifier	structured_exact_identifier	NCPPB 4395	strain	same_name	
NCPPB 4403	SAMD00253057	yes	other_references	no	accept	confirmed_exact_collection_identifier	structured_exact_identifier	ICMP 217	strain	same_name	
NCPPB 4403	SAMN43281686	yes	other_references	no	accept	confirmed_exact_collection_identifier	structured_exact_identifier	ICMP 217	strain	same_name	
NCPPB 4403	SAMN43282785	yes	other_references	no	accept	confirmed_exact_collection_identifier	structured_exact_identifier	ICMP 217	strain	same_name	
NCPPB 4407	SAMN03265443	yes	other_references	no	accept	confirmed_exact_collection_identifier	structured_exact_identifier	LMG 476	strain	same_name	
NCPPB 4409	SAMEA104393682	yes	other_references	no	accept	confirmed_exact_collection_identifier	structured_exact_identifier	LMG 19145	strain	same_name	
NCPPB 4412	SAMN02903171	yes	other_references	no	accept	confirmed_exact_collection_identifier	structured_exact_identifier	LMG 495	strain	same_name	
NCPPB 4412	SAMN05003921	yes	other_references	no	accept	confirmed_exact_collection_identifier	structured_exact_identifier	LMG 495	strain	compatible_synonym	
NCPPB 4433	SAMN00991252	yes	ncppb_number	no	accept	confirmed_exact_ncppb_identifier	structured_exact_identifier	NCPPB 4433	identifiers	same_name	
NCPPB 4434	SAMN00991253	yes	ncppb_number	no	accept	confirmed_exact_ncppb_identifier	structured_exact_identifier	NCPPB 4434	identifiers	same_name	
NCPPB 4446	SAMD00253031	yes	other_references	no	accept	confirmed_exact_collection_identifier	structured_exact_identifier	ICMP 12167	strain	same_name	
NCPPB 4446	SAMN05560230	yes	other_references	no	accept	confirmed_exact_collection_identifier	structured_exact_identifier	CFBP 7245	strain	same_name	
NCPPB 4446	SAMN43281663	yes	other_references	no	accept	confirmed_exact_collection_identifier	structured_exact_identifier	ICMP 12167	strain	same_name	
NCPPB 4446	SAMN43282128	yes	other_references	no	accept	confirmed_exact_collection_identifier	structured_exact_identifier	ICMP 12167	strain	same_name	
NCPPB 4446	SAMN43282364	yes	other_references	no	accept	confirmed_exact_collection_identifier	structured_exact_identifier	ICMP 12167	strain	same_name	
NCPPB 4446	SAMN56511376	yes	ncppb_number	no	accept	confirmed_exact_ncppb_identifier	structured_exact_identifier	NCPPB 4446	strain	same_name	
NCPPB 4449	SAMN21172023	yes	other_references	no	accept	confirmed_exact_collection_identifier	structured_exact_identifier	ICMP 16317	strain	same_name	
NCPPB 4466	SAMN40354561	yes	other_references	no	accept	confirmed_exact_collection_identifier	structured_exact_identifier	WHRI 64A	strain	compatible_synonym	
NCPPB 4466	SAMN42161493	yes	ncppb_number	no	accept	confirmed_exact_ncppb_identifier	structured_exact_identifier	NCPPB 4466	strain	same_name	
NCPPB 4468	SAMN42161495	yes	ncppb_number	no	accept	confirmed_exact_ncppb_identifier	structured_exact_identifier	NCPPB 4468	strain	same_name	
NCPPB 4590	SAMEA114332011	yes	other_references	no	accept	confirmed_exact_collection_identifier	structured_exact_identifier	LMG 9322	isolate	same_name	
NCPPB 4590	SAMN02903175	yes	other_references	no	accept	confirmed_exact_collection_identifier	structured_exact_identifier	LMG 9322	strain	same_name	
NCPPB 4590	SAMN05003919	yes	other_references	no	accept	confirmed_exact_collection_identifier	structured_exact_identifier	LMG 9322	strain	same_name	
NCPPB 4590	SAMN40354539	yes	ncppb_number	no	accept	confirmed_exact_ncppb_identifier	structured_exact_identifier	NCPPB 4590	identity_aliases	same_name	
NCPPB 4590	SAMN47254572	yes	other_references	no	accept	confirmed_exact_collection_identifier	structured_exact_identifier	ATCC 49118	strain	same_name	
NCPPB 4594	SAMN56511377	yes	ncppb_number	no	accept	confirmed_exact_ncppb_identifier	structured_exact_identifier	NCPPB 4594	strain	same_genus_different_species	same_genus_different_species
NCPPB 4600	SAMN04922375	yes	other_references	no	accept	confirmed_exact_collection_identifier	structured_exact_identifier	WHRI 8853	strain	same_name	
NCPPB 4600	SAMN27412262	yes	other_references	no	accept	confirmed_exact_collection_identifier	structured_exact_identifier	WHRI 8853	identifiers	same_name	
NCPPB 4601	SAMN04922374	yes	other_references	no	accept	confirmed_exact_collection_identifier	structured_exact_identifier	WHRI 8848	strain	same_name	
NCPPB 4601	SAMN36318506	yes	other_references	no	accept	confirmed_exact_collection_identifier	structured_exact_identifier	WHRI 8848	strain	same_name	
NCPPB 4613	SAMN36357967	yes	ncppb_number	no	accept	confirmed_exact_ncppb_identifier	structured_exact_identifier	NCPPB 4613	strain	same_name	
NCPPB 4614	SAMN36357968	yes	ncppb_number	no	accept	confirmed_exact_ncppb_identifier	structured_exact_identifier	NCPPB 4614	strain	same_name	
NCPPB 4614	SAMN36357978	yes	other_references	no	review	provisional_exact_other_reference_identifier	structured_exact_identifier	SAM119	strain	same_name	medium_identifier_requires_corroboration
NCPPB 4615	SAMN25050887	no		yes	review	unstructured_exact_identifier_only	unstructured_exact_identifier	B100	title	same_name	exact_identifier_only_in_title
NCPPB 4618	SAMN26806290	yes	other_references	no	accept	confirmed_exact_collection_identifier	structured_exact_identifier	ATCC 49119	strain	same_name	
NCPPB 4629	SAMN56511378	yes	ncppb_number	no	accept	confirmed_exact_ncppb_identifier	structured_exact_identifier	NCPPB 4629	strain	same_name	
NCPPB 4630	SAMN56511379	yes	ncppb_number	no	accept	confirmed_exact_ncppb_identifier	structured_exact_identifier	NCPPB 4630	strain	same_name	
NCPPB 4631	SAMN40354518	yes	other_references	no	accept	confirmed_exact_collection_identifier	structured_exact_identifier	WHRI 8482	strain	same_name	
NCPPB 4632	SAMN56511380	yes	ncppb_number	no	accept	confirmed_exact_ncppb_identifier	structured_exact_identifier	NCPPB 4632	strain	same_name	
NCPPB 4633	SAMN56511381	yes	ncppb_number	no	accept	confirmed_exact_ncppb_identifier	structured_exact_identifier	NCPPB 4633	strain	same_name	
NCPPB 4634	SAMN56511382	yes	ncppb_number	no	accept	confirmed_exact_ncppb_identifier	structured_exact_identifier	NCPPB 4634	strain	same_name	
NCPPB 4660	SAMN36001536	yes	other_references	no	accept	confirmed_exact_collection_identifier	structured_exact_identifier	WHRI 8891A	identifiers	same_name	
NCPPB 4661	SAMN10440464	yes	other_references	no	accept	confirmed_exact_collection_identifier	structured_exact_identifier	WHRI 3811	strain	same_name	
NCPPB 4661	SAMN36368309	yes	other_references	no	accept	confirmed_exact_collection_identifier	structured_exact_identifier	WHRI 3811	strain	same_name	
NCPPB 4662	SAMN36001539	yes	other_references	no	accept	confirmed_exact_collection_identifier	structured_exact_identifier	WHRI 8909A	identifiers	same_name	
NCPPB 4663	SAMN36293677	yes	other_references	no	accept	confirmed_exact_collection_identifier	structured_exact_identifier	WHRI 8960	strain	same_name	
NCPPB 4664	SAMN36001541	yes	other_references	no	accept	confirmed_exact_collection_identifier	structured_exact_identifier	WHRI 8959A	identifiers	same_name	
NCPPB 4665	SAMN36001542	yes	other_references	no	accept	confirmed_exact_collection_identifier	structured_exact_identifier	WHRI 8964	identifiers	same_name	
NCPPB 4666	SAMN09828208	yes	other_references	no	accept	confirmed_exact_collection_identifier	structured_exact_identifier	WHRI 8984	strain	same_name	
NCPPB 4666	SAMN27412261	yes	other_references	no	accept	confirmed_exact_collection_identifier	structured_exact_identifier	WHRI 8984	identifiers	same_name	
NCPPB 4668	SAMN10440477	yes	other_references	no	accept	confirmed_exact_collection_identifier	structured_exact_identifier	WHRI 6181	strain	same_name	
NCPPB 4668	SAMN36346923	yes	other_references	no	accept	confirmed_exact_collection_identifier	structured_exact_identifier	WHRI 6181	strain	same_name	
NCPPB 4669	SAMN10440482	yes	other_references	no	accept	confirmed_exact_collection_identifier	structured_exact_identifier	WHRI 8450A	strain	same_name	
NCPPB 4669	SAMN36368340	yes	other_references	no	accept	confirmed_exact_collection_identifier	structured_exact_identifier	WHRI 8450A	strain	same_name	
NCPPB 4670	SAMN10440467	yes	other_references	no	accept	confirmed_exact_collection_identifier	structured_exact_identifier	WHRI 3849A	strain	same_name	
NCPPB 4670	SAMN36368317	yes	other_references	no	accept	confirmed_exact_collection_identifier	structured_exact_identifier	WHRI 3849A	strain	same_name	
NCPPB 4671	SAMN10440469	yes	other_references	no	accept	confirmed_exact_collection_identifier	structured_exact_identifier	WHRI 1279A	strain	same_name	
NCPPB 4671	SAMN36368308	yes	other_references	no	accept	confirmed_exact_collection_identifier	structured_exact_identifier	WHRI 1279A	strain	same_name	
NCPPB 4675	SAMEA4722874	yes	ncppb_number; other_references	no	accept	confirmed_exact_ncppb_identifier	structured_exact_identifier	NCPPB 4675	culture_collection	same_name	
NCPPB 4675	SAMEA7742038	yes	other_references	no	accept	confirmed_exact_collection_identifier	structured_exact_identifier	CPBF 424	sample_name	same_name	
NCPPB 4676	SAMEA4722873	yes	other_references	no	accept	confirmed_exact_collection_identifier	structured_exact_identifier	CPBF 1521	strain	same_name	
NCPPB 4678	SAMN43286080	yes	ncppb_number	no	accept	confirmed_exact_ncppb_identifier	structured_exact_identifier	NCPPB 4678	strain	same_name	
NCPPB 4678	SAMN56511383	yes	ncppb_number	no	accept	confirmed_exact_ncppb_identifier	structured_exact_identifier	NCPPB 4678	strain	same_name	
NCPPB 4679	SAMN56511384	yes	ncppb_number	no	accept	confirmed_exact_ncppb_identifier	structured_exact_identifier	NCPPB 4679	strain	same_name	
NCPPB 4680	SAMN43286081	yes	ncppb_number	no	accept	confirmed_exact_ncppb_identifier	structured_exact_identifier	NCPPB 4680	strain	same_name	
NCPPB 4680	SAMN56511385	yes	ncppb_number	no	accept	confirmed_exact_ncppb_identifier	structured_exact_identifier	NCPPB 4680	strain	same_name	
NCPPB 4681	SAMN17198915	yes	other_references	no	review	provisional_exact_other_reference_identifier	structured_exact_identifier	Xc27	identifiers	same_name	medium_identifier_requires_corroboration
NCPPB 4681	SAMN17198916	yes	other_references	no	review	provisional_exact_other_reference_identifier	structured_exact_identifier	Xc27	identifiers	same_name	medium_identifier_requires_corroboration
NCPPB 4681	SAMN17198917	yes	other_references	no	review	provisional_exact_other_reference_identifier	structured_exact_identifier	Xc27	identifiers	same_name	medium_identifier_requires_corroboration
NCPPB 4681	SAMN56511386	yes	ncppb_number	no	accept	confirmed_exact_ncppb_identifier	structured_exact_identifier	NCPPB 4681	strain	same_name	
NCPPB 4682	SAMN43286082	yes	ncppb_number	no	accept	confirmed_exact_ncppb_identifier	structured_exact_identifier	NCPPB 4682	strain	same_name	
NCPPB 4682	SAMN56511387	yes	ncppb_number	no	accept	confirmed_exact_ncppb_identifier	structured_exact_identifier	NCPPB 4682	strain	same_name	
NCPPB 4692	SAMEA7356589	yes	other_references	no	accept	confirmed_exact_collection_identifier	structured_exact_identifier	GBBC 2123	isolate	same_name	
NCPPB 4692	SAMN41996498	yes	ncppb_number	no	accept	confirmed_exact_ncppb_identifier	structured_exact_identifier	NCPPB 4692	strain	same_name	
NCPPB 4693	SAMEA7356591	yes	other_references	no	accept	confirmed_exact_collection_identifier	structured_exact_identifier	GBBC 2199	strain	same_name	
NCPPB 4705	SAMN07735936	no		yes	review	provisional_exact_other_reference_identifier	structured_exact_identifier	Arg-1A	strain	same_name	medium_identifier_requires_corroboration
NCPPB 4705	SAMN36357994	no		yes	review	provisional_exact_other_reference_identifier	structured_exact_identifier	Arg-1A	strain	same_name	medium_identifier_requires_corroboration
NCPPB 4707	SAMN36357996	no		yes	review	provisional_exact_other_reference_identifier	structured_exact_identifier	ARG-3A	strain	same_name	medium_identifier_requires_corroboration
NCPPB 4710	SAMN08773711	no		yes	review	provisional_exact_other_reference_identifier	structured_exact_identifier	Arg-2B	strain	same_name	medium_identifier_requires_corroboration
NCPPB 4710	SAMN36357995	no		yes	review	provisional_exact_other_reference_identifier	structured_exact_identifier	Arg-2B	strain	same_name	medium_identifier_requires_corroboration
NCPPB 4710	SAMN36701295	no		yes	review	provisional_exact_other_reference_identifier	structured_exact_identifier	Arg-2B	strain	same_name	medium_identifier_requires_corroboration
NCPPB 4712	SAMN08773805	no		yes	review	provisional_exact_other_reference_identifier	structured_exact_identifier	ARG-6B	strain	same_name	medium_identifier_requires_corroboration
NCPPB 4712	SAMN36357998	no		yes	review	provisional_exact_other_reference_identifier	structured_exact_identifier	ARG-6B	strain	same_name	medium_identifier_requires_corroboration
NCPPB 4712	SAMN36701296	no		yes	review	provisional_exact_other_reference_identifier	structured_exact_identifier	ARG-6B	strain	same_name	medium_identifier_requires_corroboration
NCPPB 4714	SAMN36357997	no		yes	review	provisional_exact_other_reference_identifier	structured_exact_identifier	ARG 4B	strain	same_name	medium_identifier_requires_corroboration
NCPPB 4753	SAMN08031359	yes	other_references	no	accept	confirmed_exact_collection_identifier	structured_exact_identifier	CFBP 8353	strain	same_name	
NCPPB 4754	SAMN08031988	yes	other_references	no	accept	confirmed_exact_collection_identifier	structured_exact_identifier	CFBP 8354	strain	same_name	
NCPPB 4755	SAMN08032457	yes	other_references	no	accept	confirmed_exact_collection_identifier	structured_exact_identifier	CFBP 8355	strain	same_name	
NCPPB 4772	SAMN39942678	yes	ncppb_number	no	accept	confirmed_exact_ncppb_identifier	structured_exact_identifier	NCPPB 4772	strain	same_name	
