run_accession	fastq_ftp	fastq_bytes	fastq_md5	library_layout	instrument_platform
SRR22272560	ftp.sra.ebi.ac.uk/vol1/fastq/SRR222/060/SRR22272560/SRR22272560_1.fastq.gz;ftp.sra.ebi.ac.uk/vol1/fastq/SRR222/060/SRR22272560/SRR22272560_2.fastq.gz	124364605;140297291	4cd6fb834b8d8cc28ae311883a45d546;6cf12c859e90691314eb911cf99cec5f	PAIRED	ILLUMINA
SRR22272562	ftp.sra.ebi.ac.uk/vol1/fastq/SRR222/062/SRR22272562/SRR22272562_1.fastq.gz;ftp.sra.ebi.ac.uk/vol1/fastq/SRR222/062/SRR22272562/SRR22272562_2.fastq.gz	163461544;184576617	b25b623b497fe9829d642fec5d4f9857;1d4fefaef5c119345fe1953d6485fd75	PAIRED	ILLUMINA
SRR22272569	ftp.sra.ebi.ac.uk/vol1/fastq/SRR222/069/SRR22272569/SRR22272569_1.fastq.gz;ftp.sra.ebi.ac.uk/vol1/fastq/SRR222/069/SRR22272569/SRR22272569_2.fastq.gz	167352580;188821175	2fefe0df5fb6557d23a11cd465b10b67;8bde10d9cd73770e56d57855f9bc19e7	PAIRED	ILLUMINA
SRR15305410	ftp.sra.ebi.ac.uk/vol1/fastq/SRR153/010/SRR15305410/SRR15305410_1.fastq.gz;ftp.sra.ebi.ac.uk/vol1/fastq/SRR153/010/SRR15305410/SRR15305410_2.fastq.gz	125532227;145191721	24c0ead306b40a0c31dc35aecfdde00d;809d4ad180ab88da7633a7ab64c80565	PAIRED	ILLUMINA
SRR15305411	ftp.sra.ebi.ac.uk/vol1/fastq/SRR153/011/SRR15305411/SRR15305411_1.fastq.gz;ftp.sra.ebi.ac.uk/vol1/fastq/SRR153/011/SRR15305411/SRR15305411_2.fastq.gz	164756999;187228773	6a78b546345c8693194b9271759c4ad3;d222667dfb226f6be5895718cd49816b	PAIRED	ILLUMINA
SRR15305412	ftp.sra.ebi.ac.uk/vol1/fastq/SRR153/012/SRR15305412/SRR15305412_1.fastq.gz;ftp.sra.ebi.ac.uk/vol1/fastq/SRR153/012/SRR15305412/SRR15305412_2.fastq.gz	116160761;131023116	c334a26f67515f706418237edb096070;ee6fb56dc3c62ad26c075433ae77b7ae	PAIRED	ILLUMINA
SRR15305413	ftp.sra.ebi.ac.uk/vol1/fastq/SRR153/013/SRR15305413/SRR15305413_1.fastq.gz;ftp.sra.ebi.ac.uk/vol1/fastq/SRR153/013/SRR15305413/SRR15305413_2.fastq.gz	123823834;141242626	36351ecdacef0a82a238e4c4705c230d;c36e587892f42feefca5830321e534b5	PAIRED	ILLUMINA
SRR15305414	ftp.sra.ebi.ac.uk/vol1/fastq/SRR153/014/SRR15305414/SRR15305414_1.fastq.gz;ftp.sra.ebi.ac.uk/vol1/fastq/SRR153/014/SRR15305414/SRR15305414_2.fastq.gz	75711761;83581708	2cf8f0e044e8264a14f5284cfca763f3;675df4520e54eb4e8e78763757acc89c	PAIRED	ILLUMINA
SRR15305415	ftp.sra.ebi.ac.uk/vol1/fastq/SRR153/015/SRR15305415/SRR15305415_1.fastq.gz;ftp.sra.ebi.ac.uk/vol1/fastq/SRR153/015/SRR15305415/SRR15305415_2.fastq.gz	185087267;209183596	7020f71312f7074ef0161103ea5fc083;6e25c3d9b1a549e32beccdec7374806a	PAIRED	ILLUMINA
SRR15305416	ftp.sra.ebi.ac.uk/vol1/fastq/SRR153/016/SRR15305416/SRR15305416_1.fastq.gz;ftp.sra.ebi.ac.uk/vol1/fastq/SRR153/016/SRR15305416/SRR15305416_2.fastq.gz	201766249;226594393	8b7e1b12937d4a4b5da922a46a85e1d7;e6d8f85a17004e78acdfaf8b5df2a478	PAIRED	ILLUMINA
SRR15305417	ftp.sra.ebi.ac.uk/vol1/fastq/SRR153/017/SRR15305417/SRR15305417_1.fastq.gz;ftp.sra.ebi.ac.uk/vol1/fastq/SRR153/017/SRR15305417/SRR15305417_2.fastq.gz	180037569;202308915	5f0f9a262805bede7dccf1e5f52db8b6;b86617081d5729ee57b12d834daaf596	PAIRED	ILLUMINA
SRR15305418	ftp.sra.ebi.ac.uk/vol1/fastq/SRR153/018/SRR15305418/SRR15305418_1.fastq.gz;ftp.sra.ebi.ac.uk/vol1/fastq/SRR153/018/SRR15305418/SRR15305418_2.fastq.gz	83022758;94422299	e9684feb81122120302ae0273e7620c1;2be78535086d593f49d32e018a01d3da	PAIRED	ILLUMINA
SRR15305419	ftp.sra.ebi.ac.uk/vol1/fastq/SRR153/019/SRR15305419/SRR15305419_1.fastq.gz;ftp.sra.ebi.ac.uk/vol1/fastq/SRR153/019/SRR15305419/SRR15305419_2.fastq.gz	92033830;101074696	eab0b3f53248325653ab67a0ea7a8b0e;697b9e695495a986d9d45a89c7f3ea1e	PAIRED	ILLUMINA
SRR15305420	ftp.sra.ebi.ac.uk/vol1/fastq/SRR153/020/SRR15305420/SRR15305420_1.fastq.gz;ftp.sra.ebi.ac.uk/vol1/fastq/SRR153/020/SRR15305420/SRR15305420_2.fastq.gz	241908014;270788593	778f950a1a4e623494f840aca92cf842;dbfc4be76352431cf812b38642353853	PAIRED	ILLUMINA
SRR15305421	ftp.sra.ebi.ac.uk/vol1/fastq/SRR153/021/SRR15305421/SRR15305421_1.fastq.gz;ftp.sra.ebi.ac.uk/vol1/fastq/SRR153/021/SRR15305421/SRR15305421_2.fastq.gz	201789083;232980420	1f89992313568dabd619c8f514f3071d;a1c0363351bb6c0e12611abe44deaef2	PAIRED	ILLUMINA
SRR15305422	ftp.sra.ebi.ac.uk/vol1/fastq/SRR153/022/SRR15305422/SRR15305422_1.fastq.gz;ftp.sra.ebi.ac.uk/vol1/fastq/SRR153/022/SRR15305422/SRR15305422_2.fastq.gz	73563118;79852176	3027f04a4531bd04235312591d6972cf;8afda9f626e30b48a331fdb81702e220	PAIRED	ILLUMINA
SRR15305423	ftp.sra.ebi.ac.uk/vol1/fastq/SRR153/023/SRR15305423/SRR15305423_1.fastq.gz;ftp.sra.ebi.ac.uk/vol1/fastq/SRR153/023/SRR15305423/SRR15305423_2.fastq.gz	72671620;81640429	6506d468c794099c03b3f921bc5ac4a3;f06cbf37aa08dcaf362cb04145f47e30	PAIRED	ILLUMINA
SRR15305424	ftp.sra.ebi.ac.uk/vol1/fastq/SRR153/024/SRR15305424/SRR15305424_1.fastq.gz;ftp.sra.ebi.ac.uk/vol1/fastq/SRR153/024/SRR15305424/SRR15305424_2.fastq.gz	250241593;282837674	257506670b78b515f0b73df66fe605ad;3adbc10b3fe323299d2b38e6f7912701	PAIRED	ILLUMINA
SRR15305425	ftp.sra.ebi.ac.uk/vol1/fastq/SRR153/025/SRR15305425/SRR15305425_1.fastq.gz;ftp.sra.ebi.ac.uk/vol1/fastq/SRR153/025/SRR15305425/SRR15305425_2.fastq.gz	128173014;145472473	7c6986a76311231f34e19eb09ea9ed5c;f4e9772573757edbc53e857077000e9c	PAIRED	ILLUMINA
SRR15305426	ftp.sra.ebi.ac.uk/vol1/fastq/SRR153/026/SRR15305426/SRR15305426_1.fastq.gz;ftp.sra.ebi.ac.uk/vol1/fastq/SRR153/026/SRR15305426/SRR15305426_2.fastq.gz	182490535;206432225	068310c9d39e60500807575c63a23ac2;8a7f34f75c8d9ec6ce070de1a5b6d6a6	PAIRED	ILLUMINA
SRR15305427	ftp.sra.ebi.ac.uk/vol1/fastq/SRR153/027/SRR15305427/SRR15305427_1.fastq.gz;ftp.sra.ebi.ac.uk/vol1/fastq/SRR153/027/SRR15305427/SRR15305427_2.fastq.gz	294499145;332890179	9289d1e29378de25ce9c732606469e3e;1b1c534baf4a3ba3c429c7272ba261ab	PAIRED	ILLUMINA
SRR15305428	ftp.sra.ebi.ac.uk/vol1/fastq/SRR153/028/SRR15305428/SRR15305428_1.fastq.gz;ftp.sra.ebi.ac.uk/vol1/fastq/SRR153/028/SRR15305428/SRR15305428_2.fastq.gz	137345989;156890940	42b66dce395791a2eef40ec114d2b662;245ed2ccfe318b4e9d78c944d5f7e3d0	PAIRED	ILLUMINA
SRR15305429	ftp.sra.ebi.ac.uk/vol1/fastq/SRR153/029/SRR15305429/SRR15305429_1.fastq.gz;ftp.sra.ebi.ac.uk/vol1/fastq/SRR153/029/SRR15305429/SRR15305429_2.fastq.gz	238495983;266269432	98cfab98f62b34abe195faebe622206c;69d5be6de9df7c7a319c48938e3237ea	PAIRED	ILLUMINA
SRR15305430	ftp.sra.ebi.ac.uk/vol1/fastq/SRR153/030/SRR15305430/SRR15305430_1.fastq.gz;ftp.sra.ebi.ac.uk/vol1/fastq/SRR153/030/SRR15305430/SRR15305430_2.fastq.gz	172522826;195972907	e285048150eccefb345a5eb7128cee42;5a103f47a1484b35a9f8ffbe6ef15087	PAIRED	ILLUMINA
SRR15305431	ftp.sra.ebi.ac.uk/vol1/fastq/SRR153/031/SRR15305431/SRR15305431_1.fastq.gz;ftp.sra.ebi.ac.uk/vol1/fastq/SRR153/031/SRR15305431/SRR15305431_2.fastq.gz	205753846;233104546	265d1abab08f8732f7ba8a6ac81baef7;eb469b6bb8e78345bdaa801d99a6607b	PAIRED	ILLUMINA
SRR15305432	ftp.sra.ebi.ac.uk/vol1/fastq/SRR153/032/SRR15305432/SRR15305432_1.fastq.gz;ftp.sra.ebi.ac.uk/vol1/fastq/SRR153/032/SRR15305432/SRR15305432_2.fastq.gz	90453972;103775353	a75f8d664513791eb4584a118f41dd13;372578460827186ca6a8a4d9ae1953a2	PAIRED	ILLUMINA
SRR15305433	ftp.sra.ebi.ac.uk/vol1/fastq/SRR153/033/SRR15305433/SRR15305433_1.fastq.gz;ftp.sra.ebi.ac.uk/vol1/fastq/SRR153/033/SRR15305433/SRR15305433_2.fastq.gz	115277056;132529229	184cdfd19d4ce7189ba147e6e8c3be02;898d25f1cab79276b5a2af32e86f3b57	PAIRED	ILLUMINA
SRR11234662	ftp.sra.ebi.ac.uk/vol1/fastq/SRR112/062/SRR11234662/SRR11234662.fastq.gz;ftp.sra.ebi.ac.uk/vol1/fastq/SRR112/062/SRR11234662/SRR11234662_1.fastq.gz;ftp.sra.ebi.ac.uk/vol1/fastq/SRR112/062/SRR11234662/SRR11234662_2.fastq.gz	181566658;1055329398;1073010468	f13915d71dbce05fc5f6b0acb4f0656a;329a65616cfa0078328fe0547c8f3ac8;68ce63ea52c87d298e0d7c9bee9b3715	PAIRED	ILLUMINA
SRR11234661	ftp.sra.ebi.ac.uk/vol1/fastq/SRR112/061/SRR11234661/SRR11234661.fastq.gz;ftp.sra.ebi.ac.uk/vol1/fastq/SRR112/061/SRR11234661/SRR11234661_1.fastq.gz;ftp.sra.ebi.ac.uk/vol1/fastq/SRR112/061/SRR11234661/SRR11234661_2.fastq.gz	66013059;108964557;117760743	cbc6b2ec32175bfbcf897cfcded8d410;dfaedf19f64df0d20481304555f895c2;de7cfc4f176e3179d007a5704d37e3db	PAIRED	ILLUMINA
SRR11234664	ftp.sra.ebi.ac.uk/vol1/fastq/SRR112/064/SRR11234664/SRR11234664.fastq.gz;ftp.sra.ebi.ac.uk/vol1/fastq/SRR112/064/SRR11234664/SRR11234664_1.fastq.gz;ftp.sra.ebi.ac.uk/vol1/fastq/SRR112/064/SRR11234664/SRR11234664_2.fastq.gz	62235805;103739249;114166404	6c4ab72eed1e249507e71ad7594cc620;6dd6aa8dc66629ba0db1b84ff650fc95;4a89d37f2f24f3cdfa3e4e891604994b	PAIRED	ILLUMINA
SRR11234665	ftp.sra.ebi.ac.uk/vol1/fastq/SRR112/065/SRR11234665/SRR11234665.fastq.gz;ftp.sra.ebi.ac.uk/vol1/fastq/SRR112/065/SRR11234665/SRR11234665_1.fastq.gz;ftp.sra.ebi.ac.uk/vol1/fastq/SRR112/065/SRR11234665/SRR11234665_2.fastq.gz	53376385;91086669;100312716	72f2d1dc0e28ad3bf536b2c9d34eea82;4fd489507ef6a7ae6dbca2ac8fd728d3;57175f143baec6f471bf934e55933db8	PAIRED	ILLUMINA
SRR7628814	ftp.sra.ebi.ac.uk/vol1/fastq/SRR762/004/SRR7628814/SRR7628814_1.fastq.gz;ftp.sra.ebi.ac.uk/vol1/fastq/SRR762/004/SRR7628814/SRR7628814_2.fastq.gz	1682555474;1938001934	1165f76020c1a55d577ba69c42bc7ff7;79350ef03dd70e8f995bdb71b4b854b0	PAIRED	ILLUMINA
SRR2052644	ftp.sra.ebi.ac.uk/vol1/fastq/SRR205/004/SRR2052644/SRR2052644_1.fastq.gz;ftp.sra.ebi.ac.uk/vol1/fastq/SRR205/004/SRR2052644/SRR2052644_2.fastq.gz	77475149;99650906	8c5d60cb64852ecbe6c51881bc7cf26d;0966258f901b6cc5085a1871742cdd3a	PAIRED	ILLUMINA
SRR2052458	ftp.sra.ebi.ac.uk/vol1/fastq/SRR205/008/SRR2052458/SRR2052458_1.fastq.gz;ftp.sra.ebi.ac.uk/vol1/fastq/SRR205/008/SRR2052458/SRR2052458_2.fastq.gz	71626785;87573721	b64e12c4bd943d9d42bc7a344df6c070;4faba33e4e6cd3bf32a1c1871d3a9223	PAIRED	ILLUMINA
SRR2052443	ftp.sra.ebi.ac.uk/vol1/fastq/SRR205/003/SRR2052443/SRR2052443_1.fastq.gz;ftp.sra.ebi.ac.uk/vol1/fastq/SRR205/003/SRR2052443/SRR2052443_2.fastq.gz	78414322;100933416	8563ab4cee17c801bc827b973534c4e3;9c35e7f289c1ac43efc202647bed7a5b	PAIRED	ILLUMINA
SRR2052442	ftp.sra.ebi.ac.uk/vol1/fastq/SRR205/002/SRR2052442/SRR2052442_1.fastq.gz;ftp.sra.ebi.ac.uk/vol1/fastq/SRR205/002/SRR2052442/SRR2052442_2.fastq.gz	44806346;51874909	ba608be17fa1e3dda549b5fa4f372d6a;15f79e84af3246c85dcfd23b1e2d3c0e	PAIRED	ILLUMINA
SRR2052441	ftp.sra.ebi.ac.uk/vol1/fastq/SRR205/001/SRR2052441/SRR2052441_1.fastq.gz;ftp.sra.ebi.ac.uk/vol1/fastq/SRR205/001/SRR2052441/SRR2052441_2.fastq.gz	65870374;81073761	4acc5d2c3fec646dbfbdf64e457b778e;35dcb175ee19ad995903dcacde0fd941	PAIRED	ILLUMINA
SRR2052433	ftp.sra.ebi.ac.uk/vol1/fastq/SRR205/003/SRR2052433/SRR2052433_1.fastq.gz;ftp.sra.ebi.ac.uk/vol1/fastq/SRR205/003/SRR2052433/SRR2052433_2.fastq.gz	192089023;240908529	3c8051ae4a7ac23a21c3de475dd5accc;204f41c81ae80c0964f381e2d62cd6a0	PAIRED	ILLUMINA
SRR2052428	ftp.sra.ebi.ac.uk/vol1/fastq/SRR205/008/SRR2052428/SRR2052428_1.fastq.gz;ftp.sra.ebi.ac.uk/vol1/fastq/SRR205/008/SRR2052428/SRR2052428_2.fastq.gz	146539336;175630367	466664d16ef0e248fbccb114ad0ea473;bd2bc47d353a12fba32e930a891b5820	PAIRED	ILLUMINA
SRR2052427	ftp.sra.ebi.ac.uk/vol1/fastq/SRR205/007/SRR2052427/SRR2052427_1.fastq.gz;ftp.sra.ebi.ac.uk/vol1/fastq/SRR205/007/SRR2052427/SRR2052427_2.fastq.gz	100662803;125590139	06c9b97cac264dee797e87c04956be20;e92e02e36be5d7669cb71c18d60f5dce	PAIRED	ILLUMINA
SRR2052426	ftp.sra.ebi.ac.uk/vol1/fastq/SRR205/006/SRR2052426/SRR2052426_1.fastq.gz;ftp.sra.ebi.ac.uk/vol1/fastq/SRR205/006/SRR2052426/SRR2052426_2.fastq.gz	310349415;379656520	3a23ce208da1aff68e5f9a5e21f6cfca;03c891abd9ce1a26f33fa954a1adbf7d	PAIRED	ILLUMINA
SRR2052425	ftp.sra.ebi.ac.uk/vol1/fastq/SRR205/005/SRR2052425/SRR2052425_1.fastq.gz;ftp.sra.ebi.ac.uk/vol1/fastq/SRR205/005/SRR2052425/SRR2052425_2.fastq.gz	87426899;105089881	207ea0a912255ba6017c65afc71a4482;e659dbe8d7c99b65145bda856a4df1c1	PAIRED	ILLUMINA
SRR2051464	ftp.sra.ebi.ac.uk/vol1/fastq/SRR205/004/SRR2051464/SRR2051464_1.fastq.gz;ftp.sra.ebi.ac.uk/vol1/fastq/SRR205/004/SRR2051464/SRR2051464_2.fastq.gz	65602685;79548289	5bf6d7d7fd00f77fdf376cadfd9c684e;ff0c0b5c5b353fc072f04f18981fc352	PAIRED	ILLUMINA
SRR2051463	ftp.sra.ebi.ac.uk/vol1/fastq/SRR205/003/SRR2051463/SRR2051463_1.fastq.gz;ftp.sra.ebi.ac.uk/vol1/fastq/SRR205/003/SRR2051463/SRR2051463_2.fastq.gz	226698461;275904333	d92539380573c664661fcbd6b0c24e28;fff61efd31ca153e52ee54afceeb796e	PAIRED	ILLUMINA
SRR2051462	ftp.sra.ebi.ac.uk/vol1/fastq/SRR205/002/SRR2051462/SRR2051462_1.fastq.gz;ftp.sra.ebi.ac.uk/vol1/fastq/SRR205/002/SRR2051462/SRR2051462_2.fastq.gz	112075647;136777470	220d5a5e6c6d104dbab2c86b1abfe6fd;3e77f5aa83df5337c04ba400fc2b64c6	PAIRED	ILLUMINA
SRR2051461	ftp.sra.ebi.ac.uk/vol1/fastq/SRR205/001/SRR2051461/SRR2051461_1.fastq.gz;ftp.sra.ebi.ac.uk/vol1/fastq/SRR205/001/SRR2051461/SRR2051461_2.fastq.gz	31533389;38369403	c64da94343d413870be2b17544c95989;4ac6680687ec35ba5de89321229985f3	PAIRED	ILLUMINA
SRR25205298	ftp.sra.ebi.ac.uk/vol1/fastq/SRR252/098/SRR25205298/SRR25205298_1.fastq.gz;ftp.sra.ebi.ac.uk/vol1/fastq/SRR252/098/SRR25205298/SRR25205298_2.fastq.gz	123124944;123335365	21baa1b292b421661e90822527f958d7;4b6cd6bf76a456c2953cebce2d9378e5	PAIRED	ILLUMINA
SRR25205299	ftp.sra.ebi.ac.uk/vol1/fastq/SRR252/099/SRR25205299/SRR25205299_1.fastq.gz;ftp.sra.ebi.ac.uk/vol1/fastq/SRR252/099/SRR25205299/SRR25205299_2.fastq.gz	148366634;148614269	345c95de27e8ba1fecb02025cfd0b785;6d63e474285f791fd8e9bbd5ee2a2e58	PAIRED	ILLUMINA
SRR25205305	ftp.sra.ebi.ac.uk/vol1/fastq/SRR252/005/SRR25205305/SRR25205305_1.fastq.gz;ftp.sra.ebi.ac.uk/vol1/fastq/SRR252/005/SRR25205305/SRR25205305_2.fastq.gz	175959492;176153914	d5c16915bfb1a91ed6d46fd514aeb6f9;273fd2175a20a1674552c2c493357ac8	PAIRED	ILLUMINA
SRR25205306	ftp.sra.ebi.ac.uk/vol1/fastq/SRR252/006/SRR25205306/SRR25205306_1.fastq.gz;ftp.sra.ebi.ac.uk/vol1/fastq/SRR252/006/SRR25205306/SRR25205306_2.fastq.gz	150527547;150670614	dacba9f21bff8358de0f56759db6b766;d8f335d23b0c458a0d55610456838dbc	PAIRED	ILLUMINA
SRR25205307	ftp.sra.ebi.ac.uk/vol1/fastq/SRR252/007/SRR25205307/SRR25205307_1.fastq.gz;ftp.sra.ebi.ac.uk/vol1/fastq/SRR252/007/SRR25205307/SRR25205307_2.fastq.gz	140985363;140959747	b3520787c2441731c0643f5993e6e43e;2aa897048b06d7aed45625ff1455353e	PAIRED	ILLUMINA
SRR25205308	ftp.sra.ebi.ac.uk/vol1/fastq/SRR252/008/SRR25205308/SRR25205308_1.fastq.gz;ftp.sra.ebi.ac.uk/vol1/fastq/SRR252/008/SRR25205308/SRR25205308_2.fastq.gz	163348783;163403009	6a598f02a47d4e66b141fe70fe2b5473;c8dbad41b034ef11792490dac09d88fb	PAIRED	ILLUMINA
SRR25183328	ftp.sra.ebi.ac.uk/vol1/fastq/SRR251/028/SRR25183328/SRR25183328_1.fastq.gz;ftp.sra.ebi.ac.uk/vol1/fastq/SRR251/028/SRR25183328/SRR25183328_2.fastq.gz	196285990;196274387	7a5b34bf5f2cbca4ae004b82ac5493ad;8cf30257019811317c9f69a705a2acc9	PAIRED	ILLUMINA
SRR25183329	ftp.sra.ebi.ac.uk/vol1/fastq/SRR251/029/SRR25183329/SRR25183329_1.fastq.gz;ftp.sra.ebi.ac.uk/vol1/fastq/SRR251/029/SRR25183329/SRR25183329_2.fastq.gz	264257444;263236604	0e1303091950df695fd7369d3dc913ec;fde4fe90042f580b135feb22a9b91b4d	PAIRED	ILLUMINA
SRR25183330	ftp.sra.ebi.ac.uk/vol1/fastq/SRR251/030/SRR25183330/SRR25183330_1.fastq.gz;ftp.sra.ebi.ac.uk/vol1/fastq/SRR251/030/SRR25183330/SRR25183330_2.fastq.gz	190158818;188714256	254f2aedb728a1b2ee4815cd03b759ad;43e8cc0f3cadcc4a4a4cfadf21cb13a4	PAIRED	ILLUMINA
SRR25183331	ftp.sra.ebi.ac.uk/vol1/fastq/SRR251/031/SRR25183331/SRR25183331_1.fastq.gz;ftp.sra.ebi.ac.uk/vol1/fastq/SRR251/031/SRR25183331/SRR25183331_2.fastq.gz	158088772;158206464	729c1d9a5903b7c5a7817abdc41a8a1e;c02af74804bfeecf4ff20a5f8be3565c	PAIRED	ILLUMINA
SRR25181712	ftp.sra.ebi.ac.uk/vol1/fastq/SRR251/012/SRR25181712/SRR25181712_1.fastq.gz;ftp.sra.ebi.ac.uk/vol1/fastq/SRR251/012/SRR25181712/SRR25181712_2.fastq.gz	208985306;210541299	dff6977714738c238c4fd22295fe0f25;b028e80e4b3113ecfc77dd8e5001c482	PAIRED	ILLUMINA
SRR29823154	ftp.sra.ebi.ac.uk/vol1/fastq/SRR298/054/SRR29823154/SRR29823154_1.fastq.gz;ftp.sra.ebi.ac.uk/vol1/fastq/SRR298/054/SRR29823154/SRR29823154_2.fastq.gz	213801367;241962678	176bac624a81af7e84bada68d91eecd2;59e7df9fc870ca3d328d49669e8422de	PAIRED	ILLUMINA
SRR29823158	ftp.sra.ebi.ac.uk/vol1/fastq/SRR298/058/SRR29823158/SRR29823158_1.fastq.gz;ftp.sra.ebi.ac.uk/vol1/fastq/SRR298/058/SRR29823158/SRR29823158_2.fastq.gz	103873529;115249742	416a1e1ed56676604d1303bfe9c6ae8f;e0c7c3ddb308d460280889055fd763c6	PAIRED	ILLUMINA
SRR28281414	ftp.sra.ebi.ac.uk/vol1/fastq/SRR282/014/SRR28281414/SRR28281414_1.fastq.gz;ftp.sra.ebi.ac.uk/vol1/fastq/SRR282/014/SRR28281414/SRR28281414_2.fastq.gz	191692482;191812354	cd31a351634d93f0d2a15932027389e7;8ccda2d80a5803a3a865d709ae38a410	PAIRED	ILLUMINA
SRR28281415	ftp.sra.ebi.ac.uk/vol1/fastq/SRR282/015/SRR28281415/SRR28281415_1.fastq.gz;ftp.sra.ebi.ac.uk/vol1/fastq/SRR282/015/SRR28281415/SRR28281415_2.fastq.gz	201314920;201428923	b2dd4b0638295c6f330403743e262d30;7a3aca1abd02c76770256a9771cdd586	PAIRED	ILLUMINA
SRR28281416	ftp.sra.ebi.ac.uk/vol1/fastq/SRR282/016/SRR28281416/SRR28281416_1.fastq.gz;ftp.sra.ebi.ac.uk/vol1/fastq/SRR282/016/SRR28281416/SRR28281416_2.fastq.gz	196615177;196726330	c0df8e5431c5b560227ce9469f45d557;bf66e38868c7d010196ba3b73067b03a	PAIRED	ILLUMINA
SRR28281417	ftp.sra.ebi.ac.uk/vol1/fastq/SRR282/017/SRR28281417/SRR28281417_1.fastq.gz;ftp.sra.ebi.ac.uk/vol1/fastq/SRR282/017/SRR28281417/SRR28281417_2.fastq.gz	199966935;200090718	6570485698d656a4a446038ff6d5d6f3;235792fea08f8cb3d4986755610d46db	PAIRED	ILLUMINA
SRR28281454	ftp.sra.ebi.ac.uk/vol1/fastq/SRR282/054/SRR28281454/SRR28281454_1.fastq.gz;ftp.sra.ebi.ac.uk/vol1/fastq/SRR282/054/SRR28281454/SRR28281454_2.fastq.gz	182040383;182059639	15e37d00e96ff9fd8f24f0dda9631cf2;5cf21893351fbadb3c5f2834f82e562c	PAIRED	ILLUMINA
SRR29695343	ftp.sra.ebi.ac.uk/vol1/fastq/SRR296/043/SRR29695343/SRR29695343_1.fastq.gz;ftp.sra.ebi.ac.uk/vol1/fastq/SRR296/043/SRR29695343/SRR29695343_2.fastq.gz	244244158;251554427	1e5fb37a7ee3b6a932b614e56b8fa143;42adcada1b792533d6207d23481e158a	PAIRED	ILLUMINA
SRR29695344	ftp.sra.ebi.ac.uk/vol1/fastq/SRR296/044/SRR29695344/SRR29695344_1.fastq.gz;ftp.sra.ebi.ac.uk/vol1/fastq/SRR296/044/SRR29695344/SRR29695344_2.fastq.gz	244220317;252314529	b009369590733e06d611b5bcf9427cb9;9f126b757600b50acd20598e0119e072	PAIRED	ILLUMINA
SRR29695345	ftp.sra.ebi.ac.uk/vol1/fastq/SRR296/045/SRR29695345/SRR29695345_1.fastq.gz;ftp.sra.ebi.ac.uk/vol1/fastq/SRR296/045/SRR29695345/SRR29695345_2.fastq.gz	257448196;264891702	b5e81a218b55080aa8905a49939e0284;c4666439efef04627e2a0db71e0f3334	PAIRED	ILLUMINA
SRR29695152	ftp.sra.ebi.ac.uk/vol1/fastq/SRR296/052/SRR29695152/SRR29695152_1.fastq.gz;ftp.sra.ebi.ac.uk/vol1/fastq/SRR296/052/SRR29695152/SRR29695152_2.fastq.gz	28057239;29115846	64f359d1c7e0afd20c51456a537711ba;2f617851a416d897fbb6c9ae93f18b33	PAIRED	ILLUMINA
SRR29695153	ftp.sra.ebi.ac.uk/vol1/fastq/SRR296/053/SRR29695153/SRR29695153_1.fastq.gz;ftp.sra.ebi.ac.uk/vol1/fastq/SRR296/053/SRR29695153/SRR29695153_2.fastq.gz	238674765;247326579	3ced431e533c7349b78ec6820bdee8fe;a68810d210587910ad2a3af9459c4ac7	PAIRED	ILLUMINA
SRR29695113	ftp.sra.ebi.ac.uk/vol1/fastq/SRR296/013/SRR29695113/SRR29695113_1.fastq.gz;ftp.sra.ebi.ac.uk/vol1/fastq/SRR296/013/SRR29695113/SRR29695113_2.fastq.gz	242030352;249686598	20beef9608a54c3ab1c303594afc7a44;7cdd009313a7a5a2c2550cfcac31b1d6	PAIRED	ILLUMINA
SRR29695059	ftp.sra.ebi.ac.uk/vol1/fastq/SRR296/059/SRR29695059/SRR29695059_1.fastq.gz;ftp.sra.ebi.ac.uk/vol1/fastq/SRR296/059/SRR29695059/SRR29695059_2.fastq.gz	241720126;247077761	e4629568e31354949f611e0ea11e931a;bc4a191609dbacf872647a58d0dd2ab6	PAIRED	ILLUMINA
SRR29695060	ftp.sra.ebi.ac.uk/vol1/fastq/SRR296/060/SRR29695060/SRR29695060_1.fastq.gz;ftp.sra.ebi.ac.uk/vol1/fastq/SRR296/060/SRR29695060/SRR29695060_2.fastq.gz	245398332;252838889	8baab39f9ca09ee085b9ad663a9e5f1a;dfc2a32d1eab2f3179733d2b99e44155	PAIRED	ILLUMINA
SRR29694808	ftp.sra.ebi.ac.uk/vol1/fastq/SRR296/008/SRR29694808/SRR29694808_1.fastq.gz;ftp.sra.ebi.ac.uk/vol1/fastq/SRR296/008/SRR29694808/SRR29694808_2.fastq.gz	242161692;251605157	d719fc2f311662961ca542a4c041f2ad;0a490895a268b02b95b2f76115378f7d	PAIRED	ILLUMINA
SRR29694809	ftp.sra.ebi.ac.uk/vol1/fastq/SRR296/009/SRR29694809/SRR29694809_1.fastq.gz;ftp.sra.ebi.ac.uk/vol1/fastq/SRR296/009/SRR29694809/SRR29694809_2.fastq.gz	70595836;72914912	c49783d50e87292ce85dd96a425fae8f;9f6f1830bf40028b4f586077e7e8ee74	PAIRED	ILLUMINA
SRR29694607	ftp.sra.ebi.ac.uk/vol1/fastq/SRR296/007/SRR29694607/SRR29694607_1.fastq.gz;ftp.sra.ebi.ac.uk/vol1/fastq/SRR296/007/SRR29694607/SRR29694607_2.fastq.gz	246237665;254284967	3a0ad976e1c487fda16f1efe94a8a72d;bd1a702f2949fda0752cddffaea046a5	PAIRED	ILLUMINA
SRR29694608	ftp.sra.ebi.ac.uk/vol1/fastq/SRR296/008/SRR29694608/SRR29694608_1.fastq.gz;ftp.sra.ebi.ac.uk/vol1/fastq/SRR296/008/SRR29694608/SRR29694608_2.fastq.gz	260174802;269034723	e9dce50bb90eb865249c7af43a0676a0;f3cd251b6babe67a83e3c303732dd0db	PAIRED	ILLUMINA
SRR29694609	ftp.sra.ebi.ac.uk/vol1/fastq/SRR296/009/SRR29694609/SRR29694609_1.fastq.gz;ftp.sra.ebi.ac.uk/vol1/fastq/SRR296/009/SRR29694609/SRR29694609_2.fastq.gz	235498820;246182059	6f2d2c7ebae3c600cf77b76def00b680;8e515235082a685a954655277390201f	PAIRED	ILLUMINA
SRR29692752	ftp.sra.ebi.ac.uk/vol1/fastq/SRR296/052/SRR29692752/SRR29692752_1.fastq.gz;ftp.sra.ebi.ac.uk/vol1/fastq/SRR296/052/SRR29692752/SRR29692752_2.fastq.gz	228612987;234811532	b07e19b3053845668593af4fe16d2488;1308e1f2bfb02e78307a3a0fea779f0e	PAIRED	ILLUMINA
SRR29692753	ftp.sra.ebi.ac.uk/vol1/fastq/SRR296/053/SRR29692753/SRR29692753_1.fastq.gz;ftp.sra.ebi.ac.uk/vol1/fastq/SRR296/053/SRR29692753/SRR29692753_2.fastq.gz	94824196;98240263	239777f189500f106e21e4711745a089;ea38677d390375e0eb6ad32c68d63b55	PAIRED	ILLUMINA
SRR29692755	ftp.sra.ebi.ac.uk/vol1/fastq/SRR296/055/SRR29692755/SRR29692755_1.fastq.gz;ftp.sra.ebi.ac.uk/vol1/fastq/SRR296/055/SRR29692755/SRR29692755_2.fastq.gz	254336413;262435341	2e69cf1ee6e143fdb4057aaa9c22ffa0;a0b62c31a2553fdd2575620a64cce606	PAIRED	ILLUMINA
SRR29692757	ftp.sra.ebi.ac.uk/vol1/fastq/SRR296/057/SRR29692757/SRR29692757_1.fastq.gz;ftp.sra.ebi.ac.uk/vol1/fastq/SRR296/057/SRR29692757/SRR29692757_2.fastq.gz	245689394;255517601	e5693524cf22778a85b70747eb18681a;ed7df2edddec82f8cd4377a88db2664d	PAIRED	ILLUMINA
SRR29692758	ftp.sra.ebi.ac.uk/vol1/fastq/SRR296/058/SRR29692758/SRR29692758_1.fastq.gz;ftp.sra.ebi.ac.uk/vol1/fastq/SRR296/058/SRR29692758/SRR29692758_2.fastq.gz	244653884;251238301	33272e5b02e3e1ca3a6055ce81012a5c;17b2e82852f10887a04d6834ca88ec7a	PAIRED	ILLUMINA
SRR29692759	ftp.sra.ebi.ac.uk/vol1/fastq/SRR296/059/SRR29692759/SRR29692759_1.fastq.gz;ftp.sra.ebi.ac.uk/vol1/fastq/SRR296/059/SRR29692759/SRR29692759_2.fastq.gz	243411761;250717618	c6855b10680534cc8795ad7a76cb39a2;1e2b5e7394ad322fcb5646a07172aead	PAIRED	ILLUMINA
SRR29692760	ftp.sra.ebi.ac.uk/vol1/fastq/SRR296/060/SRR29692760/SRR29692760_1.fastq.gz;ftp.sra.ebi.ac.uk/vol1/fastq/SRR296/060/SRR29692760/SRR29692760_2.fastq.gz	245267878;252710164	c596d58ae0a60eee5ac788831de03015;8c1cf309bdb182dea08aa1b1a84164a0	PAIRED	ILLUMINA
SRR29692761	ftp.sra.ebi.ac.uk/vol1/fastq/SRR296/061/SRR29692761/SRR29692761_1.fastq.gz;ftp.sra.ebi.ac.uk/vol1/fastq/SRR296/061/SRR29692761/SRR29692761_2.fastq.gz	244873653;252970785	376bb7a68f6ef85f854ff060f3780a2d;99ac98490968b24a793a0537e23db8c8	PAIRED	ILLUMINA
SRR29692762	ftp.sra.ebi.ac.uk/vol1/fastq/SRR296/062/SRR29692762/SRR29692762_1.fastq.gz;ftp.sra.ebi.ac.uk/vol1/fastq/SRR296/062/SRR29692762/SRR29692762_2.fastq.gz	248382024;257612032	e8e06dcd79b165c1fae8c9f9cb20ae3a;98d320f3848e3bcd7609829428d7ee37	PAIRED	ILLUMINA
SRR29655428	ftp.sra.ebi.ac.uk/vol1/fastq/SRR296/028/SRR29655428/SRR29655428_1.fastq.gz;ftp.sra.ebi.ac.uk/vol1/fastq/SRR296/028/SRR29655428/SRR29655428_2.fastq.gz	248965497;257686484	f017d5105c622c0ebfea2b7766335d98;58b76528c507b3e3ef5d9c38ae34e7e3	PAIRED	ILLUMINA
SRR29655429	ftp.sra.ebi.ac.uk/vol1/fastq/SRR296/029/SRR29655429/SRR29655429_1.fastq.gz;ftp.sra.ebi.ac.uk/vol1/fastq/SRR296/029/SRR29655429/SRR29655429_2.fastq.gz	245254316;254979740	3ee24ae36fc03d8005861f8b620ff947;ff7ba14222e1e28a31cd60064bba657a	PAIRED	ILLUMINA
SRR29655430	ftp.sra.ebi.ac.uk/vol1/fastq/SRR296/030/SRR29655430/SRR29655430_1.fastq.gz;ftp.sra.ebi.ac.uk/vol1/fastq/SRR296/030/SRR29655430/SRR29655430_2.fastq.gz	240008011;245632296	039db521c28f49d063113531139f9a44;452c4b15053f6c9f4a9ca0cde758be00	PAIRED	ILLUMINA
SRR29655431	ftp.sra.ebi.ac.uk/vol1/fastq/SRR296/031/SRR29655431/SRR29655431_1.fastq.gz;ftp.sra.ebi.ac.uk/vol1/fastq/SRR296/031/SRR29655431/SRR29655431_2.fastq.gz	52362181;54665320	70db977c58eeda8362ec32a7b8f5cd55;1e40d40957c0324ba0c36441b9f8af70	PAIRED	ILLUMINA
SRR29655432	ftp.sra.ebi.ac.uk/vol1/fastq/SRR296/032/SRR29655432/SRR29655432_1.fastq.gz;ftp.sra.ebi.ac.uk/vol1/fastq/SRR296/032/SRR29655432/SRR29655432_2.fastq.gz	252478972;263288964	71b60ec83308ae82fec2b0776d878c4a;b9beed73cba1beebfcc9bb9f233a8299	PAIRED	ILLUMINA
SRR29655369	ftp.sra.ebi.ac.uk/vol1/fastq/SRR296/069/SRR29655369/SRR29655369_1.fastq.gz;ftp.sra.ebi.ac.uk/vol1/fastq/SRR296/069/SRR29655369/SRR29655369_2.fastq.gz	237360792;244611109	66c876b63c5072e3931d32071157fb0b;e9b7d74869ca7a3461d4c691487d8b35	PAIRED	ILLUMINA
SRR29655370	ftp.sra.ebi.ac.uk/vol1/fastq/SRR296/070/SRR29655370/SRR29655370_1.fastq.gz;ftp.sra.ebi.ac.uk/vol1/fastq/SRR296/070/SRR29655370/SRR29655370_2.fastq.gz	245407654;254398321	56e066f00f10d3d624fc943b59a87c85;5794279b53e031d6701e8ff1dc790901	PAIRED	ILLUMINA
SRR29655371	ftp.sra.ebi.ac.uk/vol1/fastq/SRR296/071/SRR29655371/SRR29655371_1.fastq.gz;ftp.sra.ebi.ac.uk/vol1/fastq/SRR296/071/SRR29655371/SRR29655371_2.fastq.gz	223805605;231973978	72b4f8a17d3016a234672d8e61fd523b;bb77de89fe05f6c6fcc1f31dfb6fd961	PAIRED	ILLUMINA
SRR29654664	ftp.sra.ebi.ac.uk/vol1/fastq/SRR296/064/SRR29654664/SRR29654664_1.fastq.gz;ftp.sra.ebi.ac.uk/vol1/fastq/SRR296/064/SRR29654664/SRR29654664_2.fastq.gz	245008516;251638269	611e300eb483dd16ff3334b643bb2922;5ccffe2f845ee10e6bbf968b82c582ab	PAIRED	ILLUMINA
SRR29654665	ftp.sra.ebi.ac.uk/vol1/fastq/SRR296/065/SRR29654665/SRR29654665_1.fastq.gz;ftp.sra.ebi.ac.uk/vol1/fastq/SRR296/065/SRR29654665/SRR29654665_2.fastq.gz	247431046;254640162	70bdf4a964f966f142d5988c31888fef;3b32d7213da40b223be337f02da4374b	PAIRED	ILLUMINA
SRR29654666	ftp.sra.ebi.ac.uk/vol1/fastq/SRR296/066/SRR29654666/SRR29654666_1.fastq.gz;ftp.sra.ebi.ac.uk/vol1/fastq/SRR296/066/SRR29654666/SRR29654666_2.fastq.gz	239602083;246331208	d15993bd658c127f2e7dc5bbc6ee4338;d49fc3c69fb00af6da0eca614eb5fea8	PAIRED	ILLUMINA
SRR29654667	ftp.sra.ebi.ac.uk/vol1/fastq/SRR296/067/SRR29654667/SRR29654667_1.fastq.gz;ftp.sra.ebi.ac.uk/vol1/fastq/SRR296/067/SRR29654667/SRR29654667_2.fastq.gz	250885373;258955768	511bb35060581256f9db6957f32abf06;69a6acf78dcfc9cac75ac47109a986a5	PAIRED	ILLUMINA
SRR29654668	ftp.sra.ebi.ac.uk/vol1/fastq/SRR296/068/SRR29654668/SRR29654668_1.fastq.gz;ftp.sra.ebi.ac.uk/vol1/fastq/SRR296/068/SRR29654668/SRR29654668_2.fastq.gz	251015953;258098424	2f24a1612cc77541bb44f20a8ba6476c;a3415014eda7876a15ffcfb7e020de0a	PAIRED	ILLUMINA
SRR29654669	ftp.sra.ebi.ac.uk/vol1/fastq/SRR296/069/SRR29654669/SRR29654669_1.fastq.gz;ftp.sra.ebi.ac.uk/vol1/fastq/SRR296/069/SRR29654669/SRR29654669_2.fastq.gz	247563877;254246474	7a3cfab4f80f3d9607c781a04453987f;41b886aacf1649c9533cdee678ca6b94	PAIRED	ILLUMINA
SRR29654670	ftp.sra.ebi.ac.uk/vol1/fastq/SRR296/070/SRR29654670/SRR29654670_1.fastq.gz;ftp.sra.ebi.ac.uk/vol1/fastq/SRR296/070/SRR29654670/SRR29654670_2.fastq.gz	245641927;252826112	605ce7062e67a8fe980d5a3a001a51e0;2f12a7cf9f0df7993d33e71d6ce99331	PAIRED	ILLUMINA
SRR29654671	ftp.sra.ebi.ac.uk/vol1/fastq/SRR296/071/SRR29654671/SRR29654671_1.fastq.gz;ftp.sra.ebi.ac.uk/vol1/fastq/SRR296/071/SRR29654671/SRR29654671_2.fastq.gz	240112887;245860709	d3d3838a7761415046b8c8190e882672;7ec4c767e2f76581d0f2b679cf37b161	PAIRED	ILLUMINA
SRR29654627	ftp.sra.ebi.ac.uk/vol1/fastq/SRR296/027/SRR29654627/SRR29654627_1.fastq.gz;ftp.sra.ebi.ac.uk/vol1/fastq/SRR296/027/SRR29654627/SRR29654627_2.fastq.gz	243110019;250217798	fcca828cdbeace62fdca85ba75023a77;0c6d94f9a3cc4249a3ffbc703538b97a	PAIRED	ILLUMINA
SRR29654628	ftp.sra.ebi.ac.uk/vol1/fastq/SRR296/028/SRR29654628/SRR29654628_1.fastq.gz;ftp.sra.ebi.ac.uk/vol1/fastq/SRR296/028/SRR29654628/SRR29654628_2.fastq.gz	242343954;249130657	b517deab43d98a66a2a39d2848f2fc54;0e549ee2f18a0e22c8d1c1aa93cbe92e	PAIRED	ILLUMINA
SRR29654629	ftp.sra.ebi.ac.uk/vol1/fastq/SRR296/029/SRR29654629/SRR29654629_1.fastq.gz;ftp.sra.ebi.ac.uk/vol1/fastq/SRR296/029/SRR29654629/SRR29654629_2.fastq.gz	242639713;249745606	2fe08c7034faac1189191b83fa971402;8f7c9977adaaedfa156a58e31a353264	PAIRED	ILLUMINA
SRR29654630	ftp.sra.ebi.ac.uk/vol1/fastq/SRR296/030/SRR29654630/SRR29654630_1.fastq.gz;ftp.sra.ebi.ac.uk/vol1/fastq/SRR296/030/SRR29654630/SRR29654630_2.fastq.gz	244762998;251314657	27092df99327adff3a4a5f8570211c89;f0972cf3ba8213f763952e4b3718b07e	PAIRED	ILLUMINA
SRR29654624	ftp.sra.ebi.ac.uk/vol1/fastq/SRR296/024/SRR29654624/SRR29654624_1.fastq.gz;ftp.sra.ebi.ac.uk/vol1/fastq/SRR296/024/SRR29654624/SRR29654624_2.fastq.gz	225229433;233823399	53c058b7d0ddce9ad74ec686fe0bbd3b;8d1982a5c23b04cc419eac3ee5897107	PAIRED	ILLUMINA
SRR29654625	ftp.sra.ebi.ac.uk/vol1/fastq/SRR296/025/SRR29654625/SRR29654625_1.fastq.gz;ftp.sra.ebi.ac.uk/vol1/fastq/SRR296/025/SRR29654625/SRR29654625_2.fastq.gz	244706685;251463019	d9aef9bc93bc9310aa9f0afd5b83ac97;0371dd1489b7a50db05587d8421f72a6	PAIRED	ILLUMINA
SRR29651786	ftp.sra.ebi.ac.uk/vol1/fastq/SRR296/086/SRR29651786/SRR29651786_1.fastq.gz;ftp.sra.ebi.ac.uk/vol1/fastq/SRR296/086/SRR29651786/SRR29651786_2.fastq.gz	202972708;211276517	0f66009bc7543e00e9436f16473f7e7a;9e88fb615c81584053e6b3cd54e822f7	PAIRED	ILLUMINA
SRR29651787	ftp.sra.ebi.ac.uk/vol1/fastq/SRR296/087/SRR29651787/SRR29651787_1.fastq.gz;ftp.sra.ebi.ac.uk/vol1/fastq/SRR296/087/SRR29651787/SRR29651787_2.fastq.gz	249332961;256600996	4f555990e1d179b454c68a025414e658;feff46add38869ae8235789c372ea526	PAIRED	ILLUMINA
SRR29651788	ftp.sra.ebi.ac.uk/vol1/fastq/SRR296/088/SRR29651788/SRR29651788_1.fastq.gz;ftp.sra.ebi.ac.uk/vol1/fastq/SRR296/088/SRR29651788/SRR29651788_2.fastq.gz	249769055;257148826	53e1b0575860b81c9b4cbd92b6bae877;4c54fe57ee663d7fd96383395d0172e2	PAIRED	ILLUMINA
SRR29651789	ftp.sra.ebi.ac.uk/vol1/fastq/SRR296/089/SRR29651789/SRR29651789_1.fastq.gz;ftp.sra.ebi.ac.uk/vol1/fastq/SRR296/089/SRR29651789/SRR29651789_2.fastq.gz	243758852;250264782	3468b7f7ecb7efc5ea02e4888cbfa2a8;716f86622b91b7fc1da81ef9d37e78ad	PAIRED	ILLUMINA
SRR29651790	ftp.sra.ebi.ac.uk/vol1/fastq/SRR296/090/SRR29651790/SRR29651790_1.fastq.gz;ftp.sra.ebi.ac.uk/vol1/fastq/SRR296/090/SRR29651790/SRR29651790_2.fastq.gz	239242215;245508533	947d852faaa90e6668e7774796c71e0d;7376c500ca9055dfd4280e3c38aa8487	PAIRED	ILLUMINA
SRR29651791	ftp.sra.ebi.ac.uk/vol1/fastq/SRR296/091/SRR29651791/SRR29651791_1.fastq.gz;ftp.sra.ebi.ac.uk/vol1/fastq/SRR296/091/SRR29651791/SRR29651791_2.fastq.gz	235370393;239382147	8f8344413acdb5aacf24c7ef1d07ae56;4335610c33bc38b78ae04c9ea7c7b4e8	PAIRED	ILLUMINA
SRR29644157	ftp.sra.ebi.ac.uk/vol1/fastq/SRR296/057/SRR29644157/SRR29644157_1.fastq.gz;ftp.sra.ebi.ac.uk/vol1/fastq/SRR296/057/SRR29644157/SRR29644157_2.fastq.gz	243464968;250584299	21378639339ec549c4933374f365eb9f;08c887c7a50368730952521d115f29df	PAIRED	ILLUMINA
SRR29644158	ftp.sra.ebi.ac.uk/vol1/fastq/SRR296/058/SRR29644158/SRR29644158_1.fastq.gz;ftp.sra.ebi.ac.uk/vol1/fastq/SRR296/058/SRR29644158/SRR29644158_2.fastq.gz	241966051;249357804	0ced64bbe786c430a4d7ab83a2f304e3;cd37149253d5591278839c3aec985b88	PAIRED	ILLUMINA
SRR29644159	ftp.sra.ebi.ac.uk/vol1/fastq/SRR296/059/SRR29644159/SRR29644159_1.fastq.gz;ftp.sra.ebi.ac.uk/vol1/fastq/SRR296/059/SRR29644159/SRR29644159_2.fastq.gz	241924863;249249969	b42f0243f05c2e85280e7219afd91c80;10b81dce868f95a83c4024e178a90a97	PAIRED	ILLUMINA
SRR29644174	ftp.sra.ebi.ac.uk/vol1/fastq/SRR296/074/SRR29644174/SRR29644174_1.fastq.gz;ftp.sra.ebi.ac.uk/vol1/fastq/SRR296/074/SRR29644174/SRR29644174_2.fastq.gz	246273748;253519881	13eab17ac908a5ba130d713c9f3dcc5c;534414abca7702b0c354fc1ce9cb1abc	PAIRED	ILLUMINA
SRR29644179	ftp.sra.ebi.ac.uk/vol1/fastq/SRR296/079/SRR29644179/SRR29644179_1.fastq.gz;ftp.sra.ebi.ac.uk/vol1/fastq/SRR296/079/SRR29644179/SRR29644179_2.fastq.gz	241776982;247719247	53362971cc66fcb94508420570db3030;2494a97989fc2eba47b2ef702a7651dd	PAIRED	ILLUMINA
SRR29644183	ftp.sra.ebi.ac.uk/vol1/fastq/SRR296/083/SRR29644183/SRR29644183_1.fastq.gz;ftp.sra.ebi.ac.uk/vol1/fastq/SRR296/083/SRR29644183/SRR29644183_2.fastq.gz	239626368;245986147	e2787cf964bd63927302c5768459435f;181b193ce41e8e1e2212309992b72515	PAIRED	ILLUMINA
SRR29501485	ftp.sra.ebi.ac.uk/vol1/fastq/SRR295/085/SRR29501485/SRR29501485_1.fastq.gz;ftp.sra.ebi.ac.uk/vol1/fastq/SRR295/085/SRR29501485/SRR29501485_2.fastq.gz	244419770;250587912	7910c049198e230f76da63104e608c95;74784cd9f381e2a6178275cbd2d70b3e	PAIRED	ILLUMINA
SRR29501486	ftp.sra.ebi.ac.uk/vol1/fastq/SRR295/086/SRR29501486/SRR29501486_1.fastq.gz;ftp.sra.ebi.ac.uk/vol1/fastq/SRR295/086/SRR29501486/SRR29501486_2.fastq.gz	242111388;247935047	203bc9a02916506aad3191266852893a;4128b5e09fd39b4ee4f117f19c62f202	PAIRED	ILLUMINA
SRR29334729	ftp.sra.ebi.ac.uk/vol1/fastq/SRR293/029/SRR29334729/SRR29334729_1.fastq.gz;ftp.sra.ebi.ac.uk/vol1/fastq/SRR293/029/SRR29334729/SRR29334729_2.fastq.gz	65576413;68874426	7a02c313833893f03fa7b111fae52d44;ca5aacde9100d25dba7852892c734b3c	PAIRED	ILLUMINA
SRR29823150	ftp.sra.ebi.ac.uk/vol1/fastq/SRR298/050/SRR29823150/SRR29823150_1.fastq.gz;ftp.sra.ebi.ac.uk/vol1/fastq/SRR298/050/SRR29823150/SRR29823150_2.fastq.gz	178240757;200163649	c11a0bb63a33611b20e519cbb120ba8f;14ad741176b09a38ac9c5a4f4775c1cd	PAIRED	ILLUMINA
SRR29823151	ftp.sra.ebi.ac.uk/vol1/fastq/SRR298/051/SRR29823151/SRR29823151_1.fastq.gz;ftp.sra.ebi.ac.uk/vol1/fastq/SRR298/051/SRR29823151/SRR29823151_2.fastq.gz	277201715;305885682	297e75f64a7479f5d7187cb935b36be5;29d37917c5ae93c0fcfdc943c35520c5	PAIRED	ILLUMINA
SRR29823152	ftp.sra.ebi.ac.uk/vol1/fastq/SRR298/052/SRR29823152/SRR29823152_1.fastq.gz;ftp.sra.ebi.ac.uk/vol1/fastq/SRR298/052/SRR29823152/SRR29823152_2.fastq.gz	136158408;154127150	b8b54e050d81917b203bdb2737ebf307;2f01048b4bbb75565d4a7b950d3e70e1	PAIRED	ILLUMINA
SRR29823153	ftp.sra.ebi.ac.uk/vol1/fastq/SRR298/053/SRR29823153/SRR29823153_1.fastq.gz;ftp.sra.ebi.ac.uk/vol1/fastq/SRR298/053/SRR29823153/SRR29823153_2.fastq.gz	169190017;188065607	aecd3e146b95022c931581f33987ac1b;c65a2c1cfafd5809dfb9243951b7da06	PAIRED	ILLUMINA
SRR29823155	ftp.sra.ebi.ac.uk/vol1/fastq/SRR298/055/SRR29823155/SRR29823155_1.fastq.gz;ftp.sra.ebi.ac.uk/vol1/fastq/SRR298/055/SRR29823155/SRR29823155_2.fastq.gz	128009197;143777902	2b25951433a439b0e4a5d071d379098c;74252f68b01fd7ad42ac8de7ae25b5eb	PAIRED	ILLUMINA
SRR29823156	ftp.sra.ebi.ac.uk/vol1/fastq/SRR298/056/SRR29823156/SRR29823156_1.fastq.gz;ftp.sra.ebi.ac.uk/vol1/fastq/SRR298/056/SRR29823156/SRR29823156_2.fastq.gz	56789010;64662643	e03e3b21f84e59886afa0bce9b759ffb;e76f07883ab647320ba1c95ef1e6ce81	PAIRED	ILLUMINA
SRR29823157	ftp.sra.ebi.ac.uk/vol1/fastq/SRR298/057/SRR29823157/SRR29823157_1.fastq.gz;ftp.sra.ebi.ac.uk/vol1/fastq/SRR298/057/SRR29823157/SRR29823157_2.fastq.gz	196245430;222487540	a3cf0ab3bd3af7d63bd58c9433ca6a5e;c55d15bbc50e2ce0515be5672cd4b2f4	PAIRED	ILLUMINA
SRR29823159	ftp.sra.ebi.ac.uk/vol1/fastq/SRR298/059/SRR29823159/SRR29823159_1.fastq.gz;ftp.sra.ebi.ac.uk/vol1/fastq/SRR298/059/SRR29823159/SRR29823159_2.fastq.gz	148699364;164786317	c5504a8c9d61d8b3f3f52e7e502ebffb;b1a7a803a9b06f11d627c6f4c48f9d81	PAIRED	ILLUMINA
SRR29823160	ftp.sra.ebi.ac.uk/vol1/fastq/SRR298/060/SRR29823160/SRR29823160_1.fastq.gz;ftp.sra.ebi.ac.uk/vol1/fastq/SRR298/060/SRR29823160/SRR29823160_2.fastq.gz	90330268;102271423	24873fc572456e5e083a809c9aeca637;3855c12134381007152ad89b0c3f23f6	PAIRED	ILLUMINA
SRR29823161	ftp.sra.ebi.ac.uk/vol1/fastq/SRR298/061/SRR29823161/SRR29823161_1.fastq.gz;ftp.sra.ebi.ac.uk/vol1/fastq/SRR298/061/SRR29823161/SRR29823161_2.fastq.gz	132235650;148084329	d8e0ed93caecf25801b3bdcea8ca9df7;f93f34da010c8e6e3ba1c86323ce6ae0	PAIRED	ILLUMINA
SRR29823162	ftp.sra.ebi.ac.uk/vol1/fastq/SRR298/062/SRR29823162/SRR29823162_1.fastq.gz;ftp.sra.ebi.ac.uk/vol1/fastq/SRR298/062/SRR29823162/SRR29823162_2.fastq.gz	232077562;262905785	2010031ec8cd0e120a2bcdeb858a523b;178c5ad1911bca90e51143724d5fe266	PAIRED	ILLUMINA
SRR29823163	ftp.sra.ebi.ac.uk/vol1/fastq/SRR298/063/SRR29823163/SRR29823163_1.fastq.gz;ftp.sra.ebi.ac.uk/vol1/fastq/SRR298/063/SRR29823163/SRR29823163_2.fastq.gz	187933384;215871388	2001500d77bcfefb96f007a3e24bab27;66d905833d6f3e1f627cf3f3906e46e7	PAIRED	ILLUMINA
SRR29823164	ftp.sra.ebi.ac.uk/vol1/fastq/SRR298/064/SRR29823164/SRR29823164_1.fastq.gz;ftp.sra.ebi.ac.uk/vol1/fastq/SRR298/064/SRR29823164/SRR29823164_2.fastq.gz	47115811;50086918	6de5d0a44a8f9d99bf51afea947e3fe3;c845485598eaca8eb0f2f8d16d35b865	PAIRED	ILLUMINA
SRR29823165	ftp.sra.ebi.ac.uk/vol1/fastq/SRR298/065/SRR29823165/SRR29823165_1.fastq.gz;ftp.sra.ebi.ac.uk/vol1/fastq/SRR298/065/SRR29823165/SRR29823165_2.fastq.gz	233429857;262045525	0eb470bdca07093809aae783492b42c7;b0eef47c8a91d8b15d86770ce7798e1b	PAIRED	ILLUMINA
SRR29823100	ftp.sra.ebi.ac.uk/vol1/fastq/SRR298/000/SRR29823100/SRR29823100_1.fastq.gz;ftp.sra.ebi.ac.uk/vol1/fastq/SRR298/000/SRR29823100/SRR29823100_2.fastq.gz	200396845;225729966	4e32d92a53d5c80bff5783323b0179f9;17119af7f725063388b009a9eb25a68f	PAIRED	ILLUMINA
SRR29823102	ftp.sra.ebi.ac.uk/vol1/fastq/SRR298/002/SRR29823102/SRR29823102_1.fastq.gz;ftp.sra.ebi.ac.uk/vol1/fastq/SRR298/002/SRR29823102/SRR29823102_2.fastq.gz	54366950;62016852	92121d5bb7931244e980e80a72bbb45a;fdc08da937456647a1c42919c2836898	PAIRED	ILLUMINA
SRR30327311	ftp.sra.ebi.ac.uk/vol1/fastq/SRR303/011/SRR30327311/SRR30327311_1.fastq.gz;ftp.sra.ebi.ac.uk/vol1/fastq/SRR303/011/SRR30327311/SRR30327311_2.fastq.gz	156493345;183410294	759cf079cd7eeb076a4a3192d2bf2865;43a96fc2ce8676b6cae3d1343a788ffd	PAIRED	ILLUMINA
SRR30327312	ftp.sra.ebi.ac.uk/vol1/fastq/SRR303/012/SRR30327312/SRR30327312_1.fastq.gz;ftp.sra.ebi.ac.uk/vol1/fastq/SRR303/012/SRR30327312/SRR30327312_2.fastq.gz	115524251;142918952	cb34dd31e6834c2d121b086b47657cb3;fde53e20cc8cf943df45a10ce34d7836	PAIRED	ILLUMINA
SRR30327313	ftp.sra.ebi.ac.uk/vol1/fastq/SRR303/013/SRR30327313/SRR30327313_1.fastq.gz;ftp.sra.ebi.ac.uk/vol1/fastq/SRR303/013/SRR30327313/SRR30327313_2.fastq.gz	131368823;163373831	4b84f9aa314b208a2bdda932135b810e;cf74644e7843677c26534c325188771a	PAIRED	ILLUMINA
SRR30327314	ftp.sra.ebi.ac.uk/vol1/fastq/SRR303/014/SRR30327314/SRR30327314_1.fastq.gz;ftp.sra.ebi.ac.uk/vol1/fastq/SRR303/014/SRR30327314/SRR30327314_2.fastq.gz	102971774;100208089	1ba4619feaae8dac479d814a01244710;6544306473a04fcf354ae6804a233358	PAIRED	ILLUMINA
SRR30327315	ftp.sra.ebi.ac.uk/vol1/fastq/SRR303/015/SRR30327315/SRR30327315_1.fastq.gz;ftp.sra.ebi.ac.uk/vol1/fastq/SRR303/015/SRR30327315/SRR30327315_2.fastq.gz	118366034;143675687	687841885f199da005d95cae000f5651;d168bccf357efa0a38ab0eb3da320044	PAIRED	ILLUMINA
SRR21684635	ftp.sra.ebi.ac.uk/vol1/fastq/SRR216/035/SRR21684635/SRR21684635_1.fastq.gz;ftp.sra.ebi.ac.uk/vol1/fastq/SRR216/035/SRR21684635/SRR21684635_2.fastq.gz	225826706;227420251	6c5c928152013adf6641f66ad7c09581;ba1490bfb40524d375d19b331d37f584	PAIRED	ILLUMINA
SRR37629061	ftp.sra.ebi.ac.uk/vol1/fastq/SRR376/061/SRR37629061/SRR37629061_1.fastq.gz;ftp.sra.ebi.ac.uk/vol1/fastq/SRR376/061/SRR37629061/SRR37629061_2.fastq.gz	552959301;554598652	3de33345ff9d45abd49175c3a7314a49;134bf99f4169c0d1e24370fc1ac4af17	PAIRED	ILLUMINA
SRR37629063	ftp.sra.ebi.ac.uk/vol1/fastq/SRR376/063/SRR37629063/SRR37629063_1.fastq.gz;ftp.sra.ebi.ac.uk/vol1/fastq/SRR376/063/SRR37629063/SRR37629063_2.fastq.gz	558558084;561229924	e30a1512edffc3a354e2f118dbc98a04;3e6bca44755d1c660d78485cc04ce9d7	PAIRED	ILLUMINA
SRR37629068	ftp.sra.ebi.ac.uk/vol1/fastq/SRR376/068/SRR37629068/SRR37629068_1.fastq.gz;ftp.sra.ebi.ac.uk/vol1/fastq/SRR376/068/SRR37629068/SRR37629068_2.fastq.gz	520544709;521384504	c05aa970d13bfe709f9820cfbb062f8a;8c87a640df005426c9e56ddb17195ef3	PAIRED	ILLUMINA
SRR37629069	ftp.sra.ebi.ac.uk/vol1/fastq/SRR376/069/SRR37629069/SRR37629069_1.fastq.gz;ftp.sra.ebi.ac.uk/vol1/fastq/SRR376/069/SRR37629069/SRR37629069_2.fastq.gz	647687818;651160312	28d69a54ecb5ebf07ffc93bd6a50953e;9b41001835ec7de8dcdffc616e8038de	PAIRED	ILLUMINA
SRR37629070	ftp.sra.ebi.ac.uk/vol1/fastq/SRR376/070/SRR37629070/SRR37629070_1.fastq.gz;ftp.sra.ebi.ac.uk/vol1/fastq/SRR376/070/SRR37629070/SRR37629070_2.fastq.gz	794508572;796506936	29d7ded519eb3cdb1b7df7653008eb40;849c23b5b84ac75514cbc47963929493	PAIRED	ILLUMINA
SRR37629071	ftp.sra.ebi.ac.uk/vol1/fastq/SRR376/071/SRR37629071/SRR37629071_1.fastq.gz;ftp.sra.ebi.ac.uk/vol1/fastq/SRR376/071/SRR37629071/SRR37629071_2.fastq.gz	590265452;591391283	928e097377ba950fb084f6ab430af9e8;2c96d8dbc7e2e2e54a3ee8e4439d5c31	PAIRED	ILLUMINA
SRR37629073	ftp.sra.ebi.ac.uk/vol1/fastq/SRR376/073/SRR37629073/SRR37629073_1.fastq.gz;ftp.sra.ebi.ac.uk/vol1/fastq/SRR376/073/SRR37629073/SRR37629073_2.fastq.gz	553501982;554005207	0feb230104f921c4e32a185029c6409f;1c959b15d77a0054211dae97329fc6e2	PAIRED	ILLUMINA
SRR37629074	ftp.sra.ebi.ac.uk/vol1/fastq/SRR376/074/SRR37629074/SRR37629074_1.fastq.gz;ftp.sra.ebi.ac.uk/vol1/fastq/SRR376/074/SRR37629074/SRR37629074_2.fastq.gz	530686044;532478546	9a011473ced4075b04eca3c6f0da10ea;49a6677bfabe091ce1347146686996de	PAIRED	ILLUMINA
SRR37629075	ftp.sra.ebi.ac.uk/vol1/fastq/SRR376/075/SRR37629075/SRR37629075_1.fastq.gz;ftp.sra.ebi.ac.uk/vol1/fastq/SRR376/075/SRR37629075/SRR37629075_2.fastq.gz	492123688;494488274	c30edd87279680e32e654d7beb99a8df;aae10399f2ab62baf661fc0100e0c6ce	PAIRED	ILLUMINA
SRR37629088	ftp.sra.ebi.ac.uk/vol1/fastq/SRR376/088/SRR37629088/SRR37629088_1.fastq.gz;ftp.sra.ebi.ac.uk/vol1/fastq/SRR376/088/SRR37629088/SRR37629088_2.fastq.gz	525332860;528488254	4e92d8f353468cf8a33ddc587e820f50;8e5991631cdefa090f86792587214353	PAIRED	ILLUMINA
SRR37629089	ftp.sra.ebi.ac.uk/vol1/fastq/SRR376/089/SRR37629089/SRR37629089_1.fastq.gz;ftp.sra.ebi.ac.uk/vol1/fastq/SRR376/089/SRR37629089/SRR37629089_2.fastq.gz	452049895;455426917	6ab9ef02357efd4873efcda8dd0655b2;bef18de18f0078e38a412cdffcf7388b	PAIRED	ILLUMINA
SRR37629091	ftp.sra.ebi.ac.uk/vol1/fastq/SRR376/091/SRR37629091/SRR37629091_1.fastq.gz;ftp.sra.ebi.ac.uk/vol1/fastq/SRR376/091/SRR37629091/SRR37629091_2.fastq.gz	653416137;654101479	c408f7bef02ea6b7bf3be4a6f122008b;755d1023bbea8b8bdc5b5b22980f5669	PAIRED	ILLUMINA
SRR37629092	ftp.sra.ebi.ac.uk/vol1/fastq/SRR376/092/SRR37629092/SRR37629092_1.fastq.gz;ftp.sra.ebi.ac.uk/vol1/fastq/SRR376/092/SRR37629092/SRR37629092_2.fastq.gz	562209489;564893925	fd4774d60547bc7aa39c7fe67f059c25;91b218d71d16f4a655024be01b228c53	PAIRED	ILLUMINA
SRR37629094	ftp.sra.ebi.ac.uk/vol1/fastq/SRR376/094/SRR37629094/SRR37629094_1.fastq.gz;ftp.sra.ebi.ac.uk/vol1/fastq/SRR376/094/SRR37629094/SRR37629094_2.fastq.gz	634281900;637618958	8652102af67ec7e3ae1bf0cccefa239e;f0ae3f26c5e2884c37ad92a9278ba178	PAIRED	ILLUMINA
SRR37629095	ftp.sra.ebi.ac.uk/vol1/fastq/SRR376/095/SRR37629095/SRR37629095_1.fastq.gz;ftp.sra.ebi.ac.uk/vol1/fastq/SRR376/095/SRR37629095/SRR37629095_2.fastq.gz	440013799;445386580	a0a4261dd7d618e6b5ba161db9ebae90;8aa883b4e46c09d9646569d7f2e91369	PAIRED	ILLUMINA
SRR38178864	ftp.sra.ebi.ac.uk/vol1/fastq/SRR381/064/SRR38178864/SRR38178864_1.fastq.gz;ftp.sra.ebi.ac.uk/vol1/fastq/SRR381/064/SRR38178864/SRR38178864_2.fastq.gz	262015529;277789953	4ccaaafb706ffc56c5f335537162c224;d668d1be0c3792c66d8f8379dbbfed21	PAIRED	ILLUMINA
SRR38178865	ftp.sra.ebi.ac.uk/vol1/fastq/SRR381/065/SRR38178865/SRR38178865_1.fastq.gz;ftp.sra.ebi.ac.uk/vol1/fastq/SRR381/065/SRR38178865/SRR38178865_2.fastq.gz	574430457;601616578	a1ee2f39655a056b797115d6ea83410a;1ae6a5ab363bd22fc02b45dfc0abf741	PAIRED	ILLUMINA
SRR38178866	ftp.sra.ebi.ac.uk/vol1/fastq/SRR381/066/SRR38178866/SRR38178866_1.fastq.gz;ftp.sra.ebi.ac.uk/vol1/fastq/SRR381/066/SRR38178866/SRR38178866_2.fastq.gz	236264104;249575134	d541d9b117523ec02efd5bb5c8aaeaab;ec79ca2c041f5ef1ecaa1739950d11a7	PAIRED	ILLUMINA
SRR38178868	ftp.sra.ebi.ac.uk/vol1/fastq/SRR381/068/SRR38178868/SRR38178868_1.fastq.gz;ftp.sra.ebi.ac.uk/vol1/fastq/SRR381/068/SRR38178868/SRR38178868_2.fastq.gz	391099930;410367330	bd793b9ebf66a50563c7c632b1d95a0c;4930e22caaa8b94d2e293a56427835cb	PAIRED	ILLUMINA
