species	strain_key	ncppb	run_accession	pathovar	before_read_pairs	passed_read_pairs	passed_read_percent	after_total_bases	after_gc_percent	after_q30_percent	duplication_percent	insert_size_peak	fastp_json
Xanthomonas campestris	NCPPB_1043	WHRI 3876 (NCPPB 1043)	SRR25205308	campestris	2932829	2930150	99.91	883398755	65.21	100.00	8.22	271	local_data/phylogeny/2026-07-10_three-species-snp-smoke/fastp_reports/NCPPB_1043__Xanthomonas_campestris.fastp.json
Xanthomonas campestris	NCPPB_1059	NCPPB 1059	SRR37629095		7678643	7678643	100.00	2095055986	65.21	97.19	7.62	150	local_data/phylogeny/2026-07-10_three-species-snp-smoke/fastp_reports/NCPPB_1059__Xanthomonas_campestris.fastp.json
Xanthomonas campestris	NCPPB_1061	NCPPB 1061	SRR37629094		11179158	11140012	99.65	2951935126	64.82	97.24	6.64	150	local_data/phylogeny/2026-07-10_three-species-snp-smoke/fastp_reports/NCPPB_1061__Xanthomonas_campestris.fastp.json
Xanthomonas campestris	NCPPB_1144	NCPPB 1144	SRR30327311	campestris	1094517	1071120	97.86	473711131	64.87	87.24	0.56	209	local_data/phylogeny/2026-07-10_three-species-snp-smoke/fastp_reports/NCPPB_1144__Xanthomonas_campestris.fastp.json
Xanthomonas campestris	NCPPB_1455	NCPPB 1455	SRR29334729	lantanae	967299	967299	100.00	282392121	66.05	94.28	4.62	202	local_data/phylogeny/2026-07-10_three-species-snp-smoke/fastp_reports/NCPPB_1455__Xanthomonas_campestris.fastp.json
Xanthomonas campestris	NCPPB_151	NCPPB 151	SRR37629063		9873690	9845637	99.72	2624600101	64.70	97.44	6.98	150	local_data/phylogeny/2026-07-10_three-species-snp-smoke/fastp_reports/NCPPB_151__Xanthomonas_campestris.fastp.json
Xanthomonas campestris	NCPPB_1645	WHRI 3877 (NCPPB 1645)	SRR25205307	campestris	2530726	2528213	99.90	761693403	65.19	100.00	8.52	270	local_data/phylogeny/2026-07-10_three-species-snp-smoke/fastp_reports/NCPPB_1645__Xanthomonas_campestris.fastp.json
Xanthomonas campestris	NCPPB_1711	WHRI 6382 (NCPPB 1711)	SRR25183328	campestris	3694057	3622050	98.05	986113956	65.22	100.00	5.44	149	local_data/phylogeny/2026-07-10_three-species-snp-smoke/fastp_reports/NCPPB_1711__Xanthomonas_campestris.fastp.json
Xanthomonas campestris	NCPPB_1946	WHRI 3883 (NCPPB 1946)	SRR25205305	campestris	3147369	3144831	99.92	948634708	64.89	100.00	7.20	270	local_data/phylogeny/2026-07-10_three-species-snp-smoke/fastp_reports/NCPPB_1946__Xanthomonas_campestris.fastp.json
Xanthomonas campestris	NCPPB_2190	NCPPB 2190	SRR37629091		11498116	11498116	100.00	3080375549	65.49	97.38	7.15	150	local_data/phylogeny/2026-07-10_three-species-snp-smoke/fastp_reports/NCPPB_2190__Xanthomonas_campestris.fastp.json
Xanthomonas campestris	NCPPB_2345	NCPPB 2345	SRR29823157		2739649	2656413	96.96	801397062	65.03	89.83	3.99	268	local_data/phylogeny/2026-07-10_three-species-snp-smoke/fastp_reports/NCPPB_2345__Xanthomonas_campestris.fastp.json
Xanthomonas campestris	NCPPB_2439	NCPPB 2439	SRR37629089		7825711	7825709	100.00	2152429262	65.13	97.23	7.42	150	local_data/phylogeny/2026-07-10_three-species-snp-smoke/fastp_reports/NCPPB_2439__Xanthomonas_campestris.fastp.json
Xanthomonas campestris	NCPPB_2517	WHRI 5219 (NCPPB 2517)	SRR25205298		2178910	2144444	98.42	646066059	65.05	91.85	4.96	271	local_data/phylogeny/2026-07-10_three-species-snp-smoke/fastp_reports/NCPPB_2517__Xanthomonas_campestris.fastp.json
Xanthomonas campestris	NCPPB_2586	NCPPB 2586	SRR29823156		773407	743828	96.18	224287236	64.94	88.78	2.99	271	local_data/phylogeny/2026-07-10_three-species-snp-smoke/fastp_reports/NCPPB_2586__Xanthomonas_campestris.fastp.json
Xanthomonas campestris	NCPPB_2918	NCPPB 2918	SRR38178864		3966995	3890385	98.07	1120918490	64.90	93.87	10.02	177	local_data/phylogeny/2026-07-10_three-species-snp-smoke/fastp_reports/NCPPB_2918__Xanthomonas_campestris.fastp.json
Xanthomonas campestris	NCPPB_2970	NCPPB 2970	SRR29823154	papavericola	2950930	2872270	97.33	866432000	64.85	89.58	3.10	271	local_data/phylogeny/2026-07-10_three-species-snp-smoke/fastp_reports/NCPPB_2970__Xanthomonas_campestris.fastp.json
Xanthomonas campestris	NCPPB_2986	NCPPB 2986	SRR29823153	aberrans	2327673	2275042	97.74	686142054	64.94	90.12	3.21	270	local_data/phylogeny/2026-07-10_three-species-snp-smoke/fastp_reports/NCPPB_2986__Xanthomonas_campestris.fastp.json
Xanthomonas campestris	NCPPB_347	NCPPB 347	SRR29823152	armoraciae	1891940	1844766	97.51	556432316	65.03	89.96	3.44	269	local_data/phylogeny/2026-07-10_three-species-snp-smoke/fastp_reports/NCPPB_347__Xanthomonas_campestris.fastp.json
Xanthomonas campestris	NCPPB_3566	WHRI 8804 (NCPPB 3566)	SRR25181712	campestris	3715900	3578226	96.30	1073625745	65.38	93.25	6.10	270	local_data/phylogeny/2026-07-10_three-species-snp-smoke/fastp_reports/NCPPB_3566__Xanthomonas_campestris.fastp.json
Xanthomonas campestris	NCPPB_3883	NCPPB 3883	SRR38178865		9978309	9219187	92.39	2323521212	64.69	94.40	11.63	84	local_data/phylogeny/2026-07-10_three-species-snp-smoke/fastp_reports/NCPPB_3883__Xanthomonas_campestris.fastp.json
Xanthomonas campestris	NCPPB_3884	NCPPB 3884	SRR38178866		3639969	3552279	97.59	1004906222	64.91	93.91	10.19	167	local_data/phylogeny/2026-07-10_three-species-snp-smoke/fastp_reports/NCPPB_3884__Xanthomonas_campestris.fastp.json
Xanthomonas campestris	NCPPB_3927	NCPPB 3927	SRR30327315	campestris	708751	688277	97.11	350294818	64.71	83.54	0.19	250	local_data/phylogeny/2026-07-10_three-species-snp-smoke/fastp_reports/NCPPB_3927__Xanthomonas_campestris.fastp.json
Xanthomonas campestris	NCPPB_4013	NCPPB 4013	SRR37629088		9184235	9160004	99.74	2474619629	65.07	97.27	7.20	150	local_data/phylogeny/2026-07-10_three-species-snp-smoke/fastp_reports/NCPPB_4013__Xanthomonas_campestris.fastp.json
Xanthomonas campestris	NCPPB_4037	NCPPB 4037	SRR29823163		2554797	2437203	95.40	735192734	65.22	87.93	2.80	270	local_data/phylogeny/2026-07-10_three-species-snp-smoke/fastp_reports/NCPPB_4037__Xanthomonas_campestris.fastp.json
Xanthomonas campestris	NCPPB_404	WHRI 6380 (NCPPB 404)	SRR25183330	campestris	3606326	3457078	95.86	919991992	65.08	95.16	4.75	140	local_data/phylogeny/2026-07-10_three-species-snp-smoke/fastp_reports/NCPPB_404__Xanthomonas_campestris.fastp.json
Xanthomonas campestris	NCPPB_4231	NCPPB 4231	SRR29823162		3220612	3124565	97.02	942613918	65.40	89.66	3.42	271	local_data/phylogeny/2026-07-10_three-species-snp-smoke/fastp_reports/NCPPB_4231__Xanthomonas_campestris.fastp.json
Xanthomonas campestris	NCPPB_4232	NCPPB 4232	SRR29823161		1817032	1763444	97.05	531918776	65.19	89.68	3.35	270	local_data/phylogeny/2026-07-10_three-species-snp-smoke/fastp_reports/NCPPB_4232__Xanthomonas_campestris.fastp.json
Xanthomonas campestris	NCPPB_4347	NCPPB 4347	SRR29823102	malloti	678776	602530	88.77	180783843	64.91	82.91	1.23	239	local_data/phylogeny/2026-07-10_three-species-snp-smoke/fastp_reports/NCPPB_4347__Xanthomonas_campestris.fastp.json
Xanthomonas campestris	NCPPB_45	WHRI 6379 (NCPPB 45)	SRR25183331	campestris	3137303	2989331	95.28	744405152	64.65	95.43	4.80	122	local_data/phylogeny/2026-07-10_three-species-snp-smoke/fastp_reports/NCPPB_45__Xanthomonas_campestris.fastp.json
Xanthomonas campestris	NCPPB_464	NCPPB 464	SRR29501486	olitorii	2208113	2187618	99.07	1035288875	64.12	94.01	7.87	272	local_data/phylogeny/2026-07-10_three-species-snp-smoke/fastp_reports/NCPPB_464__Xanthomonas_campestris.fastp.json
Xanthomonas campestris	NCPPB_465	NCPPB 465	SRR29501485	olitorii	2222795	2199183	98.94	1021518861	64.08	94.00	7.37	254	local_data/phylogeny/2026-07-10_three-species-snp-smoke/fastp_reports/NCPPB_465__Xanthomonas_campestris.fastp.json
Xanthomonas campestris	NCPPB_4678	NCPPB 4678 (Xc6)	SRR37629075		8569640	8569639	100.00	2319625647	64.79	97.38	6.64	150	local_data/phylogeny/2026-07-10_three-species-snp-smoke/fastp_reports/NCPPB_4678__Xanthomonas_campestris.fastp.json
Xanthomonas campestris	NCPPB_4679	NCPPB 4679 (Xc9)	SRR37629074		9228867	9228866	100.00	2485025476	64.84	97.28	6.45	150	local_data/phylogeny/2026-07-10_three-species-snp-smoke/fastp_reports/NCPPB_4679__Xanthomonas_campestris.fastp.json
Xanthomonas campestris	NCPPB_4680	NCPPB 4680 (Xc23)	SRR37629073		9655812	9629102	99.72	2583264550	64.86	97.24	6.68	150	local_data/phylogeny/2026-07-10_three-species-snp-smoke/fastp_reports/NCPPB_4680__Xanthomonas_campestris.fastp.json
Xanthomonas campestris	NCPPB_4681	NCPPB 4681 (Xc27)	SRR37629071		10452021	10428190	99.77	2751167601	64.81	97.37	6.81	150	local_data/phylogeny/2026-07-10_three-species-snp-smoke/fastp_reports/NCPPB_4681__Xanthomonas_campestris.fastp.json
Xanthomonas campestris	NCPPB_4682	NCPPB 4682 (Xc318)	SRR37629070		14004252	13971331	99.76	3718933046	64.79	97.30	6.90	150	local_data/phylogeny/2026-07-10_three-species-snp-smoke/fastp_reports/NCPPB_4682__Xanthomonas_campestris.fastp.json
Xanthomonas campestris	NCPPB_528	WHRI 5212 (NCPPB 528)	SRR25205299	campestris	2631109	2601074	98.86	784808468	64.73	92.65	5.55	271	local_data/phylogeny/2026-07-10_three-species-snp-smoke/fastp_reports/NCPPB_528__Xanthomonas_campestris.fastp.json
Xanthomonas campestris	NCPPB_529	WHRI 6381 (NCPPB 529)	SRR25183329	campestris	4879191	4782903	98.03	1331724891	65.27	94.63	5.32	152	local_data/phylogeny/2026-07-10_three-species-snp-smoke/fastp_reports/NCPPB_529__Xanthomonas_campestris.fastp.json
Xanthomonas campestris	NCPPB_570	NCPPB 570	SRR29823100	amaranthicola	2794020	2723039	97.46	821046614	64.87	90.30	3.49	271	local_data/phylogeny/2026-07-10_three-species-snp-smoke/fastp_reports/NCPPB_570__Xanthomonas_campestris.fastp.json
Xanthomonas campestris	NCPPB_937	NCPPB 937	SRR29823159	incanae	2073432	1984036	95.69	596217287	65.34	90.71	4.06	245	local_data/phylogeny/2026-07-10_three-species-snp-smoke/fastp_reports/NCPPB_937__Xanthomonas_campestris.fastp.json
Xanthomonas campestris	NCPPB_942	NCPPB 942	SRR38178868		6487682	6110854	94.19	1607527373	64.66	94.24	9.47	105	local_data/phylogeny/2026-07-10_three-species-snp-smoke/fastp_reports/NCPPB_942__Xanthomonas_campestris.fastp.json
Xanthomonas campestris	NCPPB_983	NCPPB 983	SRR29823158	barbareae	1434003	1401050	97.70	422667326	65.07	90.50	3.36	271	local_data/phylogeny/2026-07-10_three-species-snp-smoke/fastp_reports/NCPPB_983__Xanthomonas_campestris.fastp.json
Xanthomonas citri	NCPPB-1471	NCPPB-1471	SRR21684635	citri	4210063	4074225	96.77	1220348736	64.30	100.00	0.91	266	local_data/phylogeny/2026-07-10_three-species-snp-smoke/fastp_reports/NCPPB-1471__Xanthomonas_citri.fastp.json
Xanthomonas citri	NCPPB_1056	NCPPB 1056	SRR2052425		594342	555601	93.48	249104920	64.43	78.61	0.53	35	local_data/phylogeny/2026-07-10_three-species-snp-smoke/fastp_reports/NCPPB_1056__Xanthomonas_citri.fastp.json
Xanthomonas citri	NCPPB_1058	NCPPB 1058	SRR2052426		2224748	2083660	93.66	905184199	64.00	79.68	1.25	35	local_data/phylogeny/2026-07-10_three-species-snp-smoke/fastp_reports/NCPPB_1058__Xanthomonas_citri.fastp.json
Xanthomonas citri	NCPPB_1158	NCPPB 1158	SRR2052443	fuscans	509477	465522	91.37	222324374	64.19	77.31	0.31	197	local_data/phylogeny/2026-07-10_three-species-snp-smoke/fastp_reports/NCPPB_1158__Xanthomonas_citri.fastp.json
Xanthomonas citri	NCPPB_1335	NCPPB 1335	SRR29695113	bauhiniae	2218294	2194725	98.94	1003195761	63.94	93.74	6.61	237	local_data/phylogeny/2026-07-10_three-species-snp-smoke/fastp_reports/NCPPB_1335__Xanthomonas_citri.fastp.json
Xanthomonas citri	NCPPB_1402	NCPPB 1402	SRR2052442		246806	225329	91.30	105602638	64.01	70.46	0.11	196	local_data/phylogeny/2026-07-10_three-species-snp-smoke/fastp_reports/NCPPB_1402__Xanthomonas_citri.fastp.json
Xanthomonas citri	NCPPB_1433	NCPPB 1433	SRR2052427		627084	583580	93.06	285738490	64.33	76.79	0.27	192	local_data/phylogeny/2026-07-10_three-species-snp-smoke/fastp_reports/NCPPB_1433__Xanthomonas_citri.fastp.json
Xanthomonas citri	NCPPB_1495	NCPPB 1495	SRR2052458	fuscans	438523	403909	92.11	197244032	63.74	76.55	0.66	213	local_data/phylogeny/2026-07-10_three-species-snp-smoke/fastp_reports/NCPPB_1495__Xanthomonas_citri.fastp.json
Xanthomonas citri	NCPPB_1654	NCPPB 1654	SRR2052433		1299288	1215432	93.55	547696386	64.14	78.68	0.69	163	local_data/phylogeny/2026-07-10_three-species-snp-smoke/fastp_reports/NCPPB_1654__Xanthomonas_citri.fastp.json
Xanthomonas citri	NCPPB_1713	NCPPB 1713	SRR37629061		9658481	9628646	99.69	2593822958	64.44	97.41	6.83	150	local_data/phylogeny/2026-07-10_three-species-snp-smoke/fastp_reports/NCPPB_1713__Xanthomonas_citri.fastp.json
Xanthomonas citri	NCPPB_1827	NCPPB 1827	SRR29655371	rhynchosiae	2162995	2133723	98.65	932617766	63.33	93.85	6.68	220	local_data/phylogeny/2026-07-10_three-species-snp-smoke/fastp_reports/NCPPB_1827__Xanthomonas_citri.fastp.json
Xanthomonas citri	NCPPB_1838	WHRI 10263 (NCPPB 1838)	SRR28281415	fuscans	3179059	3153463	99.19	944170923	64.88	92.79	3.44	269	local_data/phylogeny/2026-07-10_three-species-snp-smoke/fastp_reports/NCPPB_1838__Xanthomonas_citri.fastp.json
Xanthomonas citri	NCPPB_2058	NCPPB 2058	SRR29692762	vignaeradiatae	2254266	2225981	98.75	1003634266	64.14	93.56	5.50	243	local_data/phylogeny/2026-07-10_three-species-snp-smoke/fastp_reports/NCPPB_2058__Xanthomonas_citri.fastp.json
Xanthomonas citri	NCPPB_2060	NCPPB 2060	SRR29655370	rhynchosiae	2242323	2211179	98.61	993532554	63.63	93.70	5.59	248	local_data/phylogeny/2026-07-10_three-species-snp-smoke/fastp_reports/NCPPB_2060__Xanthomonas_citri.fastp.json
Xanthomonas citri	NCPPB_2063	NCPPB 2063	SRR29694808	cajani	2226807	2191936	98.43	1001796798	63.88	93.65	6.76	300	local_data/phylogeny/2026-07-10_three-species-snp-smoke/fastp_reports/NCPPB_2063__Xanthomonas_citri.fastp.json
Xanthomonas citri	NCPPB_2064	NCPPB 2064	SRR37629092		9822260	9797806	99.75	2636310519	64.28	97.28	6.99	150	local_data/phylogeny/2026-07-10_three-species-snp-smoke/fastp_reports/NCPPB_2064__Xanthomonas_citri.fastp.json
Xanthomonas citri	NCPPB_211	NCPPB_211	SRR11234665	citri	1168794	1168054	99.94	346142816	63.94	96.69	2.33	150	local_data/phylogeny/2026-07-10_three-species-snp-smoke/fastp_reports/NCPPB_211__Xanthomonas_citri.fastp.json
Xanthomonas citri	NCPPB_226	NCPPB_226	SRR11234664	citri	1329443	1328587	99.94	393617773	64.17	96.63	2.67	150	local_data/phylogeny/2026-07-10_three-species-snp-smoke/fastp_reports/NCPPB_226__Xanthomonas_citri.fastp.json
Xanthomonas citri	NCPPB_2665	NCPPB 2665	SRR2052428		1006776	928503	92.23	403517901	64.19	78.04	0.86	35	local_data/phylogeny/2026-07-10_three-species-snp-smoke/fastp_reports/NCPPB_2665__Xanthomonas_citri.fastp.json
Xanthomonas citri	NCPPB_2832	NCPPB 2832	SRR29692760	aracearum	2225188	2201518	98.94	1030939116	63.68	93.62	7.42	278	local_data/phylogeny/2026-07-10_three-species-snp-smoke/fastp_reports/NCPPB_2832__Xanthomonas_citri.fastp.json
Xanthomonas citri	NCPPB_2914	NCPPB 2914	SRR29655369	rhynchosiae	2216511	2188406	98.73	959564081	63.76	94.03	6.03	235	local_data/phylogeny/2026-07-10_three-species-snp-smoke/fastp_reports/NCPPB_2914__Xanthomonas_citri.fastp.json
Xanthomonas citri	NCPPB_3086	NCPPB 3086	SRR29692758	desmodiilaxiflori	2224531	2195127	98.68	1005414907	64.19	93.42	6.76	269	local_data/phylogeny/2026-07-10_three-species-snp-smoke/fastp_reports/NCPPB_3086__Xanthomonas_citri.fastp.json
Xanthomonas citri	NCPPB_3114	NCPPB 3114	SRR15305415	merremiae	2773489	2710957	97.75	816557732	64.83	90.66	3.37	271	local_data/phylogeny/2026-07-10_three-species-snp-smoke/fastp_reports/NCPPB_3114__Xanthomonas_citri.fastp.json
Xanthomonas citri	NCPPB_3162	NCPPB 3162	SRR22272560		1897479	1862172	98.14	561853006	64.35	91.29	4.43	271	local_data/phylogeny/2026-07-10_three-species-snp-smoke/fastp_reports/NCPPB_3162__Xanthomonas_citri.fastp.json
Xanthomonas citri	NCPPB_3562	NCPPB3562	SRR11234662		12861596	12857819	99.97	2306089627	64.02	89.46	0.03	151	local_data/phylogeny/2026-07-10_three-species-snp-smoke/fastp_reports/NCPPB_3562__Xanthomonas_citri.fastp.json
Xanthomonas citri	NCPPB_381	WHRI 10261 (NCPPB 381)	SRR28281417	fuscans	3163048	3132320	99.03	937158925	64.92	92.94	4.13	267	local_data/phylogeny/2026-07-10_three-species-snp-smoke/fastp_reports/NCPPB_381__Xanthomonas_citri.fastp.json
Xanthomonas citri	NCPPB_406	NCPPB406	SRR11234661	citri	1369960	1369165	99.94	405550790	63.96	96.54	1.98	150	local_data/phylogeny/2026-07-10_three-species-snp-smoke/fastp_reports/NCPPB_406__Xanthomonas_citri.fastp.json
Xanthomonas citri	NCPPB_4590	WHRI 10264 (NCPPB 4590)	SRR28281414	citri	3031921	3000452	98.96	896986716	64.92	92.37	3.29	264	local_data/phylogeny/2026-07-10_three-species-snp-smoke/fastp_reports/NCPPB_4590__Xanthomonas_citri.fastp.json
Xanthomonas citri	NCPPB_536	NCPPB 536	SRR29695060	khayae	2231824	2205763	98.83	1036695423	63.69	93.59	7.46	269	local_data/phylogeny/2026-07-10_three-species-snp-smoke/fastp_reports/NCPPB_536__Xanthomonas_citri.fastp.json
Xanthomonas citri	NCPPB_556	NCPPB 556	SRR37629069		11364522	11364519	100.00	3064868292	64.38	97.25	7.88	150	local_data/phylogeny/2026-07-10_three-species-snp-smoke/fastp_reports/NCPPB_556__Xanthomonas_citri.fastp.json
Xanthomonas citri	NCPPB_557	NCPPB 557	SRR37629068		9243450	9217749	99.72	2412242194	64.24	97.41	6.56	150	local_data/phylogeny/2026-07-10_three-species-snp-smoke/fastp_reports/NCPPB_557__Xanthomonas_citri.fastp.json
Xanthomonas citri	NCPPB_573	NCPPB 573	SRR29694809	cajani	683859	671200	98.15	302213859	62.45	93.40	9.37	291	local_data/phylogeny/2026-07-10_three-species-snp-smoke/fastp_reports/NCPPB_573__Xanthomonas_citri.fastp.json
Xanthomonas citri	NCPPB_585	NCPPB 585	SRR15305424	trichodesmae	3706674	3617709	97.60	1091518800	64.61	90.12	3.48	269	local_data/phylogeny/2026-07-10_three-species-snp-smoke/fastp_reports/NCPPB_585__Xanthomonas_citri.fastp.json
Xanthomonas citri	NCPPB_633	WHRI 10262 (NCPPB 633)	SRR28281416	malvacearum	3106941	3082553	99.22	922804419	64.73	92.91	3.73	267	local_data/phylogeny/2026-07-10_three-species-snp-smoke/fastp_reports/NCPPB_633__Xanthomonas_citri.fastp.json
Xanthomonas citri	NCPPB_646	NCPPB 646	SRR29695059	khayae	2224547	2188568	98.38	982371351	63.88	93.73	6.43	262	local_data/phylogeny/2026-07-10_three-species-snp-smoke/fastp_reports/NCPPB_646__Xanthomonas_citri.fastp.json
Xanthomonas citri	NCPPB_670	NCPPB 670	SRR2052441		392177	365952	93.31	183883839	64.16	75.85	0.18	237	local_data/phylogeny/2026-07-10_three-species-snp-smoke/fastp_reports/NCPPB_670__Xanthomonas_citri.fastp.json
Xanthomonas citri	NCPPB_976	NCPPB 976	SRR7628814		7695955	7025544	91.29	4178709958	64.53	68.92	0.01	393	local_data/phylogeny/2026-07-10_three-species-snp-smoke/fastp_reports/NCPPB_976__Xanthomonas_citri.fastp.json
Xanthomonas euvesicatoria	NCPPB_1062	NCPPB 1062	SRR29644179		2214814	2193890	99.06	1035344790	64.79	94.36	8.01	270	local_data/phylogeny/2026-07-10_three-species-snp-smoke/fastp_reports/NCPPB_1062__Xanthomonas_euvesicatoria.fastp.json
Xanthomonas euvesicatoria	NCPPB_1063	NCPPB 1063	SRR29654668	ricini	2247463	2226500	99.07	1063745595	64.32	93.73	7.40	289	local_data/phylogeny/2026-07-10_three-species-snp-smoke/fastp_reports/NCPPB_1063__Xanthomonas_euvesicatoria.fastp.json
Xanthomonas euvesicatoria	NCPPB_1324	NCPPB 1324	SRR29654667	ricini	2238358	2209888	98.73	1067492780	64.29	93.28	7.63	282	local_data/phylogeny/2026-07-10_three-species-snp-smoke/fastp_reports/NCPPB_1324__Xanthomonas_euvesicatoria.fastp.json
Xanthomonas euvesicatoria	NCPPB_1334	NCPPB 1334	SRR15305422	ionidii	1150055	1123711	97.71	335913297	65.03	93.46	4.92	215	local_data/phylogeny/2026-07-10_three-species-snp-smoke/fastp_reports/NCPPB_1334__Xanthomonas_euvesicatoria.fastp.json
Xanthomonas euvesicatoria	NCPPB_1336	NCPPB 1336	SRR15305425	alangii	1908519	1854887	97.19	559670098	63.84	89.98	3.67	271	local_data/phylogeny/2026-07-10_three-species-snp-smoke/fastp_reports/NCPPB_1336__Xanthomonas_euvesicatoria.fastp.json
Xanthomonas euvesicatoria	NCPPB_1473	NCPPB 1473	SRR29654666	ricini	2202505	2180626	99.01	1017827727	64.45	93.90	7.92	246	local_data/phylogeny/2026-07-10_three-species-snp-smoke/fastp_reports/NCPPB_1473__Xanthomonas_euvesicatoria.fastp.json
Xanthomonas euvesicatoria	NCPPB_1475	NCPPB 1475	SRR29654628	cassiae	2201867	2180752	99.04	1040476942	64.35	93.70	8.31	272	local_data/phylogeny/2026-07-10_three-species-snp-smoke/fastp_reports/NCPPB_1475__Xanthomonas_euvesicatoria.fastp.json
Xanthomonas euvesicatoria	NCPPB_1684	NCPPB 1684	SRR29654665	ricini	2241517	2218599	98.98	1047384185	64.22	94.03	7.64	254	local_data/phylogeny/2026-07-10_three-species-snp-smoke/fastp_reports/NCPPB_1684__Xanthomonas_euvesicatoria.fastp.json
Xanthomonas euvesicatoria	NCPPB_1754	NCPPB 1754	SRR29644174		2222860	2202214	99.07	1047005576	64.45	93.83	7.53	259	local_data/phylogeny/2026-07-10_three-species-snp-smoke/fastp_reports/NCPPB_1754__Xanthomonas_euvesicatoria.fastp.json
Xanthomonas euvesicatoria	NCPPB_1756	NCPPB 1756	SRR15305417		2730682	2678624	98.09	808092604	65.35	91.46	3.54	271	local_data/phylogeny/2026-07-10_three-species-snp-smoke/fastp_reports/NCPPB_1756__Xanthomonas_euvesicatoria.fastp.json
Xanthomonas euvesicatoria	NCPPB_1757	NCPPB 1757	SRR15305423	blepharidis	1091711	1065601	97.61	321386998	64.89	90.63	3.61	271	local_data/phylogeny/2026-07-10_three-species-snp-smoke/fastp_reports/NCPPB_1757__Xanthomonas_euvesicatoria.fastp.json
Xanthomonas euvesicatoria	NCPPB_1758	NCPPB 1758	SRR15305430	coriandri	2502345	2392476	95.61	721567670	65.05	88.69	2.65	266	local_data/phylogeny/2026-07-10_three-species-snp-smoke/fastp_reports/NCPPB_1758__Xanthomonas_euvesicatoria.fastp.json
Xanthomonas euvesicatoria	NCPPB_1760	NCPPB 1760	SRR15305421	spermacoces	2998229	2897215	96.63	873819308	65.03	89.26	3.21	268	local_data/phylogeny/2026-07-10_three-species-snp-smoke/fastp_reports/NCPPB_1760__Xanthomonas_euvesicatoria.fastp.json
Xanthomonas euvesicatoria	NCPPB_1787	NCPPB 1787	SRR15305432	veroniae	1261003	1174742	93.16	353527790	65.27	85.33	1.64	266	local_data/phylogeny/2026-07-10_three-species-snp-smoke/fastp_reports/NCPPB_1787__Xanthomonas_euvesicatoria.fastp.json
Xanthomonas euvesicatoria	NCPPB_1828	NCPPB 1828	SRR15305420	euphorbiae	3583125	3494541	97.53	1054133618	65.01	90.39	3.63	269	local_data/phylogeny/2026-07-10_three-species-snp-smoke/fastp_reports/NCPPB_1828__Xanthomonas_euvesicatoria.fastp.json
Xanthomonas euvesicatoria	NCPPB_2057	NCPPB 2057	SRR15305419	heliotropii	1413551	1361964	96.35	408293023	64.38	92.54	4.73	213	local_data/phylogeny/2026-07-10_three-species-snp-smoke/fastp_reports/NCPPB_2057__Xanthomonas_euvesicatoria.fastp.json
Xanthomonas euvesicatoria	NCPPB_2066	NCPPB 2066	SRR29692753	phyllanthi	926131	900394	97.22	403141954	64.23	93.69	7.78	281	local_data/phylogeny/2026-07-10_three-species-snp-smoke/fastp_reports/NCPPB_2066__Xanthomonas_euvesicatoria.fastp.json
Xanthomonas euvesicatoria	NCPPB_2228	NCPPB 2228	SRR29694609	biophyti	2184317	2156661	98.73	998193549	63.49	93.22	8.07	283	local_data/phylogeny/2026-07-10_three-species-snp-smoke/fastp_reports/NCPPB_2228__Xanthomonas_euvesicatoria.fastp.json
Xanthomonas euvesicatoria	NCPPB_2352	NCPPB 2352	SRR29695343	maculifoliigardeniae	2222336	2202278	99.10	1035522562	64.11	93.90	7.42	269	local_data/phylogeny/2026-07-10_three-species-snp-smoke/fastp_reports/NCPPB_2352__Xanthomonas_euvesicatoria.fastp.json
Xanthomonas euvesicatoria	NCPPB_2368	NCPPB 2368	SRR29694607	pedalii	2224594	2196775	98.75	1033610107	64.37	93.49	7.08	270	local_data/phylogeny/2026-07-10_three-species-snp-smoke/fastp_reports/NCPPB_2368__Xanthomonas_euvesicatoria.fastp.json
Xanthomonas euvesicatoria	NCPPB_2369	NCPPB 2369	SRR29654664	ricini	2215598	2193857	99.02	1055445182	64.60	93.75	8.45	296	local_data/phylogeny/2026-07-10_three-species-snp-smoke/fastp_reports/NCPPB_2369__Xanthomonas_euvesicatoria.fastp.json
Xanthomonas euvesicatoria	NCPPB_2372	NCPPB 2372	SRR29651791		2208879	2186255	98.98	949339299	64.68	94.81	6.52	215	local_data/phylogeny/2026-07-10_three-species-snp-smoke/fastp_reports/NCPPB_2372__Xanthomonas_euvesicatoria.fastp.json
Xanthomonas euvesicatoria	NCPPB_2373	NCPPB 2373	SRR15305433	carissae	1714283	1663012	97.01	501448484	64.83	89.63	2.70	271	local_data/phylogeny/2026-07-10_three-species-snp-smoke/fastp_reports/NCPPB_2373__Xanthomonas_euvesicatoria.fastp.json
Xanthomonas euvesicatoria	NCPPB_2498	NCPPB 2498	SRR15305411	convolvuli	2452960	2392586	97.54	721532868	64.83	90.14	3.28	268	local_data/phylogeny/2026-07-10_three-species-snp-smoke/fastp_reports/NCPPB_2498__Xanthomonas_euvesicatoria.fastp.json
Xanthomonas euvesicatoria	NCPPB_2932	NCPPB 2932	SRR15305431		3055460	2968345	97.15	894985634	64.49	90.15	3.47	271	local_data/phylogeny/2026-07-10_three-species-snp-smoke/fastp_reports/NCPPB_2932__Xanthomonas_euvesicatoria.fastp.json
Xanthomonas euvesicatoria	NCPPB_2972	NCPPB 2972	SRR29695152	betlicola	268524	263602	98.17	121485944	62.99	92.40	8.76	331	local_data/phylogeny/2026-07-10_three-species-snp-smoke/fastp_reports/NCPPB_2972__Xanthomonas_euvesicatoria.fastp.json
Xanthomonas euvesicatoria	NCPPB_2973	NCPPB 2973	SRR29654627	cassiae	2220060	2196371	98.93	1021301480	64.38	94.04	7.14	265	local_data/phylogeny/2026-07-10_three-species-snp-smoke/fastp_reports/NCPPB_2973__Xanthomonas_euvesicatoria.fastp.json
Xanthomonas euvesicatoria	NCPPB_2997	NCPPB 2997	SRR29655432	cyamopsidis	2222335	2191290	98.60	1072259270	64.04	92.22	7.44	344	local_data/phylogeny/2026-07-10_three-species-snp-smoke/fastp_reports/NCPPB_2997__Xanthomonas_euvesicatoria.fastp.json
Xanthomonas euvesicatoria	NCPPB_2998	NCPPB 2998	SRR29655431	cyamopsidis	496455	485975	97.89	236610097	63.15	92.45	10.71	386	local_data/phylogeny/2026-07-10_three-species-snp-smoke/fastp_reports/NCPPB_2998__Xanthomonas_euvesicatoria.fastp.json
Xanthomonas euvesicatoria	NCPPB_3079	NCPPB 3079	SRR15305429		3546084	3471482	97.90	1047485846	65.34	90.71	3.41	271	local_data/phylogeny/2026-07-10_three-species-snp-smoke/fastp_reports/NCPPB_3079__Xanthomonas_euvesicatoria.fastp.json
Xanthomonas euvesicatoria	NCPPB_3204	NCPPB 3204	SRR29655430	cyamopsidis	2208244	2178013	98.63	988718246	64.38	93.80	6.75	249	local_data/phylogeny/2026-07-10_three-species-snp-smoke/fastp_reports/NCPPB_3204__Xanthomonas_euvesicatoria.fastp.json
Xanthomonas euvesicatoria	NCPPB_3441	NCPPB 3441	SRR29644159		2212191	2189464	98.97	1034504011	64.56	93.86	8.11	282	local_data/phylogeny/2026-07-10_three-species-snp-smoke/fastp_reports/NCPPB_3441__Xanthomonas_euvesicatoria.fastp.json
Xanthomonas euvesicatoria	NCPPB_3442	NCPPB 3442	SRR29644158		2211269	2188216	98.96	1031920597	64.50	93.84	7.82	266	local_data/phylogeny/2026-07-10_three-species-snp-smoke/fastp_reports/NCPPB_3442__Xanthomonas_euvesicatoria.fastp.json
Xanthomonas euvesicatoria	NCPPB_3443	NCPPB 3443	SRR29644183		2199212	2177853	99.03	1036712034	64.59	94.04	8.70	259	local_data/phylogeny/2026-07-10_three-species-snp-smoke/fastp_reports/NCPPB_3443__Xanthomonas_euvesicatoria.fastp.json
Xanthomonas euvesicatoria	NCPPB_3583	NCPPB 3583	SRR29644157		2212178	2190173	99.01	1033744331	64.28	93.65	7.90	270	local_data/phylogeny/2026-07-10_three-species-snp-smoke/fastp_reports/NCPPB_3583__Xanthomonas_euvesicatoria.fastp.json
Xanthomonas euvesicatoria	NCPPB_3662	NCPPB 3662	SRR29654671	ricini	2199939	2179445	99.07	1023830653	64.03	94.12	7.84	255	local_data/phylogeny/2026-07-10_three-species-snp-smoke/fastp_reports/NCPPB_3662__Xanthomonas_euvesicatoria.fastp.json
Xanthomonas euvesicatoria	NCPPB_3758	NCPPB 3758	SRR29655429	cyamopsidis	2229107	2198961	98.65	1002298022	64.27	93.21	6.32	262	local_data/phylogeny/2026-07-10_three-species-snp-smoke/fastp_reports/NCPPB_3758__Xanthomonas_euvesicatoria.fastp.json
Xanthomonas euvesicatoria	NCPPB_3759	NCPPB 3759	SRR15305426	obscurae	2712970	2613608	96.34	787964780	64.87	89.83	3.61	263	local_data/phylogeny/2026-07-10_three-species-snp-smoke/fastp_reports/NCPPB_3759__Xanthomonas_euvesicatoria.fastp.json
Xanthomonas euvesicatoria	NCPPB_3795	NCPPB 3795	SRR29651790		2236934	2213483	98.95	972558996	64.57	94.56	6.50	216	local_data/phylogeny/2026-07-10_three-species-snp-smoke/fastp_reports/NCPPB_3795__Xanthomonas_euvesicatoria.fastp.json
Xanthomonas euvesicatoria	NCPPB_3796	NCPPB 3796	SRR29651789		2215099	2195145	99.10	1049823935	64.60	93.94	8.25	292	local_data/phylogeny/2026-07-10_three-species-snp-smoke/fastp_reports/NCPPB_3796__Xanthomonas_euvesicatoria.fastp.json
Xanthomonas euvesicatoria	NCPPB_3797	NCPPB 3797	SRR29651788		2247758	2227000	99.08	1064861534	64.57	93.86	8.04	267	local_data/phylogeny/2026-07-10_three-species-snp-smoke/fastp_reports/NCPPB_3797__Xanthomonas_euvesicatoria.fastp.json
Xanthomonas euvesicatoria	NCPPB_3886	NCPPB 3886	SRR29651787		2241406	2219870	99.04	1061092117	64.46	93.79	7.56	267	local_data/phylogeny/2026-07-10_three-species-snp-smoke/fastp_reports/NCPPB_3886__Xanthomonas_euvesicatoria.fastp.json
Xanthomonas euvesicatoria	NCPPB_3887	NCPPB 3887	SRR29651786		2095121	2014607	96.16	823415085	63.98	94.73	7.59	232	local_data/phylogeny/2026-07-10_three-species-snp-smoke/fastp_reports/NCPPB_3887__Xanthomonas_euvesicatoria.fastp.json
Xanthomonas euvesicatoria	NCPPB_3948	NCPPB 3948	SRR29654625	poinsettiicola	2227002	2206004	99.06	1045354536	64.41	94.05	8.32	264	local_data/phylogeny/2026-07-10_three-species-snp-smoke/fastp_reports/NCPPB_3948__Xanthomonas_euvesicatoria.fastp.json
Xanthomonas euvesicatoria	NCPPB_4348	NCPPB 4348	SRR15305428		2017750	1952930	96.79	588944808	64.98	88.96	2.79	270	local_data/phylogeny/2026-07-10_three-species-snp-smoke/fastp_reports/NCPPB_4348__Xanthomonas_euvesicatoria.fastp.json
Xanthomonas euvesicatoria	NCPPB_4349	NCPPB 4349	SRR15305416	pennamericanum	2981401	2906312	97.48	876374658	65.01	90.07	3.09	268	local_data/phylogeny/2026-07-10_three-species-snp-smoke/fastp_reports/NCPPB_4349__Xanthomonas_euvesicatoria.fastp.json
Xanthomonas euvesicatoria	NCPPB_4351	NCPPB 4351	SRR15305410	viegasii	1858420	1794346	96.55	541265520	64.74	88.96	3.01	270	local_data/phylogeny/2026-07-10_three-species-snp-smoke/fastp_reports/NCPPB_4351__Xanthomonas_euvesicatoria.fastp.json
Xanthomonas euvesicatoria	NCPPB_4352	NCPPB 4352	SRR15305413	zingibericola	1813859	1741417	96.01	525064470	65.13	88.97	2.81	271	local_data/phylogeny/2026-07-10_three-species-snp-smoke/fastp_reports/NCPPB_4352__Xanthomonas_euvesicatoria.fastp.json
Xanthomonas euvesicatoria	NCPPB_478	NCPPB 478	SRR29654630	cassiae	2221817	2199961	99.02	1029514537	64.33	93.95	7.68	254	local_data/phylogeny/2026-07-10_three-species-snp-smoke/fastp_reports/NCPPB_478__Xanthomonas_euvesicatoria.fastp.json
Xanthomonas euvesicatoria	NCPPB_481	NCPPB 481	SRR29692761	biophyti	2236479	2207847	98.72	1000509401	64.39	93.63	5.64	261	local_data/phylogeny/2026-07-10_three-species-snp-smoke/fastp_reports/NCPPB_481__Xanthomonas_euvesicatoria.fastp.json
Xanthomonas euvesicatoria	NCPPB_485	NCPPB 485	SRR29695153	betlicola	2222565	2195261	98.77	966213255	64.43	93.97	6.18	227	local_data/phylogeny/2026-07-10_three-species-snp-smoke/fastp_reports/NCPPB_485__Xanthomonas_euvesicatoria.fastp.json
Xanthomonas euvesicatoria	NCPPB_488	NCPPB 488	SRR29654670	ricini	2220269	2197915	98.99	1036481802	64.14	93.66	7.03	277	local_data/phylogeny/2026-07-10_three-species-snp-smoke/fastp_reports/NCPPB_488__Xanthomonas_euvesicatoria.fastp.json
Xanthomonas euvesicatoria	NCPPB_535	NCPPB 535	SRR29654669	ricini	2230184	2209283	99.06	1052916680	64.39	93.84	7.66	276	local_data/phylogeny/2026-07-10_three-species-snp-smoke/fastp_reports/NCPPB_535__Xanthomonas_euvesicatoria.fastp.json
Xanthomonas euvesicatoria	NCPPB_575	NCPPB 575	SRR15305412	clerodendri	1711392	1660549	97.03	500518608	64.99	89.41	3.29	268	local_data/phylogeny/2026-07-10_three-species-snp-smoke/fastp_reports/NCPPB_575__Xanthomonas_euvesicatoria.fastp.json
Xanthomonas euvesicatoria	NCPPB_577	NCPPB 577	SRR29692759	desmodiigangetici	2232016	2200078	98.57	991824449	64.41	93.54	6.49	269	local_data/phylogeny/2026-07-10_three-species-snp-smoke/fastp_reports/NCPPB_577__Xanthomonas_euvesicatoria.fastp.json
Xanthomonas euvesicatoria	NCPPB_579	NCPPB 579	SRR15305414	lawsoniae	1167565	1143374	97.93	342544494	65.15	92.48	3.96	210	local_data/phylogeny/2026-07-10_three-species-snp-smoke/fastp_reports/NCPPB_579__Xanthomonas_euvesicatoria.fastp.json
Xanthomonas euvesicatoria	NCPPB_581	NCPPB 581	SRR29654624	poinsettiicola	2187094	2166743	99.07	899992237	64.43	94.74	5.97	208	local_data/phylogeny/2026-07-10_three-species-snp-smoke/fastp_reports/NCPPB_581__Xanthomonas_euvesicatoria.fastp.json
Xanthomonas euvesicatoria	NCPPB_584	NCPPB 584	SRR29692752	tamarindi	2190204	2163674	98.79	908446340	64.10	94.43	6.16	196	local_data/phylogeny/2026-07-10_three-species-snp-smoke/fastp_reports/NCPPB_584__Xanthomonas_euvesicatoria.fastp.json
Xanthomonas euvesicatoria	NCPPB_586	NCPPB 586	SRR15305427	uppalii	4459532	4373480	98.07	1319092650	65.44	91.03	4.27	270	local_data/phylogeny/2026-07-10_three-species-snp-smoke/fastp_reports/NCPPB_586__Xanthomonas_euvesicatoria.fastp.json
Xanthomonas euvesicatoria	NCPPB_637	NCPPB 637	SRR29655428	cyamopsidis	2244739	2214869	98.67	1031936190	64.24	93.31	6.47	292	local_data/phylogeny/2026-07-10_three-species-snp-smoke/fastp_reports/NCPPB_637__Xanthomonas_euvesicatoria.fastp.json
Xanthomonas euvesicatoria	NCPPB_645	NCPPB 645	SRR29654629	cassiae	2213185	2187822	98.85	1014341029	64.22	93.64	6.98	259	local_data/phylogeny/2026-07-10_three-species-snp-smoke/fastp_reports/NCPPB_645__Xanthomonas_euvesicatoria.fastp.json
Xanthomonas euvesicatoria	NCPPB_840	NCPPB 840	SRR29694608	patelii	2278805	2250899	98.78	1083371134	64.59	92.80	6.24	284	local_data/phylogeny/2026-07-10_three-species-snp-smoke/fastp_reports/NCPPB_840__Xanthomonas_euvesicatoria.fastp.json
Xanthomonas euvesicatoria	NCPPB_885	NCPPB 885	SRR29692757	desmodiirotundifolii	2236029	2209120	98.80	1025594861	63.99	93.56	7.00	268	local_data/phylogeny/2026-07-10_three-species-snp-smoke/fastp_reports/NCPPB_885__Xanthomonas_euvesicatoria.fastp.json
Xanthomonas euvesicatoria	NCPPB_971	NCPPB 971	SRR29695345	maculifoliigardeniae	2295664	2263279	98.59	1042461858	64.61	93.41	5.05	261	local_data/phylogeny/2026-07-10_three-species-snp-smoke/fastp_reports/NCPPB_971__Xanthomonas_euvesicatoria.fastp.json
Xanthomonas euvesicatoria	NCPPB_972	NCPPB 972	SRR29695344	maculifoliigardeniae	2226259	2199044	98.78	1012729501	64.34	93.50	6.61	285	local_data/phylogeny/2026-07-10_three-species-snp-smoke/fastp_reports/NCPPB_972__Xanthomonas_euvesicatoria.fastp.json
Xanthomonas euvesicatoria	NCPPB_993	NCPPB 993	SRR29692755	lespedezae	2269568	2242368	98.80	1055217014	64.10	93.46	6.26	294	local_data/phylogeny/2026-07-10_three-species-snp-smoke/fastp_reports/NCPPB_993__Xanthomonas_euvesicatoria.fastp.json
