species	strain_key	ncppb	pathovar	country	source_details	sample_accession	study_accession	experiment_accession	run_accession	tree_label	library_layout	instrument_platform	total_bytes	fastq_bytes_1	fastq_bytes_2	fastq_md5_1	fastq_md5_2	fastq_url_1	fastq_url_2
Xanthomonas campestris	NCPPB_1043	WHRI 3876 (NCPPB 1043)	campestris	Papua New Guinea	Brassica oleracea	SAMN36368321	PRJNA988133	SRX20952048	SRR25205308	NCPPB_1043__Xanthomonas_campestris	PAIRED	ILLUMINA	326751792	163348783	163403009	6a598f02a47d4e66b141fe70fe2b5473	c8dbad41b034ef11792490dac09d88fb	https://ftp.sra.ebi.ac.uk/vol1/fastq/SRR252/008/SRR25205308/SRR25205308_1.fastq.gz	https://ftp.sra.ebi.ac.uk/vol1/fastq/SRR252/008/SRR25205308/SRR25205308_2.fastq.gz
Xanthomonas campestris	NCPPB_1059	NCPPB 1059		Ethiopia	Papaver somniferum	SAMN56511356	PRJNA1437458	SRX32509460	SRR37629095	NCPPB_1059__Xanthomonas_campestris	PAIRED	ILLUMINA	885400379	440013799	445386580	a0a4261dd7d618e6b5ba161db9ebae90	8aa883b4e46c09d9646569d7f2e91369	https://ftp.sra.ebi.ac.uk/vol1/fastq/SRR376/095/SRR37629095/SRR37629095_1.fastq.gz	https://ftp.sra.ebi.ac.uk/vol1/fastq/SRR376/095/SRR37629095/SRR37629095_2.fastq.gz
Xanthomonas campestris	NCPPB_1061	NCPPB 1061		Ethiopia	Plantago lanceolata	SAMN56511357	PRJNA1437458	SRX32509461	SRR37629094	NCPPB_1061__Xanthomonas_campestris	PAIRED	ILLUMINA	1271900858	634281900	637618958	8652102af67ec7e3ae1bf0cccefa239e	f0ae3f26c5e2884c37ad92a9278ba178	https://ftp.sra.ebi.ac.uk/vol1/fastq/SRR376/094/SRR37629094/SRR37629094_1.fastq.gz	https://ftp.sra.ebi.ac.uk/vol1/fastq/SRR376/094/SRR37629094/SRR37629094_2.fastq.gz
Xanthomonas campestris	NCPPB_1144	NCPPB 1144	campestris	United Kingdom	Brassica oleracea var. capitata	SAMN43286083	PRJNA774128	SRX25787566	SRR30327311	NCPPB_1144__Xanthomonas_campestris	PAIRED	ILLUMINA	339903639	156493345	183410294	759cf079cd7eeb076a4a3192d2bf2865	43a96fc2ce8676b6cae3d1343a788ffd	https://ftp.sra.ebi.ac.uk/vol1/fastq/SRR303/011/SRR30327311/SRR30327311_1.fastq.gz	https://ftp.sra.ebi.ac.uk/vol1/fastq/SRR303/011/SRR30327311/SRR30327311_2.fastq.gz
Xanthomonas campestris	NCPPB_1455	NCPPB 1455	lantanae	India	Lantana camara var. aculeata	SAMN41763920	PRJNA774146	SRX24850877	SRR29334729	NCPPB_1455__Xanthomonas_campestris	PAIRED	ILLUMINA	134450839	65576413	68874426	7a02c313833893f03fa7b111fae52d44	ca5aacde9100d25dba7852892c734b3c	https://ftp.sra.ebi.ac.uk/vol1/fastq/SRR293/029/SRR29334729/SRR29334729_1.fastq.gz	https://ftp.sra.ebi.ac.uk/vol1/fastq/SRR293/029/SRR29334729/SRR29334729_2.fastq.gz
Xanthomonas campestris	NCPPB_151	NCPPB 151		Mauritius	Argemone sp.	SAMN56511362	PRJNA1437458	SRX32509492	SRR37629063	NCPPB_151__Xanthomonas_campestris	PAIRED	ILLUMINA	1119788008	558558084	561229924	e30a1512edffc3a354e2f118dbc98a04	3e6bca44755d1c660d78485cc04ce9d7	https://ftp.sra.ebi.ac.uk/vol1/fastq/SRR376/063/SRR37629063/SRR37629063_1.fastq.gz	https://ftp.sra.ebi.ac.uk/vol1/fastq/SRR376/063/SRR37629063/SRR37629063_2.fastq.gz
Xanthomonas campestris	NCPPB_1645	WHRI 3877 (NCPPB 1645)	campestris	Kenya	Brassica oleracea	SAMN36368322	PRJNA988133	SRX20952049	SRR25205307	NCPPB_1645__Xanthomonas_campestris	PAIRED	ILLUMINA	281945110	140985363	140959747	b3520787c2441731c0643f5993e6e43e	2aa897048b06d7aed45625ff1455353e	https://ftp.sra.ebi.ac.uk/vol1/fastq/SRR252/007/SRR25205307/SRR25205307_1.fastq.gz	https://ftp.sra.ebi.ac.uk/vol1/fastq/SRR252/007/SRR25205307/SRR25205307_2.fastq.gz
Xanthomonas campestris	NCPPB_1711	WHRI 6382 (NCPPB 1711)	campestris	Canada	Brassica rapa	SAMN36346973	PRJNA988133	SRX20931014	SRR25183328	NCPPB_1711__Xanthomonas_campestris	PAIRED	ILLUMINA	392560377	196285990	196274387	7a5b34bf5f2cbca4ae004b82ac5493ad	8cf30257019811317c9f69a705a2acc9	https://ftp.sra.ebi.ac.uk/vol1/fastq/SRR251/028/SRR25183328/SRR25183328_1.fastq.gz	https://ftp.sra.ebi.ac.uk/vol1/fastq/SRR251/028/SRR25183328/SRR25183328_2.fastq.gz
Xanthomonas campestris	NCPPB_1946	WHRI 3883 (NCPPB 1946)	campestris	United States	Raphanus sativus	SAMN36368324	PRJNA988133	SRX20952051	SRR25205305	NCPPB_1946__Xanthomonas_campestris	PAIRED	ILLUMINA	352113406	175959492	176153914	d5c16915bfb1a91ed6d46fd514aeb6f9	273fd2175a20a1674552c2c493357ac8	https://ftp.sra.ebi.ac.uk/vol1/fastq/SRR252/005/SRR25205305/SRR25205305_1.fastq.gz	https://ftp.sra.ebi.ac.uk/vol1/fastq/SRR252/005/SRR25205305/SRR25205305_2.fastq.gz
Xanthomonas campestris	NCPPB_2190	NCPPB 2190		Brazil	Abelmoschus esculentus	SAMN56511368	PRJNA1437458	SRX32509464	SRR37629091	NCPPB_2190__Xanthomonas_campestris	PAIRED	ILLUMINA	1307517616	653416137	654101479	c408f7bef02ea6b7bf3be4a6f122008b	755d1023bbea8b8bdc5b5b22980f5669	https://ftp.sra.ebi.ac.uk/vol1/fastq/SRR376/091/SRR37629091/SRR37629091_1.fastq.gz	https://ftp.sra.ebi.ac.uk/vol1/fastq/SRR376/091/SRR37629091/SRR37629091_2.fastq.gz
Xanthomonas campestris	NCPPB_2345	NCPPB 2345		United Kingdom	Erysimum cheiri	SAMN22552837	PRJNA774128	SRX25322029	SRR29823157	NCPPB_2345__Xanthomonas_campestris	PAIRED	ILLUMINA	418732970	196245430	222487540	a3cf0ab3bd3af7d63bd58c9433ca6a5e	c55d15bbc50e2ce0515be5672cd4b2f4	https://ftp.sra.ebi.ac.uk/vol1/fastq/SRR298/057/SRR29823157/SRR29823157_1.fastq.gz	https://ftp.sra.ebi.ac.uk/vol1/fastq/SRR298/057/SRR29823157/SRR29823157_2.fastq.gz
Xanthomonas campestris	NCPPB_2439	NCPPB 2439		Australia	Zinnia elegans	SAMN56511370	PRJNA1437458	SRX32509466	SRR37629089	NCPPB_2439__Xanthomonas_campestris	PAIRED	ILLUMINA	907476812	452049895	455426917	6ab9ef02357efd4873efcda8dd0655b2	bef18de18f0078e38a412cdffcf7388b	https://ftp.sra.ebi.ac.uk/vol1/fastq/SRR376/089/SRR37629089/SRR37629089_1.fastq.gz	https://ftp.sra.ebi.ac.uk/vol1/fastq/SRR376/089/SRR37629089/SRR37629089_2.fastq.gz
Xanthomonas campestris	NCPPB_2517	WHRI 5219 (NCPPB 2517)		United Kingdom	Erysimum cheiri	SAMN36368330	PRJNA988133	SRX20952058	SRR25205298	NCPPB_2517__Xanthomonas_campestris	PAIRED	ILLUMINA	246460309	123124944	123335365	21baa1b292b421661e90822527f958d7	4b6cd6bf76a456c2953cebce2d9378e5	https://ftp.sra.ebi.ac.uk/vol1/fastq/SRR252/098/SRR25205298/SRR25205298_1.fastq.gz	https://ftp.sra.ebi.ac.uk/vol1/fastq/SRR252/098/SRR25205298/SRR25205298_2.fastq.gz
Xanthomonas campestris	NCPPB_2586	NCPPB 2586		India	Brassica juncea	SAMN22552828	PRJNA774128	SRX25322030	SRR29823156	NCPPB_2586__Xanthomonas_campestris	PAIRED	ILLUMINA	121451653	56789010	64662643	e03e3b21f84e59886afa0bce9b759ffb	e76f07883ab647320ba1c95ef1e6ce81	https://ftp.sra.ebi.ac.uk/vol1/fastq/SRR298/056/SRR29823156/SRR29823156_1.fastq.gz	https://ftp.sra.ebi.ac.uk/vol1/fastq/SRR298/056/SRR29823156/SRR29823156_2.fastq.gz
Xanthomonas campestris	NCPPB_2918	NCPPB 2918		Malawi	Crambe	SAMN57360828	PRJNA485808	SRX33020590	SRR38178864	NCPPB_2918__Xanthomonas_campestris	PAIRED	ILLUMINA	539805482	262015529	277789953	4ccaaafb706ffc56c5f335537162c224	d668d1be0c3792c66d8f8379dbbfed21	https://ftp.sra.ebi.ac.uk/vol1/fastq/SRR381/064/SRR38178864/SRR38178864_1.fastq.gz	https://ftp.sra.ebi.ac.uk/vol1/fastq/SRR381/064/SRR38178864/SRR38178864_2.fastq.gz
Xanthomonas campestris	NCPPB_2970	NCPPB 2970	papavericola	United States	Papaver rhoeas	SAMN22552843	PRJNA774128	SRX25322032	SRR29823154	NCPPB_2970__Xanthomonas_campestris	PAIRED	ILLUMINA	455764045	213801367	241962678	176bac624a81af7e84bada68d91eecd2	59e7df9fc870ca3d328d49669e8422de	https://ftp.sra.ebi.ac.uk/vol1/fastq/SRR298/054/SRR29823154/SRR29823154_1.fastq.gz	https://ftp.sra.ebi.ac.uk/vol1/fastq/SRR298/054/SRR29823154/SRR29823154_2.fastq.gz
Xanthomonas campestris	NCPPB_2986	NCPPB 2986	aberrans	Australia	Brassica oleracea var. capitata	SAMN22552830	PRJNA774128	SRX25322033	SRR29823153	NCPPB_2986__Xanthomonas_campestris	PAIRED	ILLUMINA	357255624	169190017	188065607	aecd3e146b95022c931581f33987ac1b	c65a2c1cfafd5809dfb9243951b7da06	https://ftp.sra.ebi.ac.uk/vol1/fastq/SRR298/053/SRR29823153/SRR29823153_1.fastq.gz	https://ftp.sra.ebi.ac.uk/vol1/fastq/SRR298/053/SRR29823153/SRR29823153_2.fastq.gz
Xanthomonas campestris	NCPPB_347	NCPPB 347	armoraciae	Tanzania	Iberis sp.	SAMN22552829	PRJNA774128	SRX25322034	SRR29823152	NCPPB_347__Xanthomonas_campestris	PAIRED	ILLUMINA	290285558	136158408	154127150	b8b54e050d81917b203bdb2737ebf307	2f01048b4bbb75565d4a7b950d3e70e1	https://ftp.sra.ebi.ac.uk/vol1/fastq/SRR298/052/SRR29823152/SRR29823152_1.fastq.gz	https://ftp.sra.ebi.ac.uk/vol1/fastq/SRR298/052/SRR29823152/SRR29823152_2.fastq.gz
Xanthomonas campestris	NCPPB_3566	WHRI 8804 (NCPPB 3566)	campestris	India	Raphanus sativus	SAMN36346322	PRJNA988133	SRX20929331	SRR25181712	NCPPB_3566__Xanthomonas_campestris	PAIRED	ILLUMINA	419526605	208985306	210541299	dff6977714738c238c4fd22295fe0f25	b028e80e4b3113ecfc77dd8e5001c482	https://ftp.sra.ebi.ac.uk/vol1/fastq/SRR251/012/SRR25181712/SRR25181712_1.fastq.gz	https://ftp.sra.ebi.ac.uk/vol1/fastq/SRR251/012/SRR25181712/SRR25181712_2.fastq.gz
Xanthomonas campestris	NCPPB_3883	NCPPB 3883		United States	Crambe hispanica subsp. abyssinica	SAMN57360827	PRJNA485808	SRX33020589	SRR38178865	NCPPB_3883__Xanthomonas_campestris	PAIRED	ILLUMINA	1176047035	574430457	601616578	a1ee2f39655a056b797115d6ea83410a	1ae6a5ab363bd22fc02b45dfc0abf741	https://ftp.sra.ebi.ac.uk/vol1/fastq/SRR381/065/SRR38178865/SRR38178865_1.fastq.gz	https://ftp.sra.ebi.ac.uk/vol1/fastq/SRR381/065/SRR38178865/SRR38178865_2.fastq.gz
Xanthomonas campestris	NCPPB_3884	NCPPB 3884		United States	Crambe hispanica subsp. abyssinica	SAMN57360826	PRJNA485808	SRX33020588	SRR38178866	NCPPB_3884__Xanthomonas_campestris	PAIRED	ILLUMINA	485839238	236264104	249575134	d541d9b117523ec02efd5bb5c8aaeaab	ec79ca2c041f5ef1ecaa1739950d11a7	https://ftp.sra.ebi.ac.uk/vol1/fastq/SRR381/066/SRR38178866/SRR38178866_1.fastq.gz	https://ftp.sra.ebi.ac.uk/vol1/fastq/SRR381/066/SRR38178866/SRR38178866_2.fastq.gz
Xanthomonas campestris	NCPPB_3927	NCPPB 3927	campestris	Brazil	Brassica napus var. olerfera	SAMN43286079	PRJNA774128	SRX25787562	SRR30327315	NCPPB_3927__Xanthomonas_campestris	PAIRED	ILLUMINA	262041721	118366034	143675687	687841885f199da005d95cae000f5651	d168bccf357efa0a38ab0eb3da320044	https://ftp.sra.ebi.ac.uk/vol1/fastq/SRR303/015/SRR30327315/SRR30327315_1.fastq.gz	https://ftp.sra.ebi.ac.uk/vol1/fastq/SRR303/015/SRR30327315/SRR30327315_2.fastq.gz
Xanthomonas campestris	NCPPB_4013	NCPPB 4013		United States	Asclepias syriaca	SAMN56511371	PRJNA1437458	SRX32509467	SRR37629088	NCPPB_4013__Xanthomonas_campestris	PAIRED	ILLUMINA	1053821114	525332860	528488254	4e92d8f353468cf8a33ddc587e820f50	8e5991631cdefa090f86792587214353	https://ftp.sra.ebi.ac.uk/vol1/fastq/SRR376/088/SRR37629088/SRR37629088_1.fastq.gz	https://ftp.sra.ebi.ac.uk/vol1/fastq/SRR376/088/SRR37629088/SRR37629088_2.fastq.gz
Xanthomonas campestris	NCPPB_4037	NCPPB 4037		United Kingdom	Nemesia sp.	SAMN22552836	PRJNA774128	SRX25322023	SRR29823163	NCPPB_4037__Xanthomonas_campestris	PAIRED	ILLUMINA	403804772	187933384	215871388	2001500d77bcfefb96f007a3e24bab27	66d905833d6f3e1f627cf3f3906e46e7	https://ftp.sra.ebi.ac.uk/vol1/fastq/SRR298/063/SRR29823163/SRR29823163_1.fastq.gz	https://ftp.sra.ebi.ac.uk/vol1/fastq/SRR298/063/SRR29823163/SRR29823163_2.fastq.gz
Xanthomonas campestris	NCPPB_404	WHRI 6380 (NCPPB 404)	campestris	New Zealand	Brassica napus subsp. rapifera	SAMN36346971	PRJNA988133	SRX20931012	SRR25183330	NCPPB_404__Xanthomonas_campestris	PAIRED	ILLUMINA	378873074	190158818	188714256	254f2aedb728a1b2ee4815cd03b759ad	43e8cc0f3cadcc4a4a4cfadf21cb13a4	https://ftp.sra.ebi.ac.uk/vol1/fastq/SRR251/030/SRR25183330/SRR25183330_1.fastq.gz	https://ftp.sra.ebi.ac.uk/vol1/fastq/SRR251/030/SRR25183330/SRR25183330_2.fastq.gz
Xanthomonas campestris	NCPPB_4231	NCPPB 4231		United Kingdom	Beta vulgaris var. Cicla	SAMN22552841	PRJNA774128	SRX25322024	SRR29823162	NCPPB_4231__Xanthomonas_campestris	PAIRED	ILLUMINA	494983347	232077562	262905785	2010031ec8cd0e120a2bcdeb858a523b	178c5ad1911bca90e51143724d5fe266	https://ftp.sra.ebi.ac.uk/vol1/fastq/SRR298/062/SRR29823162/SRR29823162_1.fastq.gz	https://ftp.sra.ebi.ac.uk/vol1/fastq/SRR298/062/SRR29823162/SRR29823162_2.fastq.gz
Xanthomonas campestris	NCPPB_4232	NCPPB 4232		United Kingdom	Beta vulgaris var. Cicla	SAMN22552842	PRJNA774128	SRX25322025	SRR29823161	NCPPB_4232__Xanthomonas_campestris	PAIRED	ILLUMINA	280319979	132235650	148084329	d8e0ed93caecf25801b3bdcea8ca9df7	f93f34da010c8e6e3ba1c86323ce6ae0	https://ftp.sra.ebi.ac.uk/vol1/fastq/SRR298/061/SRR29823161/SRR29823161_1.fastq.gz	https://ftp.sra.ebi.ac.uk/vol1/fastq/SRR298/061/SRR29823161/SRR29823161_2.fastq.gz
Xanthomonas campestris	NCPPB_4347	NCPPB 4347	malloti	Japan	Mallotus japonicus	SAMN42488056	PRJNA742925	SRX25321971	SRR29823102	NCPPB_4347__Xanthomonas_campestris	PAIRED	ILLUMINA	116383802	54366950	62016852	92121d5bb7931244e980e80a72bbb45a	fdc08da937456647a1c42919c2836898	https://ftp.sra.ebi.ac.uk/vol1/fastq/SRR298/002/SRR29823102/SRR29823102_1.fastq.gz	https://ftp.sra.ebi.ac.uk/vol1/fastq/SRR298/002/SRR29823102/SRR29823102_2.fastq.gz
Xanthomonas campestris	NCPPB_45	WHRI 6379 (NCPPB 45)	campestris	United Kingdom	Brassica napus	SAMN36346970	PRJNA988133	SRX20931011	SRR25183331	NCPPB_45__Xanthomonas_campestris	PAIRED	ILLUMINA	316295236	158088772	158206464	729c1d9a5903b7c5a7817abdc41a8a1e	c02af74804bfeecf4ff20a5f8be3565c	https://ftp.sra.ebi.ac.uk/vol1/fastq/SRR251/031/SRR25183331/SRR25183331_1.fastq.gz	https://ftp.sra.ebi.ac.uk/vol1/fastq/SRR251/031/SRR25183331/SRR25183331_2.fastq.gz
Xanthomonas campestris	NCPPB_464	NCPPB 464	olitorii	Sudan	Corchorus olitorius	SAMN41997686	PRJNA1127243	SRX25011792	SRR29501486	NCPPB_464__Xanthomonas_campestris	PAIRED	ILLUMINA	490046435	242111388	247935047	203bc9a02916506aad3191266852893a	4128b5e09fd39b4ee4f117f19c62f202	https://ftp.sra.ebi.ac.uk/vol1/fastq/SRR295/086/SRR29501486/SRR29501486_1.fastq.gz	https://ftp.sra.ebi.ac.uk/vol1/fastq/SRR295/086/SRR29501486/SRR29501486_2.fastq.gz
Xanthomonas campestris	NCPPB_465	NCPPB 465	olitorii	Sudan	Corchorus olitorius	SAMN41997687	PRJNA1127243	SRX25011793	SRR29501485	NCPPB_465__Xanthomonas_campestris	PAIRED	ILLUMINA	495007682	244419770	250587912	7910c049198e230f76da63104e608c95	74784cd9f381e2a6178275cbd2d70b3e	https://ftp.sra.ebi.ac.uk/vol1/fastq/SRR295/085/SRR29501485/SRR29501485_1.fastq.gz	https://ftp.sra.ebi.ac.uk/vol1/fastq/SRR295/085/SRR29501485/SRR29501485_2.fastq.gz
Xanthomonas campestris	NCPPB_4678	NCPPB 4678 (Xc6)		Serbia	Brassica napus	SAMN56511383	PRJNA1437458	SRX32509480	SRR37629075	NCPPB_4678__Xanthomonas_campestris	PAIRED	ILLUMINA	986611962	492123688	494488274	c30edd87279680e32e654d7beb99a8df	aae10399f2ab62baf661fc0100e0c6ce	https://ftp.sra.ebi.ac.uk/vol1/fastq/SRR376/075/SRR37629075/SRR37629075_1.fastq.gz	https://ftp.sra.ebi.ac.uk/vol1/fastq/SRR376/075/SRR37629075/SRR37629075_2.fastq.gz
Xanthomonas campestris	NCPPB_4679	NCPPB 4679 (Xc9)		Serbia	Brassica napus	SAMN56511384	PRJNA1437458	SRX32509481	SRR37629074	NCPPB_4679__Xanthomonas_campestris	PAIRED	ILLUMINA	1063164590	530686044	532478546	9a011473ced4075b04eca3c6f0da10ea	49a6677bfabe091ce1347146686996de	https://ftp.sra.ebi.ac.uk/vol1/fastq/SRR376/074/SRR37629074/SRR37629074_1.fastq.gz	https://ftp.sra.ebi.ac.uk/vol1/fastq/SRR376/074/SRR37629074/SRR37629074_2.fastq.gz
Xanthomonas campestris	NCPPB_4680	NCPPB 4680 (Xc23)		Serbia	Brassica napus	SAMN56511385	PRJNA1437458	SRX32509482	SRR37629073	NCPPB_4680__Xanthomonas_campestris	PAIRED	ILLUMINA	1107507189	553501982	554005207	0feb230104f921c4e32a185029c6409f	1c959b15d77a0054211dae97329fc6e2	https://ftp.sra.ebi.ac.uk/vol1/fastq/SRR376/073/SRR37629073/SRR37629073_1.fastq.gz	https://ftp.sra.ebi.ac.uk/vol1/fastq/SRR376/073/SRR37629073/SRR37629073_2.fastq.gz
Xanthomonas campestris	NCPPB_4681	NCPPB 4681 (Xc27)		Serbia	Brassica napus	SAMN56511386	PRJNA1437458	SRX32509484	SRR37629071	NCPPB_4681__Xanthomonas_campestris	PAIRED	ILLUMINA	1181656735	590265452	591391283	928e097377ba950fb084f6ab430af9e8	2c96d8dbc7e2e2e54a3ee8e4439d5c31	https://ftp.sra.ebi.ac.uk/vol1/fastq/SRR376/071/SRR37629071/SRR37629071_1.fastq.gz	https://ftp.sra.ebi.ac.uk/vol1/fastq/SRR376/071/SRR37629071/SRR37629071_2.fastq.gz
Xanthomonas campestris	NCPPB_4682	NCPPB 4682 (Xc318)		Serbia	Brassica napus	SAMN56511387	PRJNA1437458	SRX32509485	SRR37629070	NCPPB_4682__Xanthomonas_campestris	PAIRED	ILLUMINA	1591015508	794508572	796506936	29d7ded519eb3cdb1b7df7653008eb40	849c23b5b84ac75514cbc47963929493	https://ftp.sra.ebi.ac.uk/vol1/fastq/SRR376/070/SRR37629070/SRR37629070_1.fastq.gz	https://ftp.sra.ebi.ac.uk/vol1/fastq/SRR376/070/SRR37629070/SRR37629070_2.fastq.gz
Xanthomonas campestris	NCPPB_528	WHRI 5212 (NCPPB 528)	campestris	United Kingdom	Brassica oleracea	SAMN36368329	PRJNA988133	SRX20952057	SRR25205299	NCPPB_528__Xanthomonas_campestris	PAIRED	ILLUMINA	296980903	148366634	148614269	345c95de27e8ba1fecb02025cfd0b785	6d63e474285f791fd8e9bbd5ee2a2e58	https://ftp.sra.ebi.ac.uk/vol1/fastq/SRR252/099/SRR25205299/SRR25205299_1.fastq.gz	https://ftp.sra.ebi.ac.uk/vol1/fastq/SRR252/099/SRR25205299/SRR25205299_2.fastq.gz
Xanthomonas campestris	NCPPB_529	WHRI 6381 (NCPPB 529)	campestris	United Kingdom	Brassica oleracea	SAMN36346972	PRJNA988133	SRX20931013	SRR25183329	NCPPB_529__Xanthomonas_campestris	PAIRED	ILLUMINA	527494048	264257444	263236604	0e1303091950df695fd7369d3dc913ec	fde4fe90042f580b135feb22a9b91b4d	https://ftp.sra.ebi.ac.uk/vol1/fastq/SRR251/029/SRR25183329/SRR25183329_1.fastq.gz	https://ftp.sra.ebi.ac.uk/vol1/fastq/SRR251/029/SRR25183329/SRR25183329_2.fastq.gz
Xanthomonas campestris	NCPPB_570	NCPPB 570	amaranthicola	India	Amaranthus viridis	SAMN42488058	PRJNA742925	SRX25321973	SRR29823100	NCPPB_570__Xanthomonas_campestris	PAIRED	ILLUMINA	426126811	200396845	225729966	4e32d92a53d5c80bff5783323b0179f9	17119af7f725063388b009a9eb25a68f	https://ftp.sra.ebi.ac.uk/vol1/fastq/SRR298/000/SRR29823100/SRR29823100_1.fastq.gz	https://ftp.sra.ebi.ac.uk/vol1/fastq/SRR298/000/SRR29823100/SRR29823100_2.fastq.gz
Xanthomonas campestris	NCPPB_937	NCPPB 937	incanae	United States	Matthiola sp.	SAMN22552838	PRJNA774128	SRX25322027	SRR29823159	NCPPB_937__Xanthomonas_campestris	PAIRED	ILLUMINA	313485681	148699364	164786317	c5504a8c9d61d8b3f3f52e7e502ebffb	b1a7a803a9b06f11d627c6f4c48f9d81	https://ftp.sra.ebi.ac.uk/vol1/fastq/SRR298/059/SRR29823159/SRR29823159_1.fastq.gz	https://ftp.sra.ebi.ac.uk/vol1/fastq/SRR298/059/SRR29823159/SRR29823159_2.fastq.gz
Xanthomonas campestris	NCPPB_942	NCPPB 942		United States	Barbarea vulgaris	SAMN57360824	PRJNA485808	SRX33020586	SRR38178868	NCPPB_942__Xanthomonas_campestris	PAIRED	ILLUMINA	801467260	391099930	410367330	bd793b9ebf66a50563c7c632b1d95a0c	4930e22caaa8b94d2e293a56427835cb	https://ftp.sra.ebi.ac.uk/vol1/fastq/SRR381/068/SRR38178868/SRR38178868_1.fastq.gz	https://ftp.sra.ebi.ac.uk/vol1/fastq/SRR381/068/SRR38178868/SRR38178868_2.fastq.gz
Xanthomonas campestris	NCPPB_983	NCPPB 983	barbareae	United States	Barbarea vulgaris	SAMN22552839	PRJNA774128	SRX25322028	SRR29823158	NCPPB_983__Xanthomonas_campestris	PAIRED	ILLUMINA	219123271	103873529	115249742	416a1e1ed56676604d1303bfe9c6ae8f	e0c7c3ddb308d460280889055fd763c6	https://ftp.sra.ebi.ac.uk/vol1/fastq/SRR298/058/SRR29823158/SRR29823158_1.fastq.gz	https://ftp.sra.ebi.ac.uk/vol1/fastq/SRR298/058/SRR29823158/SRR29823158_2.fastq.gz
Xanthomonas citri	NCPPB-1471	NCPPB-1471	citri	China	agricultural field; Citrus x paradisi	SAMN30973815	PRJNA883598	SRX17682513	SRR21684635	NCPPB-1471__Xanthomonas_citri	PAIRED	ILLUMINA	453246957	225826706	227420251	6c5c928152013adf6641f66ad7c09581	ba1490bfb40524d375d19b331d37f584	https://ftp.sra.ebi.ac.uk/vol1/fastq/SRR216/035/SRR21684635/SRR21684635_1.fastq.gz	https://ftp.sra.ebi.ac.uk/vol1/fastq/SRR216/035/SRR21684635/SRR21684635_2.fastq.gz
Xanthomonas citri	NCPPB_1056	NCPPB 1056		United Kingdom	Phaseolus vulgaris	SAMN03142809	PRJNA264809	SRX1049856	SRR2052425	NCPPB_1056__Xanthomonas_citri	PAIRED	ILLUMINA	192516780	87426899	105089881	207ea0a912255ba6017c65afc71a4482	e659dbe8d7c99b65145bda856a4df1c1	https://ftp.sra.ebi.ac.uk/vol1/fastq/SRR205/005/SRR2052425/SRR2052425_1.fastq.gz	https://ftp.sra.ebi.ac.uk/vol1/fastq/SRR205/005/SRR2052425/SRR2052425_2.fastq.gz
Xanthomonas citri	NCPPB_1058	NCPPB 1058		Ethiopia	Phaseolus vulgaris	SAMN03142815	PRJNA264815	SRX1049857	SRR2052426	NCPPB_1058__Xanthomonas_citri	PAIRED	ILLUMINA	690005935	310349415	379656520	3a23ce208da1aff68e5f9a5e21f6cfca	03c891abd9ce1a26f33fa954a1adbf7d	https://ftp.sra.ebi.ac.uk/vol1/fastq/SRR205/006/SRR2052426/SRR2052426_1.fastq.gz	https://ftp.sra.ebi.ac.uk/vol1/fastq/SRR205/006/SRR2052426/SRR2052426_2.fastq.gz
Xanthomonas citri	NCPPB_1158	NCPPB 1158	fuscans	United Kingdom	Phaseolus vulgaris	SAMN03142401	PRJNA264774	SRX1049874	SRR2052443	NCPPB_1158__Xanthomonas_citri	PAIRED	ILLUMINA	179347738	78414322	100933416	8563ab4cee17c801bc827b973534c4e3	9c35e7f289c1ac43efc202647bed7a5b	https://ftp.sra.ebi.ac.uk/vol1/fastq/SRR205/003/SRR2052443/SRR2052443_1.fastq.gz	https://ftp.sra.ebi.ac.uk/vol1/fastq/SRR205/003/SRR2052443/SRR2052443_2.fastq.gz
Xanthomonas citri	NCPPB_1335	NCPPB 1335	bauhiniae	India	Bauhinia racemosa	SAMN42283061	PRJNA1131443	SRX25197968	SRR29695113	NCPPB_1335__Xanthomonas_citri	PAIRED	ILLUMINA	491716950	242030352	249686598	20beef9608a54c3ab1c303594afc7a44	7cdd009313a7a5a2c2550cfcac31b1d6	https://ftp.sra.ebi.ac.uk/vol1/fastq/SRR296/013/SRR29695113/SRR29695113_1.fastq.gz	https://ftp.sra.ebi.ac.uk/vol1/fastq/SRR296/013/SRR29695113/SRR29695113_2.fastq.gz
Xanthomonas citri	NCPPB_1402	NCPPB 1402		Uganda	Phaseolus vulgaris	SAMN03142810	PRJNA264810	SRX1049873	SRR2052442	NCPPB_1402__Xanthomonas_citri	PAIRED	ILLUMINA	96681255	44806346	51874909	ba608be17fa1e3dda549b5fa4f372d6a	15f79e84af3246c85dcfd23b1e2d3c0e	https://ftp.sra.ebi.ac.uk/vol1/fastq/SRR205/002/SRR2052442/SRR2052442_1.fastq.gz	https://ftp.sra.ebi.ac.uk/vol1/fastq/SRR205/002/SRR2052442/SRR2052442_2.fastq.gz
Xanthomonas citri	NCPPB_1433	NCPPB 1433		Hungary	Phaseolus vulgaris	SAMN03142399	PRJNA264773	SRX1049858	SRR2052427	NCPPB_1433__Xanthomonas_citri	PAIRED	ILLUMINA	226252942	100662803	125590139	06c9b97cac264dee797e87c04956be20	e92e02e36be5d7669cb71c18d60f5dce	https://ftp.sra.ebi.ac.uk/vol1/fastq/SRR205/007/SRR2052427/SRR2052427_1.fastq.gz	https://ftp.sra.ebi.ac.uk/vol1/fastq/SRR205/007/SRR2052427/SRR2052427_2.fastq.gz
Xanthomonas citri	NCPPB_1495	NCPPB 1495	fuscans	United Kingdom	Phaseolus vulgaris	SAMN03142808	PRJNA264808	SRX1049875	SRR2052458	NCPPB_1495__Xanthomonas_citri	PAIRED	ILLUMINA	159200506	71626785	87573721	b64e12c4bd943d9d42bc7a344df6c070	4faba33e4e6cd3bf32a1c1871d3a9223	https://ftp.sra.ebi.ac.uk/vol1/fastq/SRR205/008/SRR2052458/SRR2052458_1.fastq.gz	https://ftp.sra.ebi.ac.uk/vol1/fastq/SRR205/008/SRR2052458/SRR2052458_2.fastq.gz
Xanthomonas citri	NCPPB_1654	NCPPB 1654		South Africa	Phaseolus vulgaris	SAMN03142402	PRJNA264775	SRX1049860	SRR2052433	NCPPB_1654__Xanthomonas_citri	PAIRED	ILLUMINA	432997552	192089023	240908529	3c8051ae4a7ac23a21c3de475dd5accc	204f41c81ae80c0964f381e2d62cd6a0	https://ftp.sra.ebi.ac.uk/vol1/fastq/SRR205/003/SRR2052433/SRR2052433_1.fastq.gz	https://ftp.sra.ebi.ac.uk/vol1/fastq/SRR205/003/SRR2052433/SRR2052433_2.fastq.gz
Xanthomonas citri	NCPPB_1713	NCPPB 1713		Zimbabwe	Lablab purpureus	SAMN56511364	PRJNA1437458	SRX32509494	SRR37629061	NCPPB_1713__Xanthomonas_citri	PAIRED	ILLUMINA	1107557953	552959301	554598652	3de33345ff9d45abd49175c3a7314a49	134bf99f4169c0d1e24370fc1ac4af17	https://ftp.sra.ebi.ac.uk/vol1/fastq/SRR376/061/SRR37629061/SRR37629061_1.fastq.gz	https://ftp.sra.ebi.ac.uk/vol1/fastq/SRR376/061/SRR37629061/SRR37629061_2.fastq.gz
Xanthomonas citri	NCPPB_1827	NCPPB 1827	rhynchosiae	Sudan	Rhynchosia minima	SAMN42180188	PRJNA1130015	SRX25159412	SRR29655371	NCPPB_1827__Xanthomonas_citri	PAIRED	ILLUMINA	455779583	223805605	231973978	72b4f8a17d3016a234672d8e61fd523b	bb77de89fe05f6c6fcc1f31dfb6fd961	https://ftp.sra.ebi.ac.uk/vol1/fastq/SRR296/071/SRR29655371/SRR29655371_1.fastq.gz	https://ftp.sra.ebi.ac.uk/vol1/fastq/SRR296/071/SRR29655371/SRR29655371_2.fastq.gz
Xanthomonas citri	NCPPB_1838	WHRI 10263 (NCPPB 1838)	fuscans		Vigna unguiculata subsp. unguiculata	SAMN40354538	PRJNA991976	SRX23890770	SRR28281415	NCPPB_1838__Xanthomonas_citri	PAIRED	ILLUMINA	402743843	201314920	201428923	b2dd4b0638295c6f330403743e262d30	7a3aca1abd02c76770256a9771cdd586	https://ftp.sra.ebi.ac.uk/vol1/fastq/SRR282/015/SRR28281415/SRR28281415_1.fastq.gz	https://ftp.sra.ebi.ac.uk/vol1/fastq/SRR282/015/SRR28281415/SRR28281415_2.fastq.gz
Xanthomonas citri	NCPPB_2058	NCPPB 2058	vignaeradiatae	Sudan	Vigna radiata	SAMN42278565	PRJNA742925	SRX25195818	SRR29692762	NCPPB_2058__Xanthomonas_citri	PAIRED	ILLUMINA	505994056	248382024	257612032	e8e06dcd79b165c1fae8c9f9cb20ae3a	98d320f3848e3bcd7609829428d7ee37	https://ftp.sra.ebi.ac.uk/vol1/fastq/SRR296/062/SRR29692762/SRR29692762_1.fastq.gz	https://ftp.sra.ebi.ac.uk/vol1/fastq/SRR296/062/SRR29692762/SRR29692762_2.fastq.gz
Xanthomonas citri	NCPPB_2060	NCPPB 2060	rhynchosiae	Sudan	Rhynchosia minima	SAMN42180189	PRJNA1130015	SRX25159413	SRR29655370	NCPPB_2060__Xanthomonas_citri	PAIRED	ILLUMINA	499805975	245407654	254398321	56e066f00f10d3d624fc943b59a87c85	5794279b53e031d6701e8ff1dc790901	https://ftp.sra.ebi.ac.uk/vol1/fastq/SRR296/070/SRR29655370/SRR29655370_1.fastq.gz	https://ftp.sra.ebi.ac.uk/vol1/fastq/SRR296/070/SRR29655370/SRR29655370_2.fastq.gz
Xanthomonas citri	NCPPB_2063	NCPPB 2063	cajani	Sudan	Cajanus cajan	SAMN42284474	PRJNA1131453	SRX25197858	SRR29694808	NCPPB_2063__Xanthomonas_citri	PAIRED	ILLUMINA	493766849	242161692	251605157	d719fc2f311662961ca542a4c041f2ad	0a490895a268b02b95b2f76115378f7d	https://ftp.sra.ebi.ac.uk/vol1/fastq/SRR296/008/SRR29694808/SRR29694808_1.fastq.gz	https://ftp.sra.ebi.ac.uk/vol1/fastq/SRR296/008/SRR29694808/SRR29694808_2.fastq.gz
Xanthomonas citri	NCPPB_2064	NCPPB 2064		Sudan	Lablab purpureus	SAMN56511367	PRJNA1437458	SRX32509463	SRR37629092	NCPPB_2064__Xanthomonas_citri	PAIRED	ILLUMINA	1127103414	562209489	564893925	fd4774d60547bc7aa39c7fe67f059c25	91b218d71d16f4a655024be01b228c53	https://ftp.sra.ebi.ac.uk/vol1/fastq/SRR376/092/SRR37629092/SRR37629092_1.fastq.gz	https://ftp.sra.ebi.ac.uk/vol1/fastq/SRR376/092/SRR37629092/SRR37629092_2.fastq.gz
Xanthomonas citri	NCPPB_211	NCPPB_211	citri	India	Citrus sp.; Citrus leaf	SAMN13783128	PRJNA599566	SRX7846585	SRR11234665	NCPPB_211__Xanthomonas_citri	PAIRED	ILLUMINA	244775770	91086669	100312716	4fd489507ef6a7ae6dbca2ac8fd728d3	57175f143baec6f471bf934e55933db8	https://ftp.sra.ebi.ac.uk/vol1/fastq/SRR112/065/SRR11234665/SRR11234665_1.fastq.gz	https://ftp.sra.ebi.ac.uk/vol1/fastq/SRR112/065/SRR11234665/SRR11234665_2.fastq.gz
Xanthomonas citri	NCPPB_226	NCPPB_226	citri	New Zealand	Citrus sp.; Citrus leaf	SAMN13783184	PRJNA599566	SRX7846586	SRR11234664	NCPPB_226__Xanthomonas_citri	PAIRED	ILLUMINA	280141458	103739249	114166404	6dd6aa8dc66629ba0db1b84ff650fc95	4a89d37f2f24f3cdfa3e4e891604994b	https://ftp.sra.ebi.ac.uk/vol1/fastq/SRR112/064/SRR11234664/SRR11234664_1.fastq.gz	https://ftp.sra.ebi.ac.uk/vol1/fastq/SRR112/064/SRR11234664/SRR11234664_2.fastq.gz
Xanthomonas citri	NCPPB_2665	NCPPB 2665		Italy	Phaseolus vulgaris	SAMN03142403	PRJNA264776	SRX1049859	SRR2052428	NCPPB_2665__Xanthomonas_citri	PAIRED	ILLUMINA	322169703	146539336	175630367	466664d16ef0e248fbccb114ad0ea473	bd2bc47d353a12fba32e930a891b5820	https://ftp.sra.ebi.ac.uk/vol1/fastq/SRR205/008/SRR2052428/SRR2052428_1.fastq.gz	https://ftp.sra.ebi.ac.uk/vol1/fastq/SRR205/008/SRR2052428/SRR2052428_2.fastq.gz
Xanthomonas citri	NCPPB_2832	NCPPB 2832	aracearum	France	Xanthosoma sagittifolium	SAMN42278575	PRJNA742925	SRX25195820	SRR29692760	NCPPB_2832__Xanthomonas_citri	PAIRED	ILLUMINA	497978042	245267878	252710164	c596d58ae0a60eee5ac788831de03015	8c1cf309bdb182dea08aa1b1a84164a0	https://ftp.sra.ebi.ac.uk/vol1/fastq/SRR296/060/SRR29692760/SRR29692760_1.fastq.gz	https://ftp.sra.ebi.ac.uk/vol1/fastq/SRR296/060/SRR29692760/SRR29692760_2.fastq.gz
Xanthomonas citri	NCPPB_2914	NCPPB 2914	rhynchosiae	Barbados	Rhynchosiae phaseoloides	SAMN42180190	PRJNA1130015	SRX25159414	SRR29655369	NCPPB_2914__Xanthomonas_citri	PAIRED	ILLUMINA	481971901	237360792	244611109	66c876b63c5072e3931d32071157fb0b	e9b7d74869ca7a3461d4c691487d8b35	https://ftp.sra.ebi.ac.uk/vol1/fastq/SRR296/069/SRR29655369/SRR29655369_1.fastq.gz	https://ftp.sra.ebi.ac.uk/vol1/fastq/SRR296/069/SRR29655369/SRR29655369_2.fastq.gz
Xanthomonas citri	NCPPB_3086	NCPPB 3086	desmodiilaxiflori	India	Sohmaea laxiflora	SAMN42278568	PRJNA742925	SRX25195822	SRR29692758	NCPPB_3086__Xanthomonas_citri	PAIRED	ILLUMINA	495892185	244653884	251238301	33272e5b02e3e1ca3a6055ce81012a5c	17b2e82852f10887a04d6834ca88ec7a	https://ftp.sra.ebi.ac.uk/vol1/fastq/SRR296/058/SRR29692758/SRR29692758_1.fastq.gz	https://ftp.sra.ebi.ac.uk/vol1/fastq/SRR296/058/SRR29692758/SRR29692758_2.fastq.gz
Xanthomonas citri	NCPPB_3114	NCPPB 3114	merremiae	India	Merremia gangetica	SAMN19988993	PRJNA742925	SRX11610076	SRR15305415	NCPPB_3114__Xanthomonas_citri	PAIRED	ILLUMINA	394270863	185087267	209183596	7020f71312f7074ef0161103ea5fc083	6e25c3d9b1a549e32beccdec7374806a	https://ftp.sra.ebi.ac.uk/vol1/fastq/SRR153/015/SRR15305415/SRR15305415_1.fastq.gz	https://ftp.sra.ebi.ac.uk/vol1/fastq/SRR153/015/SRR15305415/SRR15305415_2.fastq.gz
Xanthomonas citri	NCPPB_3162	NCPPB 3162		India	Sorghum sp.	SAMN22555461	PRJNA774146	SRX18248642	SRR22272560	NCPPB_3162__Xanthomonas_citri	PAIRED	ILLUMINA	264661896	124364605	140297291	4cd6fb834b8d8cc28ae311883a45d546	6cf12c859e90691314eb911cf99cec5f	https://ftp.sra.ebi.ac.uk/vol1/fastq/SRR222/060/SRR22272560/SRR22272560_1.fastq.gz	https://ftp.sra.ebi.ac.uk/vol1/fastq/SRR222/060/SRR22272560/SRR22272560_2.fastq.gz
Xanthomonas citri	NCPPB_3562	NCPPB3562		India	Citrus limon; Citrus leaf	SAMN13783129	PRJNA599566	SRX7846588	SRR11234662	NCPPB_3562__Xanthomonas_citri	PAIRED	ILLUMINA	2309906524	1055329398	1073010468	329a65616cfa0078328fe0547c8f3ac8	68ce63ea52c87d298e0d7c9bee9b3715	https://ftp.sra.ebi.ac.uk/vol1/fastq/SRR112/062/SRR11234662/SRR11234662_1.fastq.gz	https://ftp.sra.ebi.ac.uk/vol1/fastq/SRR112/062/SRR11234662/SRR11234662_2.fastq.gz
Xanthomonas citri	NCPPB_381	WHRI 10261 (NCPPB 381)	fuscans	Canada	Phaseolus vulgaris	SAMN40354536	PRJNA991976	SRX23890768	SRR28281417	NCPPB_381__Xanthomonas_citri	PAIRED	ILLUMINA	400057653	199966935	200090718	6570485698d656a4a446038ff6d5d6f3	235792fea08f8cb3d4986755610d46db	https://ftp.sra.ebi.ac.uk/vol1/fastq/SRR282/017/SRR28281417/SRR28281417_1.fastq.gz	https://ftp.sra.ebi.ac.uk/vol1/fastq/SRR282/017/SRR28281417/SRR28281417_2.fastq.gz
Xanthomonas citri	NCPPB_406	NCPPB406	citri	New Zealand	Citrus sp.; Citrus leaf	SAMN13783185	PRJNA599566	SRX7846589	SRR11234661	NCPPB_406__Xanthomonas_citri	PAIRED	ILLUMINA	292738359	108964557	117760743	dfaedf19f64df0d20481304555f895c2	de7cfc4f176e3179d007a5704d37e3db	https://ftp.sra.ebi.ac.uk/vol1/fastq/SRR112/061/SRR11234661/SRR11234661_1.fastq.gz	https://ftp.sra.ebi.ac.uk/vol1/fastq/SRR112/061/SRR11234661/SRR11234661_2.fastq.gz
Xanthomonas citri	NCPPB_4590	WHRI 10264 (NCPPB 4590)	citri	United States	Citrus x aurantiifolia	SAMN40354539	PRJNA991976	SRX23890771	SRR28281414	NCPPB_4590__Xanthomonas_citri	PAIRED	ILLUMINA	383504836	191692482	191812354	cd31a351634d93f0d2a15932027389e7	8ccda2d80a5803a3a865d709ae38a410	https://ftp.sra.ebi.ac.uk/vol1/fastq/SRR282/014/SRR28281414/SRR28281414_1.fastq.gz	https://ftp.sra.ebi.ac.uk/vol1/fastq/SRR282/014/SRR28281414/SRR28281414_2.fastq.gz
Xanthomonas citri	NCPPB_536	NCPPB 536	khayae	Sudan	Khaya senegalensis	SAMN42284536	PRJNA1131458	SRX25197915	SRR29695060	NCPPB_536__Xanthomonas_citri	PAIRED	ILLUMINA	498237221	245398332	252838889	8baab39f9ca09ee085b9ad663a9e5f1a	dfc2a32d1eab2f3179733d2b99e44155	https://ftp.sra.ebi.ac.uk/vol1/fastq/SRR296/060/SRR29695060/SRR29695060_1.fastq.gz	https://ftp.sra.ebi.ac.uk/vol1/fastq/SRR296/060/SRR29695060/SRR29695060_2.fastq.gz
Xanthomonas citri	NCPPB_556	NCPPB 556		Sudan	Lablab purpureus	SAMN56511388	PRJNA1437458	SRX32509486	SRR37629069	NCPPB_556__Xanthomonas_citri	PAIRED	ILLUMINA	1298848130	647687818	651160312	28d69a54ecb5ebf07ffc93bd6a50953e	9b41001835ec7de8dcdffc616e8038de	https://ftp.sra.ebi.ac.uk/vol1/fastq/SRR376/069/SRR37629069/SRR37629069_1.fastq.gz	https://ftp.sra.ebi.ac.uk/vol1/fastq/SRR376/069/SRR37629069/SRR37629069_2.fastq.gz
Xanthomonas citri	NCPPB_557	NCPPB 557		Sudan	Lablab purpureus	SAMN56511389	PRJNA1437458	SRX32509487	SRR37629068	NCPPB_557__Xanthomonas_citri	PAIRED	ILLUMINA	1041929213	520544709	521384504	c05aa970d13bfe709f9820cfbb062f8a	8c87a640df005426c9e56ddb17195ef3	https://ftp.sra.ebi.ac.uk/vol1/fastq/SRR376/068/SRR37629068/SRR37629068_1.fastq.gz	https://ftp.sra.ebi.ac.uk/vol1/fastq/SRR376/068/SRR37629068/SRR37629068_2.fastq.gz
Xanthomonas citri	NCPPB_573	NCPPB 573	cajani	India	Cajanus cajan	SAMN42284473	PRJNA1131453	SRX25197857	SRR29694809	NCPPB_573__Xanthomonas_citri	PAIRED	ILLUMINA	143510748	70595836	72914912	c49783d50e87292ce85dd96a425fae8f	9f6f1830bf40028b4f586077e7e8ee74	https://ftp.sra.ebi.ac.uk/vol1/fastq/SRR296/009/SRR29694809/SRR29694809_1.fastq.gz	https://ftp.sra.ebi.ac.uk/vol1/fastq/SRR296/009/SRR29694809/SRR29694809_2.fastq.gz
Xanthomonas citri	NCPPB_585	NCPPB 585	trichodesmae	India	Trichodesma zeylanicum	SAMN19988994	PRJNA742925	SRX11610067	SRR15305424	NCPPB_585__Xanthomonas_citri	PAIRED	ILLUMINA	533079267	250241593	282837674	257506670b78b515f0b73df66fe605ad	3adbc10b3fe323299d2b38e6f7912701	https://ftp.sra.ebi.ac.uk/vol1/fastq/SRR153/024/SRR15305424/SRR15305424_1.fastq.gz	https://ftp.sra.ebi.ac.uk/vol1/fastq/SRR153/024/SRR15305424/SRR15305424_2.fastq.gz
Xanthomonas citri	NCPPB_633	WHRI 10262 (NCPPB 633)	malvacearum	Sudan	Gossypium	SAMN40354537	PRJNA991976	SRX23890769	SRR28281416	NCPPB_633__Xanthomonas_citri	PAIRED	ILLUMINA	393341507	196615177	196726330	c0df8e5431c5b560227ce9469f45d557	bf66e38868c7d010196ba3b73067b03a	https://ftp.sra.ebi.ac.uk/vol1/fastq/SRR282/016/SRR28281416/SRR28281416_1.fastq.gz	https://ftp.sra.ebi.ac.uk/vol1/fastq/SRR282/016/SRR28281416/SRR28281416_2.fastq.gz
Xanthomonas citri	NCPPB_646	NCPPB 646	khayae	Sudan	Khaya senegalensis	SAMN42284537	PRJNA1131458	SRX25197916	SRR29695059	NCPPB_646__Xanthomonas_citri	PAIRED	ILLUMINA	488797887	241720126	247077761	e4629568e31354949f611e0ea11e931a	bc4a191609dbacf872647a58d0dd2ab6	https://ftp.sra.ebi.ac.uk/vol1/fastq/SRR296/059/SRR29695059/SRR29695059_1.fastq.gz	https://ftp.sra.ebi.ac.uk/vol1/fastq/SRR296/059/SRR29695059/SRR29695059_2.fastq.gz
Xanthomonas citri	NCPPB_670	NCPPB 670		Uganda	Phaseolus vulgaris; Infected bean plant	SAMN03097370	PRJNA263153	SRX1049872	SRR2052441	NCPPB_670__Xanthomonas_citri	PAIRED	ILLUMINA	146944135	65870374	81073761	4acc5d2c3fec646dbfbdf64e457b778e	35dcb175ee19ad995903dcacde0fd941	https://ftp.sra.ebi.ac.uk/vol1/fastq/SRR205/001/SRR2052441/SRR2052441_1.fastq.gz	https://ftp.sra.ebi.ac.uk/vol1/fastq/SRR205/001/SRR2052441/SRR2052441_2.fastq.gz
Xanthomonas citri	NCPPB_976	NCPPB 976		United States		SAMN09704274	PRJNA482368	SRX4492662	SRR7628814	NCPPB_976__Xanthomonas_citri	PAIRED	ILLUMINA	3620557408	1682555474	1938001934	1165f76020c1a55d577ba69c42bc7ff7	79350ef03dd70e8f995bdb71b4b854b0	https://ftp.sra.ebi.ac.uk/vol1/fastq/SRR762/004/SRR7628814/SRR7628814_1.fastq.gz	https://ftp.sra.ebi.ac.uk/vol1/fastq/SRR762/004/SRR7628814/SRR7628814_2.fastq.gz
Xanthomonas euvesicatoria	NCPPB_1062	NCPPB 1062		Papua New Guinea	Dioscorea esculenta	SAMN42161497	PRJNA1129555	SRX25148563	SRR29644179	NCPPB_1062__Xanthomonas_euvesicatoria	PAIRED	ILLUMINA	489496229	241776982	247719247	53362971cc66fcb94508420570db3030	2494a97989fc2eba47b2ef702a7651dd	https://ftp.sra.ebi.ac.uk/vol1/fastq/SRR296/079/SRR29644179/SRR29644179_1.fastq.gz	https://ftp.sra.ebi.ac.uk/vol1/fastq/SRR296/079/SRR29644179/SRR29644179_2.fastq.gz
Xanthomonas euvesicatoria	NCPPB_1063	NCPPB 1063	ricini	Ethiopia	Ricinus communis	SAMN42178441	PRJNA1129907	SRX25158709	SRR29654668	NCPPB_1063__Xanthomonas_euvesicatoria	PAIRED	ILLUMINA	509114377	251015953	258098424	2f24a1612cc77541bb44f20a8ba6476c	a3415014eda7876a15ffcfb7e020de0a	https://ftp.sra.ebi.ac.uk/vol1/fastq/SRR296/068/SRR29654668/SRR29654668_1.fastq.gz	https://ftp.sra.ebi.ac.uk/vol1/fastq/SRR296/068/SRR29654668/SRR29654668_2.fastq.gz
Xanthomonas euvesicatoria	NCPPB_1324	NCPPB 1324	ricini	China	Ricinus communis	SAMN42178442	PRJNA1129907	SRX25158710	SRR29654667	NCPPB_1324__Xanthomonas_euvesicatoria	PAIRED	ILLUMINA	509841141	250885373	258955768	511bb35060581256f9db6957f32abf06	69a6acf78dcfc9cac75ac47109a986a5	https://ftp.sra.ebi.ac.uk/vol1/fastq/SRR296/067/SRR29654667/SRR29654667_1.fastq.gz	https://ftp.sra.ebi.ac.uk/vol1/fastq/SRR296/067/SRR29654667/SRR29654667_2.fastq.gz
Xanthomonas euvesicatoria	NCPPB_1334	NCPPB 1334	ionidii	India	Ionidium sp.	SAMN19988970	PRJNA742925	SRX11610069	SRR15305422	NCPPB_1334__Xanthomonas_euvesicatoria	PAIRED	ILLUMINA	153415294	73563118	79852176	3027f04a4531bd04235312591d6972cf	8afda9f626e30b48a331fdb81702e220	https://ftp.sra.ebi.ac.uk/vol1/fastq/SRR153/022/SRR15305422/SRR15305422_1.fastq.gz	https://ftp.sra.ebi.ac.uk/vol1/fastq/SRR153/022/SRR15305422/SRR15305422_2.fastq.gz
Xanthomonas euvesicatoria	NCPPB_1336	NCPPB 1336	alangii	India	Alangium sp.	SAMN19988971	PRJNA742925	SRX11610066	SRR15305425	NCPPB_1336__Xanthomonas_euvesicatoria	PAIRED	ILLUMINA	273645487	128173014	145472473	7c6986a76311231f34e19eb09ea9ed5c	f4e9772573757edbc53e857077000e9c	https://ftp.sra.ebi.ac.uk/vol1/fastq/SRR153/025/SRR15305425/SRR15305425_1.fastq.gz	https://ftp.sra.ebi.ac.uk/vol1/fastq/SRR153/025/SRR15305425/SRR15305425_2.fastq.gz
Xanthomonas euvesicatoria	NCPPB_1473	NCPPB 1473	ricini	Zimbabwe	Ricinus communis	SAMN42178443	PRJNA1129907	SRX25158711	SRR29654666	NCPPB_1473__Xanthomonas_euvesicatoria	PAIRED	ILLUMINA	485933291	239602083	246331208	d15993bd658c127f2e7dc5bbc6ee4338	d49fc3c69fb00af6da0eca614eb5fea8	https://ftp.sra.ebi.ac.uk/vol1/fastq/SRR296/066/SRR29654666/SRR29654666_1.fastq.gz	https://ftp.sra.ebi.ac.uk/vol1/fastq/SRR296/066/SRR29654666/SRR29654666_2.fastq.gz
Xanthomonas euvesicatoria	NCPPB_1475	NCPPB 1475	cassiae	India	Senna tora	SAMN42178453	PRJNA1129911	SRX25158672	SRR29654628	NCPPB_1475__Xanthomonas_euvesicatoria	PAIRED	ILLUMINA	491474611	242343954	249130657	b517deab43d98a66a2a39d2848f2fc54	0e549ee2f18a0e22c8d1c1aa93cbe92e	https://ftp.sra.ebi.ac.uk/vol1/fastq/SRR296/028/SRR29654628/SRR29654628_1.fastq.gz	https://ftp.sra.ebi.ac.uk/vol1/fastq/SRR296/028/SRR29654628/SRR29654628_2.fastq.gz
Xanthomonas euvesicatoria	NCPPB_1684	NCPPB 1684	ricini	Kenya	Ricinus communis	SAMN42178444	PRJNA1129907	SRX25158712	SRR29654665	NCPPB_1684__Xanthomonas_euvesicatoria	PAIRED	ILLUMINA	502071208	247431046	254640162	70bdf4a964f966f142d5988c31888fef	3b32d7213da40b223be337f02da4374b	https://ftp.sra.ebi.ac.uk/vol1/fastq/SRR296/065/SRR29654665/SRR29654665_1.fastq.gz	https://ftp.sra.ebi.ac.uk/vol1/fastq/SRR296/065/SRR29654665/SRR29654665_2.fastq.gz
Xanthomonas euvesicatoria	NCPPB_1754	NCPPB 1754		India	Celsia sp.	SAMN42161502	PRJNA1129555	SRX25148568	SRR29644174	NCPPB_1754__Xanthomonas_euvesicatoria	PAIRED	ILLUMINA	499793629	246273748	253519881	13eab17ac908a5ba130d713c9f3dcc5c	534414abca7702b0c354fc1ce9cb1abc	https://ftp.sra.ebi.ac.uk/vol1/fastq/SRR296/074/SRR29644174/SRR29644174_1.fastq.gz	https://ftp.sra.ebi.ac.uk/vol1/fastq/SRR296/074/SRR29644174/SRR29644174_2.fastq.gz
Xanthomonas euvesicatoria	NCPPB_1756	NCPPB 1756		India	Physalis minima	SAMN19988972	PRJNA742925	SRX11610074	SRR15305417	NCPPB_1756__Xanthomonas_euvesicatoria	PAIRED	ILLUMINA	382346484	180037569	202308915	5f0f9a262805bede7dccf1e5f52db8b6	b86617081d5729ee57b12d834daaf596	https://ftp.sra.ebi.ac.uk/vol1/fastq/SRR153/017/SRR15305417/SRR15305417_1.fastq.gz	https://ftp.sra.ebi.ac.uk/vol1/fastq/SRR153/017/SRR15305417/SRR15305417_2.fastq.gz
Xanthomonas euvesicatoria	NCPPB_1757	NCPPB 1757	blepharidis	India	Blepharis sp.	SAMN19988973	PRJNA742925	SRX11610068	SRR15305423	NCPPB_1757__Xanthomonas_euvesicatoria	PAIRED	ILLUMINA	154312049	72671620	81640429	6506d468c794099c03b3f921bc5ac4a3	f06cbf37aa08dcaf362cb04145f47e30	https://ftp.sra.ebi.ac.uk/vol1/fastq/SRR153/023/SRR15305423/SRR15305423_1.fastq.gz	https://ftp.sra.ebi.ac.uk/vol1/fastq/SRR153/023/SRR15305423/SRR15305423_2.fastq.gz
Xanthomonas euvesicatoria	NCPPB_1758	NCPPB 1758	coriandri	India	Coriandrum sativum	SAMN19988974	PRJNA742925	SRX11610061	SRR15305430	NCPPB_1758__Xanthomonas_euvesicatoria	PAIRED	ILLUMINA	368495733	172522826	195972907	e285048150eccefb345a5eb7128cee42	5a103f47a1484b35a9f8ffbe6ef15087	https://ftp.sra.ebi.ac.uk/vol1/fastq/SRR153/030/SRR15305430/SRR15305430_1.fastq.gz	https://ftp.sra.ebi.ac.uk/vol1/fastq/SRR153/030/SRR15305430/SRR15305430_2.fastq.gz
Xanthomonas euvesicatoria	NCPPB_1760	NCPPB 1760	spermacoces	India	Spermacoce hispida	SAMN19988975	PRJNA742925	SRX11610070	SRR15305421	NCPPB_1760__Xanthomonas_euvesicatoria	PAIRED	ILLUMINA	434769503	201789083	232980420	1f89992313568dabd619c8f514f3071d	a1c0363351bb6c0e12611abe44deaef2	https://ftp.sra.ebi.ac.uk/vol1/fastq/SRR153/021/SRR15305421/SRR15305421_1.fastq.gz	https://ftp.sra.ebi.ac.uk/vol1/fastq/SRR153/021/SRR15305421/SRR15305421_2.fastq.gz
Xanthomonas euvesicatoria	NCPPB_1787	NCPPB 1787	veroniae	India	Cyanthillium cinereum	SAMN19988976	PRJNA742925	SRX11610059	SRR15305432	NCPPB_1787__Xanthomonas_euvesicatoria	PAIRED	ILLUMINA	194229325	90453972	103775353	a75f8d664513791eb4584a118f41dd13	372578460827186ca6a8a4d9ae1953a2	https://ftp.sra.ebi.ac.uk/vol1/fastq/SRR153/032/SRR15305432/SRR15305432_1.fastq.gz	https://ftp.sra.ebi.ac.uk/vol1/fastq/SRR153/032/SRR15305432/SRR15305432_2.fastq.gz
Xanthomonas euvesicatoria	NCPPB_1828	NCPPB 1828	euphorbiae	Sudan	Euphorbia acalyphoides	SAMN19988977	PRJNA742925	SRX11610071	SRR15305420	NCPPB_1828__Xanthomonas_euvesicatoria	PAIRED	ILLUMINA	512696607	241908014	270788593	778f950a1a4e623494f840aca92cf842	dbfc4be76352431cf812b38642353853	https://ftp.sra.ebi.ac.uk/vol1/fastq/SRR153/020/SRR15305420/SRR15305420_1.fastq.gz	https://ftp.sra.ebi.ac.uk/vol1/fastq/SRR153/020/SRR15305420/SRR15305420_2.fastq.gz
Xanthomonas euvesicatoria	NCPPB_2057	NCPPB 2057	heliotropii	Sudan	Heliotropium sp.	SAMN19988978	PRJNA742925	SRX11610072	SRR15305419	NCPPB_2057__Xanthomonas_euvesicatoria	PAIRED	ILLUMINA	193108526	92033830	101074696	eab0b3f53248325653ab67a0ea7a8b0e	697b9e695495a986d9d45a89c7f3ea1e	https://ftp.sra.ebi.ac.uk/vol1/fastq/SRR153/019/SRR15305419/SRR15305419_1.fastq.gz	https://ftp.sra.ebi.ac.uk/vol1/fastq/SRR153/019/SRR15305419/SRR15305419_2.fastq.gz
Xanthomonas euvesicatoria	NCPPB_2066	NCPPB 2066	phyllanthi	Sudan	Phyllanthus niruri	SAMN42278573	PRJNA742925	SRX25195827	SRR29692753	NCPPB_2066__Xanthomonas_euvesicatoria	PAIRED	ILLUMINA	193064459	94824196	98240263	239777f189500f106e21e4711745a089	ea38677d390375e0eb6ad32c68d63b55	https://ftp.sra.ebi.ac.uk/vol1/fastq/SRR296/053/SRR29692753/SRR29692753_1.fastq.gz	https://ftp.sra.ebi.ac.uk/vol1/fastq/SRR296/053/SRR29692753/SRR29692753_2.fastq.gz
Xanthomonas euvesicatoria	NCPPB_2228	NCPPB 2228	biophyti	India	Biophytum sensitivum	SAMN42280121	PRJNA742925	SRX25197656	SRR29694609	NCPPB_2228__Xanthomonas_euvesicatoria	PAIRED	ILLUMINA	481680879	235498820	246182059	6f2d2c7ebae3c600cf77b76def00b680	8e515235082a685a954655277390201f	https://ftp.sra.ebi.ac.uk/vol1/fastq/SRR296/009/SRR29694609/SRR29694609_1.fastq.gz	https://ftp.sra.ebi.ac.uk/vol1/fastq/SRR296/009/SRR29694609/SRR29694609_2.fastq.gz
Xanthomonas euvesicatoria	NCPPB_2352	NCPPB 2352	maculifoliigardeniae	United States	Ixora coccinea	SAMN42284549	PRJNA1131460	SRX25198181	SRR29695343	NCPPB_2352__Xanthomonas_euvesicatoria	PAIRED	ILLUMINA	495798585	244244158	251554427	1e5fb37a7ee3b6a932b614e56b8fa143	42adcada1b792533d6207d23481e158a	https://ftp.sra.ebi.ac.uk/vol1/fastq/SRR296/043/SRR29695343/SRR29695343_1.fastq.gz	https://ftp.sra.ebi.ac.uk/vol1/fastq/SRR296/043/SRR29695343/SRR29695343_2.fastq.gz
Xanthomonas euvesicatoria	NCPPB_2368	NCPPB 2368	pedalii	India	Pedalium murex	SAMN42280123	PRJNA742925	SRX25197658	SRR29694607	NCPPB_2368__Xanthomonas_euvesicatoria	PAIRED	ILLUMINA	500522632	246237665	254284967	3a0ad976e1c487fda16f1efe94a8a72d	bd1a702f2949fda0752cddffaea046a5	https://ftp.sra.ebi.ac.uk/vol1/fastq/SRR296/007/SRR29694607/SRR29694607_1.fastq.gz	https://ftp.sra.ebi.ac.uk/vol1/fastq/SRR296/007/SRR29694607/SRR29694607_2.fastq.gz
Xanthomonas euvesicatoria	NCPPB_2369	NCPPB 2369	ricini	India	Ricinus communis	SAMN42178445	PRJNA1129907	SRX25158713	SRR29654664	NCPPB_2369__Xanthomonas_euvesicatoria	PAIRED	ILLUMINA	496646785	245008516	251638269	611e300eb483dd16ff3334b643bb2922	5ccffe2f845ee10e6bbf968b82c582ab	https://ftp.sra.ebi.ac.uk/vol1/fastq/SRR296/064/SRR29654664/SRR29654664_1.fastq.gz	https://ftp.sra.ebi.ac.uk/vol1/fastq/SRR296/064/SRR29654664/SRR29654664_2.fastq.gz
Xanthomonas euvesicatoria	NCPPB_2372	NCPPB 2372		India	Ficus religiosa	SAMN42175581	PRJNA1129842	SRX25155922	SRR29651791	NCPPB_2372__Xanthomonas_euvesicatoria	PAIRED	ILLUMINA	474752540	235370393	239382147	8f8344413acdb5aacf24c7ef1d07ae56	4335610c33bc38b78ae04c9ea7c7b4e8	https://ftp.sra.ebi.ac.uk/vol1/fastq/SRR296/091/SRR29651791/SRR29651791_1.fastq.gz	https://ftp.sra.ebi.ac.uk/vol1/fastq/SRR296/091/SRR29651791/SRR29651791_2.fastq.gz
Xanthomonas euvesicatoria	NCPPB_2373	NCPPB 2373	carissae	India	Carissa carandas	SAMN19988980	PRJNA742925	SRX11610058	SRR15305433	NCPPB_2373__Xanthomonas_euvesicatoria	PAIRED	ILLUMINA	247806285	115277056	132529229	184cdfd19d4ce7189ba147e6e8c3be02	898d25f1cab79276b5a2af32e86f3b57	https://ftp.sra.ebi.ac.uk/vol1/fastq/SRR153/033/SRR15305433/SRR15305433_1.fastq.gz	https://ftp.sra.ebi.ac.uk/vol1/fastq/SRR153/033/SRR15305433/SRR15305433_2.fastq.gz
Xanthomonas euvesicatoria	NCPPB_2498	NCPPB 2498	convolvuli	India	Convolvulus arvensis	SAMN19988981	PRJNA742925	SRX11610080	SRR15305411	NCPPB_2498__Xanthomonas_euvesicatoria	PAIRED	ILLUMINA	351985772	164756999	187228773	6a78b546345c8693194b9271759c4ad3	d222667dfb226f6be5895718cd49816b	https://ftp.sra.ebi.ac.uk/vol1/fastq/SRR153/011/SRR15305411/SRR15305411_1.fastq.gz	https://ftp.sra.ebi.ac.uk/vol1/fastq/SRR153/011/SRR15305411/SRR15305411_2.fastq.gz
Xanthomonas euvesicatoria	NCPPB_2932	NCPPB 2932		India	Datura metel	SAMN19988982	PRJNA742925	SRX11610060	SRR15305431	NCPPB_2932__Xanthomonas_euvesicatoria	PAIRED	ILLUMINA	438858392	205753846	233104546	265d1abab08f8732f7ba8a6ac81baef7	eb469b6bb8e78345bdaa801d99a6607b	https://ftp.sra.ebi.ac.uk/vol1/fastq/SRR153/031/SRR15305431/SRR15305431_1.fastq.gz	https://ftp.sra.ebi.ac.uk/vol1/fastq/SRR153/031/SRR15305431/SRR15305431_2.fastq.gz
Xanthomonas euvesicatoria	NCPPB_2972	NCPPB 2972	betlicola	India	Piper betle	SAMN42284447	PRJNA1131447	SRX25198009	SRR29695152	NCPPB_2972__Xanthomonas_euvesicatoria	PAIRED	ILLUMINA	57173085	28057239	29115846	64f359d1c7e0afd20c51456a537711ba	2f617851a416d897fbb6c9ae93f18b33	https://ftp.sra.ebi.ac.uk/vol1/fastq/SRR296/052/SRR29695152/SRR29695152_1.fastq.gz	https://ftp.sra.ebi.ac.uk/vol1/fastq/SRR296/052/SRR29695152/SRR29695152_2.fastq.gz
Xanthomonas euvesicatoria	NCPPB_2973	NCPPB 2973	cassiae	India	Senna tora	SAMN42178454	PRJNA1129911	SRX25158673	SRR29654627	NCPPB_2973__Xanthomonas_euvesicatoria	PAIRED	ILLUMINA	493327817	243110019	250217798	fcca828cdbeace62fdca85ba75023a77	0c6d94f9a3cc4249a3ffbc703538b97a	https://ftp.sra.ebi.ac.uk/vol1/fastq/SRR296/027/SRR29654627/SRR29654627_1.fastq.gz	https://ftp.sra.ebi.ac.uk/vol1/fastq/SRR296/027/SRR29654627/SRR29654627_2.fastq.gz
Xanthomonas euvesicatoria	NCPPB_2997	NCPPB 2997	cyamopsidis	United States	Cyamopsis tetragonoloba	SAMN42180198	PRJNA1130018	SRX25159472	SRR29655432	NCPPB_2997__Xanthomonas_euvesicatoria	PAIRED	ILLUMINA	515767936	252478972	263288964	71b60ec83308ae82fec2b0776d878c4a	b9beed73cba1beebfcc9bb9f233a8299	https://ftp.sra.ebi.ac.uk/vol1/fastq/SRR296/032/SRR29655432/SRR29655432_1.fastq.gz	https://ftp.sra.ebi.ac.uk/vol1/fastq/SRR296/032/SRR29655432/SRR29655432_2.fastq.gz
Xanthomonas euvesicatoria	NCPPB_2998	NCPPB 2998	cyamopsidis	United States	Cyamopsis tetragonoloba	SAMN42180199	PRJNA1130018	SRX25159473	SRR29655431	NCPPB_2998__Xanthomonas_euvesicatoria	PAIRED	ILLUMINA	107027501	52362181	54665320	70db977c58eeda8362ec32a7b8f5cd55	1e40d40957c0324ba0c36441b9f8af70	https://ftp.sra.ebi.ac.uk/vol1/fastq/SRR296/031/SRR29655431/SRR29655431_1.fastq.gz	https://ftp.sra.ebi.ac.uk/vol1/fastq/SRR296/031/SRR29655431/SRR29655431_2.fastq.gz
Xanthomonas euvesicatoria	NCPPB_3079	NCPPB 3079		Brazil	Paullinia cupana	SAMN19988983	PRJNA742925	SRX11610062	SRR15305429	NCPPB_3079__Xanthomonas_euvesicatoria	PAIRED	ILLUMINA	504765415	238495983	266269432	98cfab98f62b34abe195faebe622206c	69d5be6de9df7c7a319c48938e3237ea	https://ftp.sra.ebi.ac.uk/vol1/fastq/SRR153/029/SRR15305429/SRR15305429_1.fastq.gz	https://ftp.sra.ebi.ac.uk/vol1/fastq/SRR153/029/SRR15305429/SRR15305429_2.fastq.gz
Xanthomonas euvesicatoria	NCPPB_3204	NCPPB 3204	cyamopsidis	Sudan	Cyamopsis tetragonoloba	SAMN42180200	PRJNA1130018	SRX25159474	SRR29655430	NCPPB_3204__Xanthomonas_euvesicatoria	PAIRED	ILLUMINA	485640307	240008011	245632296	039db521c28f49d063113531139f9a44	452c4b15053f6c9f4a9ca0cde758be00	https://ftp.sra.ebi.ac.uk/vol1/fastq/SRR296/030/SRR29655430/SRR29655430_1.fastq.gz	https://ftp.sra.ebi.ac.uk/vol1/fastq/SRR296/030/SRR29655430/SRR29655430_2.fastq.gz
Xanthomonas euvesicatoria	NCPPB_3441	NCPPB 3441		Brazil	Cordia goeldiana	SAMN42161515	PRJNA1129555	SRX25148583	SRR29644159	NCPPB_3441__Xanthomonas_euvesicatoria	PAIRED	ILLUMINA	491174832	241924863	249249969	b42f0243f05c2e85280e7219afd91c80	10b81dce868f95a83c4024e178a90a97	https://ftp.sra.ebi.ac.uk/vol1/fastq/SRR296/059/SRR29644159/SRR29644159_1.fastq.gz	https://ftp.sra.ebi.ac.uk/vol1/fastq/SRR296/059/SRR29644159/SRR29644159_2.fastq.gz
Xanthomonas euvesicatoria	NCPPB_3442	NCPPB 3442		Brazil	Cordia goeldiana	SAMN42161516	PRJNA1129555	SRX25148584	SRR29644158	NCPPB_3442__Xanthomonas_euvesicatoria	PAIRED	ILLUMINA	491323855	241966051	249357804	0ced64bbe786c430a4d7ab83a2f304e3	cd37149253d5591278839c3aec985b88	https://ftp.sra.ebi.ac.uk/vol1/fastq/SRR296/058/SRR29644158/SRR29644158_1.fastq.gz	https://ftp.sra.ebi.ac.uk/vol1/fastq/SRR296/058/SRR29644158/SRR29644158_2.fastq.gz
Xanthomonas euvesicatoria	NCPPB_3443	NCPPB 3443		Brazil	Cordia goeldiana	SAMN42161485	PRJNA1129555	SRX25148559	SRR29644183	NCPPB_3443__Xanthomonas_euvesicatoria	PAIRED	ILLUMINA	485612515	239626368	245986147	e2787cf964bd63927302c5768459435f	181b193ce41e8e1e2212309992b72515	https://ftp.sra.ebi.ac.uk/vol1/fastq/SRR296/083/SRR29644183/SRR29644183_1.fastq.gz	https://ftp.sra.ebi.ac.uk/vol1/fastq/SRR296/083/SRR29644183/SRR29644183_2.fastq.gz
Xanthomonas euvesicatoria	NCPPB_3583	NCPPB 3583		United States	Strelitzia reginae	SAMN42161489	PRJNA1129555	SRX25148585	SRR29644157	NCPPB_3583__Xanthomonas_euvesicatoria	PAIRED	ILLUMINA	494049267	243464968	250584299	21378639339ec549c4933374f365eb9f	08c887c7a50368730952521d115f29df	https://ftp.sra.ebi.ac.uk/vol1/fastq/SRR296/057/SRR29644157/SRR29644157_1.fastq.gz	https://ftp.sra.ebi.ac.uk/vol1/fastq/SRR296/057/SRR29644157/SRR29644157_2.fastq.gz
Xanthomonas euvesicatoria	NCPPB_3662	NCPPB 3662	ricini	Brazil	Ricinus communis	SAMN42178438	PRJNA1129907	SRX25158706	SRR29654671	NCPPB_3662__Xanthomonas_euvesicatoria	PAIRED	ILLUMINA	485973596	240112887	245860709	d3d3838a7761415046b8c8190e882672	7ec4c767e2f76581d0f2b679cf37b161	https://ftp.sra.ebi.ac.uk/vol1/fastq/SRR296/071/SRR29654671/SRR29654671_1.fastq.gz	https://ftp.sra.ebi.ac.uk/vol1/fastq/SRR296/071/SRR29654671/SRR29654671_2.fastq.gz
Xanthomonas euvesicatoria	NCPPB_3758	NCPPB 3758	cyamopsidis	Brazil	Cyamopsis tetragonoloba	SAMN42180201	PRJNA1130018	SRX25159475	SRR29655429	NCPPB_3758__Xanthomonas_euvesicatoria	PAIRED	ILLUMINA	500234056	245254316	254979740	3ee24ae36fc03d8005861f8b620ff947	ff7ba14222e1e28a31cd60064bba657a	https://ftp.sra.ebi.ac.uk/vol1/fastq/SRR296/029/SRR29655429/SRR29655429_1.fastq.gz	https://ftp.sra.ebi.ac.uk/vol1/fastq/SRR296/029/SRR29655429/SRR29655429_2.fastq.gz
Xanthomonas euvesicatoria	NCPPB_3759	NCPPB 3759	obscurae	India	Ipomea obscura	SAMN19988984	PRJNA742925	SRX11610065	SRR15305426	NCPPB_3759__Xanthomonas_euvesicatoria	PAIRED	ILLUMINA	388922760	182490535	206432225	068310c9d39e60500807575c63a23ac2	8a7f34f75c8d9ec6ce070de1a5b6d6a6	https://ftp.sra.ebi.ac.uk/vol1/fastq/SRR153/026/SRR15305426/SRR15305426_1.fastq.gz	https://ftp.sra.ebi.ac.uk/vol1/fastq/SRR153/026/SRR15305426/SRR15305426_2.fastq.gz
Xanthomonas euvesicatoria	NCPPB_3795	NCPPB 3795		Australia	Ficus microcarpa var. hillii	SAMN42175582	PRJNA1129842	SRX25155923	SRR29651790	NCPPB_3795__Xanthomonas_euvesicatoria	PAIRED	ILLUMINA	484750748	239242215	245508533	947d852faaa90e6668e7774796c71e0d	7376c500ca9055dfd4280e3c38aa8487	https://ftp.sra.ebi.ac.uk/vol1/fastq/SRR296/090/SRR29651790/SRR29651790_1.fastq.gz	https://ftp.sra.ebi.ac.uk/vol1/fastq/SRR296/090/SRR29651790/SRR29651790_2.fastq.gz
Xanthomonas euvesicatoria	NCPPB_3796	NCPPB 3796		Australia		SAMN42175583	PRJNA1129842	SRX25155924	SRR29651789	NCPPB_3796__Xanthomonas_euvesicatoria	PAIRED	ILLUMINA	494023634	243758852	250264782	3468b7f7ecb7efc5ea02e4888cbfa2a8	716f86622b91b7fc1da81ef9d37e78ad	https://ftp.sra.ebi.ac.uk/vol1/fastq/SRR296/089/SRR29651789/SRR29651789_1.fastq.gz	https://ftp.sra.ebi.ac.uk/vol1/fastq/SRR296/089/SRR29651789/SRR29651789_2.fastq.gz
Xanthomonas euvesicatoria	NCPPB_3797	NCPPB 3797		Australia		SAMN42175584	PRJNA1129842	SRX25155925	SRR29651788	NCPPB_3797__Xanthomonas_euvesicatoria	PAIRED	ILLUMINA	506917881	249769055	257148826	53e1b0575860b81c9b4cbd92b6bae877	4c54fe57ee663d7fd96383395d0172e2	https://ftp.sra.ebi.ac.uk/vol1/fastq/SRR296/088/SRR29651788/SRR29651788_1.fastq.gz	https://ftp.sra.ebi.ac.uk/vol1/fastq/SRR296/088/SRR29651788/SRR29651788_2.fastq.gz
Xanthomonas euvesicatoria	NCPPB_3886	NCPPB 3886		India	Ficus religiosa	SAMN42175585	PRJNA1129842	SRX25155926	SRR29651787	NCPPB_3886__Xanthomonas_euvesicatoria	PAIRED	ILLUMINA	505933957	249332961	256600996	4f555990e1d179b454c68a025414e658	feff46add38869ae8235789c372ea526	https://ftp.sra.ebi.ac.uk/vol1/fastq/SRR296/087/SRR29651787/SRR29651787_1.fastq.gz	https://ftp.sra.ebi.ac.uk/vol1/fastq/SRR296/087/SRR29651787/SRR29651787_2.fastq.gz
Xanthomonas euvesicatoria	NCPPB_3887	NCPPB 3887		India		SAMN42175586	PRJNA1129842	SRX25155927	SRR29651786	NCPPB_3887__Xanthomonas_euvesicatoria	PAIRED	ILLUMINA	414249225	202972708	211276517	0f66009bc7543e00e9436f16473f7e7a	9e88fb615c81584053e6b3cd54e822f7	https://ftp.sra.ebi.ac.uk/vol1/fastq/SRR296/086/SRR29651786/SRR29651786_1.fastq.gz	https://ftp.sra.ebi.ac.uk/vol1/fastq/SRR296/086/SRR29651786/SRR29651786_2.fastq.gz
Xanthomonas euvesicatoria	NCPPB_3948	NCPPB 3948	poinsettiicola	Australia	Euphorbia cyathophora	SAMN42178462	PRJNA1129913	SRX25158668	SRR29654625	NCPPB_3948__Xanthomonas_euvesicatoria	PAIRED	ILLUMINA	496169704	244706685	251463019	d9aef9bc93bc9310aa9f0afd5b83ac97	0371dd1489b7a50db05587d8421f72a6	https://ftp.sra.ebi.ac.uk/vol1/fastq/SRR296/025/SRR29654625/SRR29654625_1.fastq.gz	https://ftp.sra.ebi.ac.uk/vol1/fastq/SRR296/025/SRR29654625/SRR29654625_2.fastq.gz
Xanthomonas euvesicatoria	NCPPB_4348	NCPPB 4348		India	Mirabilis jalapa	SAMN19988985	PRJNA742925	SRX11610063	SRR15305428	NCPPB_4348__Xanthomonas_euvesicatoria	PAIRED	ILLUMINA	294236929	137345989	156890940	42b66dce395791a2eef40ec114d2b662	245ed2ccfe318b4e9d78c944d5f7e3d0	https://ftp.sra.ebi.ac.uk/vol1/fastq/SRR153/028/SRR15305428/SRR15305428_1.fastq.gz	https://ftp.sra.ebi.ac.uk/vol1/fastq/SRR153/028/SRR15305428/SRR15305428_2.fastq.gz
Xanthomonas euvesicatoria	NCPPB_4349	NCPPB 4349	pennamericanum	Nigeria	Cenchrus americanus	SAMN19988986	PRJNA742925	SRX11610075	SRR15305416	NCPPB_4349__Xanthomonas_euvesicatoria	PAIRED	ILLUMINA	428360642	201766249	226594393	8b7e1b12937d4a4b5da922a46a85e1d7	e6d8f85a17004e78acdfaf8b5df2a478	https://ftp.sra.ebi.ac.uk/vol1/fastq/SRR153/016/SRR15305416/SRR15305416_1.fastq.gz	https://ftp.sra.ebi.ac.uk/vol1/fastq/SRR153/016/SRR15305416/SRR15305416_2.fastq.gz
Xanthomonas euvesicatoria	NCPPB_4351	NCPPB 4351	viegasii	Brazil	Pachystachys lutea	SAMN19988987	PRJNA742925	SRX11610081	SRR15305410	NCPPB_4351__Xanthomonas_euvesicatoria	PAIRED	ILLUMINA	270723948	125532227	145191721	24c0ead306b40a0c31dc35aecfdde00d	809d4ad180ab88da7633a7ab64c80565	https://ftp.sra.ebi.ac.uk/vol1/fastq/SRR153/010/SRR15305410/SRR15305410_1.fastq.gz	https://ftp.sra.ebi.ac.uk/vol1/fastq/SRR153/010/SRR15305410/SRR15305410_2.fastq.gz
Xanthomonas euvesicatoria	NCPPB_4352	NCPPB 4352	zingibericola	China	Ginger	SAMN19988988	PRJNA742925	SRX11610078	SRR15305413	NCPPB_4352__Xanthomonas_euvesicatoria	PAIRED	ILLUMINA	265066460	123823834	141242626	36351ecdacef0a82a238e4c4705c230d	c36e587892f42feefca5830321e534b5	https://ftp.sra.ebi.ac.uk/vol1/fastq/SRR153/013/SRR15305413/SRR15305413_1.fastq.gz	https://ftp.sra.ebi.ac.uk/vol1/fastq/SRR153/013/SRR15305413/SRR15305413_2.fastq.gz
Xanthomonas euvesicatoria	NCPPB_478	NCPPB 478	cassiae	India	Senna tora	SAMN42178451	PRJNA1129911	SRX25158670	SRR29654630	NCPPB_478__Xanthomonas_euvesicatoria	PAIRED	ILLUMINA	496077655	244762998	251314657	27092df99327adff3a4a5f8570211c89	f0972cf3ba8213f763952e4b3718b07e	https://ftp.sra.ebi.ac.uk/vol1/fastq/SRR296/030/SRR29654630/SRR29654630_1.fastq.gz	https://ftp.sra.ebi.ac.uk/vol1/fastq/SRR296/030/SRR29654630/SRR29654630_2.fastq.gz
Xanthomonas euvesicatoria	NCPPB_481	NCPPB 481	biophyti	India	Biophytum sensitivum	SAMN42278566	PRJNA742925	SRX25195819	SRR29692761	NCPPB_481__Xanthomonas_euvesicatoria	PAIRED	ILLUMINA	497844438	244873653	252970785	376bb7a68f6ef85f854ff060f3780a2d	99ac98490968b24a793a0537e23db8c8	https://ftp.sra.ebi.ac.uk/vol1/fastq/SRR296/061/SRR29692761/SRR29692761_1.fastq.gz	https://ftp.sra.ebi.ac.uk/vol1/fastq/SRR296/061/SRR29692761/SRR29692761_2.fastq.gz
Xanthomonas euvesicatoria	NCPPB_485	NCPPB 485	betlicola	India	Piper betle	SAMN42284446	PRJNA1131447	SRX25198008	SRR29695153	NCPPB_485__Xanthomonas_euvesicatoria	PAIRED	ILLUMINA	486001344	238674765	247326579	3ced431e533c7349b78ec6820bdee8fe	a68810d210587910ad2a3af9459c4ac7	https://ftp.sra.ebi.ac.uk/vol1/fastq/SRR296/053/SRR29695153/SRR29695153_1.fastq.gz	https://ftp.sra.ebi.ac.uk/vol1/fastq/SRR296/053/SRR29695153/SRR29695153_2.fastq.gz
Xanthomonas euvesicatoria	NCPPB_488	NCPPB 488	ricini	India	Ricinus communis	SAMN42178439	PRJNA1129907	SRX25158707	SRR29654670	NCPPB_488__Xanthomonas_euvesicatoria	PAIRED	ILLUMINA	498468039	245641927	252826112	605ce7062e67a8fe980d5a3a001a51e0	2f12a7cf9f0df7993d33e71d6ce99331	https://ftp.sra.ebi.ac.uk/vol1/fastq/SRR296/070/SRR29654670/SRR29654670_1.fastq.gz	https://ftp.sra.ebi.ac.uk/vol1/fastq/SRR296/070/SRR29654670/SRR29654670_2.fastq.gz
Xanthomonas euvesicatoria	NCPPB_535	NCPPB 535	ricini	Sudan	Ricinus communis	SAMN42178440	PRJNA1129907	SRX25158708	SRR29654669	NCPPB_535__Xanthomonas_euvesicatoria	PAIRED	ILLUMINA	501810351	247563877	254246474	7a3cfab4f80f3d9607c781a04453987f	41b886aacf1649c9533cdee678ca6b94	https://ftp.sra.ebi.ac.uk/vol1/fastq/SRR296/069/SRR29654669/SRR29654669_1.fastq.gz	https://ftp.sra.ebi.ac.uk/vol1/fastq/SRR296/069/SRR29654669/SRR29654669_2.fastq.gz
Xanthomonas euvesicatoria	NCPPB_575	NCPPB 575	clerodendri	India	Clerodendrum sp.	SAMN19988990	PRJNA742925	SRX11610079	SRR15305412	NCPPB_575__Xanthomonas_euvesicatoria	PAIRED	ILLUMINA	247183877	116160761	131023116	c334a26f67515f706418237edb096070	ee6fb56dc3c62ad26c075433ae77b7ae	https://ftp.sra.ebi.ac.uk/vol1/fastq/SRR153/012/SRR15305412/SRR15305412_1.fastq.gz	https://ftp.sra.ebi.ac.uk/vol1/fastq/SRR153/012/SRR15305412/SRR15305412_2.fastq.gz
Xanthomonas euvesicatoria	NCPPB_577	NCPPB 577	desmodiigangetici	India	Pleurolobus gangeticus	SAMN42278567	PRJNA742925	SRX25195821	SRR29692759	NCPPB_577__Xanthomonas_euvesicatoria	PAIRED	ILLUMINA	494129379	243411761	250717618	c6855b10680534cc8795ad7a76cb39a2	1e2b5e7394ad322fcb5646a07172aead	https://ftp.sra.ebi.ac.uk/vol1/fastq/SRR296/059/SRR29692759/SRR29692759_1.fastq.gz	https://ftp.sra.ebi.ac.uk/vol1/fastq/SRR296/059/SRR29692759/SRR29692759_2.fastq.gz
Xanthomonas euvesicatoria	NCPPB_579	NCPPB 579	lawsoniae	India	Lawsonia inermis	SAMN19988991	PRJNA742925	SRX11610077	SRR15305414	NCPPB_579__Xanthomonas_euvesicatoria	PAIRED	ILLUMINA	159293469	75711761	83581708	2cf8f0e044e8264a14f5284cfca763f3	675df4520e54eb4e8e78763757acc89c	https://ftp.sra.ebi.ac.uk/vol1/fastq/SRR153/014/SRR15305414/SRR15305414_1.fastq.gz	https://ftp.sra.ebi.ac.uk/vol1/fastq/SRR153/014/SRR15305414/SRR15305414_2.fastq.gz
Xanthomonas euvesicatoria	NCPPB_581	NCPPB 581	poinsettiicola	India	Euphorbia pulcherrima	SAMN42178463	PRJNA1129913	SRX25158669	SRR29654624	NCPPB_581__Xanthomonas_euvesicatoria	PAIRED	ILLUMINA	459052832	225229433	233823399	53c058b7d0ddce9ad74ec686fe0bbd3b	8d1982a5c23b04cc419eac3ee5897107	https://ftp.sra.ebi.ac.uk/vol1/fastq/SRR296/024/SRR29654624/SRR29654624_1.fastq.gz	https://ftp.sra.ebi.ac.uk/vol1/fastq/SRR296/024/SRR29654624/SRR29654624_2.fastq.gz
Xanthomonas euvesicatoria	NCPPB_584	NCPPB 584	tamarindi	India	Tamarindus indica	SAMN42278574	PRJNA742925	SRX25195828	SRR29692752	NCPPB_584__Xanthomonas_euvesicatoria	PAIRED	ILLUMINA	463424519	228612987	234811532	b07e19b3053845668593af4fe16d2488	1308e1f2bfb02e78307a3a0fea779f0e	https://ftp.sra.ebi.ac.uk/vol1/fastq/SRR296/052/SRR29692752/SRR29692752_1.fastq.gz	https://ftp.sra.ebi.ac.uk/vol1/fastq/SRR296/052/SRR29692752/SRR29692752_2.fastq.gz
Xanthomonas euvesicatoria	NCPPB_586	NCPPB 586	uppalii	India	Ipomoea muricata	SAMN19988992	PRJNA742925	SRX11610064	SRR15305427	NCPPB_586__Xanthomonas_euvesicatoria	PAIRED	ILLUMINA	627389324	294499145	332890179	9289d1e29378de25ce9c732606469e3e	1b1c534baf4a3ba3c429c7272ba261ab	https://ftp.sra.ebi.ac.uk/vol1/fastq/SRR153/027/SRR15305427/SRR15305427_1.fastq.gz	https://ftp.sra.ebi.ac.uk/vol1/fastq/SRR153/027/SRR15305427/SRR15305427_2.fastq.gz
Xanthomonas euvesicatoria	NCPPB_637	NCPPB 637	cyamopsidis	India	Cyamopsis tetragonoloba	SAMN42180202	PRJNA1130018	SRX25159476	SRR29655428	NCPPB_637__Xanthomonas_euvesicatoria	PAIRED	ILLUMINA	506651981	248965497	257686484	f017d5105c622c0ebfea2b7766335d98	58b76528c507b3e3ef5d9c38ae34e7e3	https://ftp.sra.ebi.ac.uk/vol1/fastq/SRR296/028/SRR29655428/SRR29655428_1.fastq.gz	https://ftp.sra.ebi.ac.uk/vol1/fastq/SRR296/028/SRR29655428/SRR29655428_2.fastq.gz
Xanthomonas euvesicatoria	NCPPB_645	NCPPB 645	cassiae	Sudan	Senna alexandrina	SAMN42178452	PRJNA1129911	SRX25158671	SRR29654629	NCPPB_645__Xanthomonas_euvesicatoria	PAIRED	ILLUMINA	492385319	242639713	249745606	2fe08c7034faac1189191b83fa971402	8f7c9977adaaedfa156a58e31a353264	https://ftp.sra.ebi.ac.uk/vol1/fastq/SRR296/029/SRR29654629/SRR29654629_1.fastq.gz	https://ftp.sra.ebi.ac.uk/vol1/fastq/SRR296/029/SRR29654629/SRR29654629_2.fastq.gz
Xanthomonas euvesicatoria	NCPPB_840	NCPPB 840	patelii	India	Crotalaria juncea	SAMN42280122	PRJNA742925	SRX25197657	SRR29694608	NCPPB_840__Xanthomonas_euvesicatoria	PAIRED	ILLUMINA	529209525	260174802	269034723	e9dce50bb90eb865249c7af43a0676a0	f3cd251b6babe67a83e3c303732dd0db	https://ftp.sra.ebi.ac.uk/vol1/fastq/SRR296/008/SRR29694608/SRR29694608_1.fastq.gz	https://ftp.sra.ebi.ac.uk/vol1/fastq/SRR296/008/SRR29694608/SRR29694608_2.fastq.gz
Xanthomonas euvesicatoria	NCPPB_885	NCPPB 885	desmodiirotundifolii	India	Desmodium rotundifolium	SAMN42278569	PRJNA742925	SRX25195823	SRR29692757	NCPPB_885__Xanthomonas_euvesicatoria	PAIRED	ILLUMINA	501206995	245689394	255517601	e5693524cf22778a85b70747eb18681a	ed7df2edddec82f8cd4377a88db2664d	https://ftp.sra.ebi.ac.uk/vol1/fastq/SRR296/057/SRR29692757/SRR29692757_1.fastq.gz	https://ftp.sra.ebi.ac.uk/vol1/fastq/SRR296/057/SRR29692757/SRR29692757_2.fastq.gz
Xanthomonas euvesicatoria	NCPPB_971	NCPPB 971	maculifoliigardeniae	United States	Gardenia sp.	SAMN42284547	PRJNA1131460	SRX25198179	SRR29695345	NCPPB_971__Xanthomonas_euvesicatoria	PAIRED	ILLUMINA	522339898	257448196	264891702	b5e81a218b55080aa8905a49939e0284	c4666439efef04627e2a0db71e0f3334	https://ftp.sra.ebi.ac.uk/vol1/fastq/SRR296/045/SRR29695345/SRR29695345_1.fastq.gz	https://ftp.sra.ebi.ac.uk/vol1/fastq/SRR296/045/SRR29695345/SRR29695345_2.fastq.gz
Xanthomonas euvesicatoria	NCPPB_972	NCPPB 972	maculifoliigardeniae	United States	Gardenia sp.	SAMN42284548	PRJNA1131460	SRX25198180	SRR29695344	NCPPB_972__Xanthomonas_euvesicatoria	PAIRED	ILLUMINA	496534846	244220317	252314529	b009369590733e06d611b5bcf9427cb9	9f126b757600b50acd20598e0119e072	https://ftp.sra.ebi.ac.uk/vol1/fastq/SRR296/044/SRR29695344/SRR29695344_1.fastq.gz	https://ftp.sra.ebi.ac.uk/vol1/fastq/SRR296/044/SRR29695344/SRR29695344_2.fastq.gz
Xanthomonas euvesicatoria	NCPPB_993	NCPPB 993	lespedezae	United States	Lespedeza	SAMN42278571	PRJNA742925	SRX25195825	SRR29692755	NCPPB_993__Xanthomonas_euvesicatoria	PAIRED	ILLUMINA	516771754	254336413	262435341	2e69cf1ee6e143fdb4057aaa9c22ffa0	a0b62c31a2553fdd2575620a64cce606	https://ftp.sra.ebi.ac.uk/vol1/fastq/SRR296/055/SRR29692755/SRR29692755_1.fastq.gz	https://ftp.sra.ebi.ac.uk/vol1/fastq/SRR296/055/SRR29692755/SRR29692755_2.fastq.gz
