sample	NCPPB-1471__Xanthomonas_citri	NCPPB_1056__Xanthomonas_citri	NCPPB_1058__Xanthomonas_citri	NCPPB_1158__Xanthomonas_citri	NCPPB_1335__Xanthomonas_citri	NCPPB_1402__Xanthomonas_citri	NCPPB_1433__Xanthomonas_citri	NCPPB_1495__Xanthomonas_citri	NCPPB_1654__Xanthomonas_citri	NCPPB_1713__Xanthomonas_citri	NCPPB_1827__Xanthomonas_citri	NCPPB_1838__Xanthomonas_citri	NCPPB_2058__Xanthomonas_citri	NCPPB_2060__Xanthomonas_citri	NCPPB_2063__Xanthomonas_citri	NCPPB_2064__Xanthomonas_citri	NCPPB_211__Xanthomonas_citri	NCPPB_226__Xanthomonas_citri	NCPPB_2665__Xanthomonas_citri	NCPPB_2832__Xanthomonas_citri	NCPPB_2914__Xanthomonas_citri	NCPPB_3086__Xanthomonas_citri	NCPPB_3114__Xanthomonas_citri	NCPPB_3162__Xanthomonas_citri	NCPPB_3562__Xanthomonas_citri	NCPPB_381__Xanthomonas_citri	NCPPB_406__Xanthomonas_citri	NCPPB_4590__Xanthomonas_citri	NCPPB_536__Xanthomonas_citri	NCPPB_556__Xanthomonas_citri	NCPPB_557__Xanthomonas_citri	NCPPB_573__Xanthomonas_citri	NCPPB_585__Xanthomonas_citri	NCPPB_633__Xanthomonas_citri	NCPPB_646__Xanthomonas_citri	NCPPB_670__Xanthomonas_citri	NCPPB_976__Xanthomonas_citri
NCPPB-1471__Xanthomonas_citri	0	108873	109186	108853	29079	108521	108932	108789	109031	28185	112778	110242	109237	112815	111296	28122	366	184	108945	120409	110940	37444	110068	33560	1777	109044	181	106	37917	28122	28125	19445	107143	33587	37916	108800	33626
NCPPB_1056__Xanthomonas_citri	108873	0	1598	1021	110821	822	1001	546	955	109871	43949	34367	31300	43915	39714	109841	108881	108881	1009	49376	41106	116219	34508	114096	108854	1438	108878	108888	107839	109842	109849	108061	30782	114110	107828	536	114126
NCPPB_1058__Xanthomonas_citri	109186	1598	0	1618	111105	2116	1523	1739	1389	110200	43960	34402	31322	43952	39725	110119	109194	109194	1478	49223	41109	116503	34637	114381	109161	1975	109191	109201	108087	110122	110127	108318	30967	114397	108075	1753	114411
NCPPB_1158__Xanthomonas_citri	108853	1021	1618	0	110811	1353	467	1081	424	109869	43933	34322	31274	43909	39701	109839	108857	108861	420	49363	41104	116212	34449	114083	108830	1414	108858	108868	107833	109840	109847	108048	30733	114097	107832	1116	114113
NCPPB_1335__Xanthomonas_citri	29079	110821	111105	110811	0	110534	110871	110741	110956	31803	114723	112238	111245	114761	113330	31723	29100	29086	110883	122486	112910	39852	112083	35095	29146	110955	29083	29091	39475	31713	31708	31632	109198	35115	39478	110781	35121
NCPPB_1402__Xanthomonas_citri	108521	822	2116	1353	110534	0	1383	727	1481	109570	44241	34525	31669	44239	40033	109541	108527	108529	1433	49685	41444	115936	34532	113778	108508	1688	108526	108537	107577	109537	109544	107763	30801	113800	107576	794	113834
NCPPB_1433__Xanthomonas_citri	108932	1001	1523	467	110871	1383	0	1072	322	109903	43887	34302	31202	43859	39654	109881	108939	108940	367	49299	41058	116267	34467	114130	108911	1340	108937	108947	107870	109878	109883	108099	30741	114146	107861	1107	114166
NCPPB_1495__Xanthomonas_citri	108789	546	1739	1081	110741	727	1072	0	1089	109804	44044	34382	31408	44021	39810	109780	108795	108797	1110	49477	41208	116160	34493	114024	108768	1471	108794	108804	107800	109775	109782	107985	30774	114040	107799	587	114064
NCPPB_1654__Xanthomonas_citri	109031	955	1389	424	110956	1481	322	1089	0	110001	43804	34279	31133	43783	39557	109971	109039	109039	291	49223	40947	116339	34487	114218	109006	1333	109036	109046	107949	109972	109979	108181	30774	114234	107948	1101	114250
NCPPB_1713__Xanthomonas_citri	28185	109871	110200	109869	31803	109570	109903	109804	110001	0	113876	111088	109941	113906	112451	2222	28208	28189	109932	121524	112000	39927	110910	36044	28083	109997	28186	28199	40170	2211	2210	30378	108377	36076	40169	109826	36093
NCPPB_1827__Xanthomonas_citri	112778	43949	43960	43933	114723	44241	43887	44044	43804	113876	0	44896	42498	181	12747	113803	112794	112784	43848	61089	15092	118769	45074	117553	112747	43958	112781	112794	111928	113803	113808	111449	41665	117565	111914	44079	117576
NCPPB_1838__Xanthomonas_citri	110242	34367	34402	34322	112238	34525	34302	34382	34279	111088	44896	0	31362	44860	40910	110990	110257	110251	34314	53019	42371	117416	542	115433	110204	34209	110248	110257	108515	110983	110989	109300	32271	115451	108513	34407	115468
NCPPB_2058__Xanthomonas_citri	109237	31300	31322	31274	111245	31669	31202	31408	31133	109941	42498	31362	0	42492	38379	109848	109254	109246	31183	50887	39687	116590	31603	114540	109192	31312	109243	109252	108175	109847	109850	108262	29551	114563	108163	31389	114573
NCPPB_2060__Xanthomonas_citri	112815	43915	43952	43909	114761	44239	43859	44021	43783	113906	181	44860	42492	0	12726	113835	112831	112821	43823	61082	15082	118799	45053	117579	112784	43932	112818	112831	111957	113835	113840	111479	41643	117591	111943	44056	117602
NCPPB_2063__Xanthomonas_citri	111296	39714	39725	39701	113330	40033	39654	39810	39557	112451	12747	40910	38379	12726	0	112388	111313	111301	39612	57626	10123	117720	41106	116162	111261	39753	111298	111312	110480	112389	112394	109966	37507	116182	110470	39839	116192
NCPPB_2064__Xanthomonas_citri	28122	109841	110119	109839	31723	109541	109881	109780	109971	2222	113803	110990	109848	113835	112388	0	28145	28126	109902	121435	111938	39825	110809	35947	28020	109966	28123	28136	40091	59	60	30314	108288	35984	40090	109794	35997
NCPPB_211__Xanthomonas_citri	366	108881	109194	108857	29100	108527	108939	108795	109039	28208	112794	110257	109254	112831	111313	28145	0	370	108954	120417	110956	37470	110081	33580	1807	109050	367	378	37909	28145	28149	19465	107158	33613	37920	108804	33650
NCPPB_226__Xanthomonas_citri	184	108881	109194	108861	29086	108529	108940	108797	109039	28189	112784	110251	109246	112821	111301	28126	370	0	108953	120414	110945	37450	110077	33566	1781	109052	17	198	37924	28126	28129	19449	107151	33593	37923	108808	33632
NCPPB_2665__Xanthomonas_citri	108945	1009	1478	420	110883	1433	367	1110	291	109932	43848	34314	31183	43823	39612	109902	108954	108953	0	49258	41005	116271	34490	114150	108922	1377	108950	108960	107882	109905	109910	108113	30757	114164	107881	1131	114180
NCPPB_2832__Xanthomonas_citri	120409	49376	49223	49363	122486	49685	49299	49477	49223	121524	61089	53019	50887	61082	57626	121435	120417	120414	49258	0	58947	127585	53189	125445	120362	49341	120411	120422	119275	121436	121439	119512	50551	125462	119273	49464	125463
NCPPB_2914__Xanthomonas_citri	110940	41106	41109	41104	112910	41444	41058	41208	40947	112000	15092	42371	39687	15082	10123	111938	110956	110945	41005	58947	0	117437	42572	115709	110892	41136	110942	110956	110187	111933	111938	109513	38765	115723	110184	41224	115729
NCPPB_3086__Xanthomonas_citri	37444	116219	116503	116212	39852	115936	116267	116160	116339	39927	118769	117416	116590	118799	117720	39825	37470	37450	116271	127585	117437	0	117260	9794	37490	116341	37447	37458	46225	39829	39831	39817	114473	9790	46226	116179	9772
NCPPB_3114__Xanthomonas_citri	110068	34508	34637	34449	112083	34532	34467	34493	34487	110910	45074	542	31603	45053	41106	110809	110081	110077	34490	53189	42572	117260	0	115269	110026	34354	110074	110083	108364	110803	110809	109140	32286	115297	108360	34527	115318
NCPPB_3162__Xanthomonas_citri	33560	114096	114381	114083	35095	113778	114130	114024	114218	36044	117553	115433	114540	117579	116162	35947	33580	33566	114150	125445	115709	9794	115269	0	33580	114213	33563	33572	42809	35946	35948	35928	112329	192	42810	114045	236
NCPPB_3562__Xanthomonas_citri	1777	108854	109161	108830	29146	108508	108911	108768	109006	28083	112747	110204	109192	112784	111261	28020	1807	1781	108922	120362	110892	37490	110026	33580	0	109021	1778	1789	37861	28016	28021	18921	107131	33608	37860	108781	33645
NCPPB_381__Xanthomonas_citri	109044	1438	1975	1414	110955	1688	1340	1471	1333	109997	43958	34209	31312	43932	39753	109966	109050	109052	1377	49341	41136	116341	34354	114213	109021	0	109049	109059	107939	109963	109968	108178	30626	114229	107936	1513	114249
NCPPB_406__Xanthomonas_citri	181	108878	109191	108858	29083	108526	108937	108794	109036	28186	112781	110248	109243	112818	111298	28123	367	17	108950	120411	110942	37447	110074	33563	1778	109049	0	195	37921	28123	28126	19446	107148	33590	37920	108805	33629
NCPPB_4590__Xanthomonas_citri	106	108888	109201	108868	29091	108537	108947	108804	109046	28199	112794	110257	109252	112831	111312	28136	378	198	108960	120422	110956	37458	110083	33572	1789	109059	195	0	37933	28136	28139	19459	107158	33601	37932	108815	33638
NCPPB_536__Xanthomonas_citri	37917	107839	108087	107833	39475	107577	107870	107800	107949	40170	111928	108515	108175	111957	110480	40091	37909	37924	107882	119275	110187	46225	108364	42809	37861	107939	37921	37933	0	40080	40083	39968	105979	42822	51	107804	42831
NCPPB_556__Xanthomonas_citri	28122	109842	110122	109840	31713	109537	109878	109775	109972	2211	113803	110983	109847	113835	112389	59	28145	28126	109905	121436	111933	39829	110803	35946	28016	109963	28123	28136	40080	0	41	30303	108286	35978	40079	109795	35999
NCPPB_557__Xanthomonas_citri	28125	109849	110127	109847	31708	109544	109883	109782	109979	2210	113808	110989	109850	113840	112394	60	28149	28129	109910	121439	111938	39831	110809	35948	28021	109968	28126	28139	40083	41	0	30308	108291	35980	40082	109802	36001
NCPPB_573__Xanthomonas_citri	19445	108061	108318	108048	31632	107763	108099	107985	108181	30378	111449	109300	108262	111479	109966	30314	19465	19449	108113	119512	109513	39817	109140	35928	18921	108178	19446	19459	39968	30303	30308	0	106222	35955	39967	108020	35971
NCPPB_585__Xanthomonas_citri	107143	30782	30967	30733	109198	30801	30741	30774	30774	108377	41665	32271	29551	41643	37507	108288	107158	107151	30757	50551	38765	114473	32286	112329	107131	30626	107148	107158	105979	108286	108291	106222	0	112361	105978	30782	112383
NCPPB_633__Xanthomonas_citri	33587	114110	114397	114097	35115	113800	114146	114040	114234	36076	117565	115451	114563	117591	116182	35984	33613	33593	114164	125462	115723	9790	115297	192	33608	114229	33590	33601	42822	35978	35980	35955	112361	0	42823	114063	128
NCPPB_646__Xanthomonas_citri	37916	107828	108075	107832	39478	107576	107861	107799	107948	40169	111914	108513	108163	111943	110470	40090	37920	37923	107881	119273	110184	46226	108360	42810	37860	107936	37920	37932	51	40079	40082	39967	105978	42823	0	107801	42832
NCPPB_670__Xanthomonas_citri	108800	536	1753	1116	110781	794	1107	587	1101	109826	44079	34407	31389	44056	39839	109794	108804	108808	1131	49464	41224	116179	34527	114045	108781	1513	108805	108815	107804	109795	109802	108020	30782	114063	107801	0	114081
NCPPB_976__Xanthomonas_citri	33626	114126	114411	114113	35121	113834	114166	114064	114250	36093	117576	115468	114573	117602	116192	35997	33650	33632	114180	125463	115729	9772	115318	236	33645	114249	33629	33638	42831	35999	36001	35971	112383	128	42832	114081	0
