requested_ncppb_number	returned_ncppb_number	crawl_status	current_name	name_as_received	alternative_names	country	host	year_added	year_isolated	donated_by	donors_reference	isolated_by	source_if_not_isolated_by_donor	other_collections_with_this_strain	type_strain_of_species	pathotype_strain	media	reference	pathogenicity_confirmed	australia_group	detail_url	fields_json
NCPPB 182	NCPPB 182	ok	Xanthomonas vasicola pv. vasculorum (Cobb 1893) Vauterin et al. 1995	Xanthomonas vasculorum (Cobb 1893) Dowson 1939	Xanthomonas campestris pv. vasculorum (Cobb 1893) Dye 1978 Xanthomonas axonopodis pv. vasculorum (Cobb 1893) Vauterin et al. 1995	Puerto Rico	Saccharum officinarum	1946	1933	ICPB XVl			ex M.T. Cook	ATCC 13901, ICMP 305, LMG 896	No	No	ND,YDC		No	No	https://ncppb.fera.co.uk/furtherinfo/182	"{""Australia group"":""No"",""Country"":""Puerto Rico"",""Donated by"":""ICPB XVl"",""Host"":""Saccharum officinarum"",""Media"":""ND,YDC"",""Name as received"":""Xanthomonas vasculorum (Cobb 1893) Dowson 1939"",""Other collections with this strain (ref no)"":""ATCC 13901, ICMP 305, LMG 896"",""Other name(s)"":""Xanthomonas campestris pv. vasculorum (Cobb 1893) Dye 1978 Xanthomonas axonopodis pv. vasculorum (Cobb 1893) Vauterin et al. 1995"",""Pathogenicity confirmed"":""No"",""Pathotype strain"":""No"",""Source (if not isolated by donor)"":""ex M.T. Cook"",""Type strain of the species"":""No"",""Year Isolated"":""1933"",""Year added"":""1946""}"
NCPPB 225	NCPPB 225	ok	Pseudomonas syringae pv. dysoxyli (Hutchinson 1949) Young, Dye & Wilkie 1978	Pseudomonas dysoxyli	Pseudomonas dysoxyli	New Zealand (Auckland)	Dysoxylum spectabile (Forst.f.) Hook.f. (Kohekohe	1949		DSIRNZ				ATCC 19863, ICMP 545, LMG 5662, CFBP 2356	No	Yes	KB,NA,SNA	Young, J. M.; Wilkie, J. P.; Park, D.-C.; Watson, D. R. W. (2010)New Zealand strains of plant pathogenic bacteria classified by multi-locus sequence analysis; proposal ofXanthomonas dyeisp. nov.Plant Pathology59(2)270-281. DOI: 10.1111/j.1365-3059.2009.02210.x Young, J.M.; Triggs, C.M. (1994)Evaluation of determinative tests for pathovars of Pseudomonas syringae van Hall 1902.Journal of Applied Bacteriology77(2)195-207. DOI: 10.1111/j.1365-2672.1994.tb03064.x Visnovsky, Sandra B.; Panda, Preeti; Everett, Kerry R.; Lu, Ashley; Butler, Ruth C.; Taylor, Robert K.; Pitman, Andrew R. (2020)A PCR diagnostic assay for rapid detection of plant pathogenic pseudomonads.Plant Pathology69(7)1311-1330. DOI: 10.1111/ppa.13204 Ferreira-Tonin, Mariana; Rodrigues-Neto, Júlio; Harakava, Ricardo; Destéfano, Suzete Aparecida Lanza (2012)Phylogenetic analysis of Xanthomonas based on partial rpoB gene sequences and species differentiation by PCR-RFLP. International Journal of Systematic and Evolutionar	No	No	https://ncppb.fera.co.uk/furtherinfo/225	"{""Australia group"":""No"",""Country"":""New Zealand (Auckland)"",""Donated by"":""DSIRNZ"",""Host"":""Dysoxylum spectabile (Forst.f.) Hook.f. (Kohekohe"",""Media"":""KB,NA,SNA"",""Name as received"":""Pseudomonas dysoxyli"",""Other collections with this strain (ref no)"":""ATCC 19863, ICMP 545, LMG 5662, CFBP 2356"",""Other name(s)"":""Pseudomonas dysoxyli"",""Pathogenicity confirmed"":""No"",""Pathotype strain"":""Yes"",""Reference"":""Young, J. M.; Wilkie, J. P.; Park, D.-C.; Watson, D. R. W. (2010)New Zealand strains of plant pathogenic bacteria classified by multi-locus sequence analysis; proposal ofXanthomonas dyeisp. nov.Plant Pathology59(2)270-281. DOI: 10.1111/j.1365-3059.2009.02210.x Young, J.M.; Triggs, C.M. (1994)Evaluation of determinative tests for pathovars of Pseudomonas syringae van Hall 1902.Journal of Applied Bacteriology77(2)195-207. DOI: 10.1111/j.1365-2672.1994.tb03064.x Visnovsky, Sandra B.; Panda, Preeti; Everett, Kerry R.; Lu, Ashley; Butler, Ruth C.; Taylor, Robert K.; Pitman, Andrew R. (2020)A PCR diagnostic assay for rapid detection of plant pathogenic pseudomonads.Plant Pathology69(7)1311-1330. DOI: 10.1111/ppa.13204 Ferreira-Tonin, Mariana; Rodrigues-Neto, Júlio; Harakava, Ricardo; Destéfano, Suzete Aparecida Lanza (2012)Phylogenetic analysis of Xanthomonas based on partial rpoB gene sequences and species differentiation by PCR-RFLP. International Journal of Systematic and Evolutionar"",""Type strain of the species"":""No"",""Year added"":""1949""}"
NCPPB 245	NCPPB 245	ok	Serratia proteamaculans (Paine and Stansfield 1919) Grimont, Grimont & Starr 1978	Xanthomonas proteamaculans	Erwinia proteamaculans (Paine and Stansfield 1919) Dye 1966	UK	Protea cynaroides	1920		NCTC 394		ex S.G. Paine		ATCC 19323	Yes	No		Dye, D.W. 1969. N. Z. J. Sci. 12: 833	No	No	https://ncppb.fera.co.uk/furtherinfo/245	"{""Australia group"":""No"",""Country"":""UK"",""Donated by"":""NCTC 394"",""Host"":""Protea cynaroides"",""Isolated by"":""ex S.G. Paine"",""Media"":""NA"",""Name as received"":""Xanthomonas proteamaculans"",""Other collections with this strain (ref no)"":""ATCC 19323"",""Other name(s)"":""Erwinia proteamaculans (Paine and Stansfield 1919) Dye 1966"",""Pathogenicity confirmed"":""No"",""Pathotype strain"":""No"",""Reference"":""Dye, D.W. 1969. N. Z. J. Sci. 12: 833"",""Type strain of the species"":""Yes"",""Year added"":""1920""}"
NCPPB 272	NCPPB 1272	unexpected_record	Erwinia amylovora (Burrill 1882) Winslow et al. 1920 emend. Hauben et al. 1999	Erwinia amylovora (Burrill 1882) Winslow et al. 1920	Erwinia amylovora (Burrill 1882) Winslow et al. 1920	UK	Malus sylvestris	1962	1962			L.A.E. Baker 425			No	No	NA,SNA		No	No	https://ncppb.fera.co.uk/furtherinfo/272	"{""Australia group"":""No"",""Country"":""UK"",""Host"":""Malus sylvestris"",""Isolated by"":""L.A.E. Baker 425"",""Media"":""NA,SNA"",""Name as received"":""Erwinia amylovora (Burrill 1882) Winslow et al. 1920"",""Other name(s)"":""Erwinia amylovora (Burrill 1882) Winslow et al. 1920"",""Pathogenicity confirmed"":""No"",""Pathotype strain"":""No"",""Type strain of the species"":""No"",""Year Isolated"":""1962"",""Year added"":""1962""}"
NCPPB 449	NCPPB 449	ok	Pantoea stewartii subsp. stewartii (Smith 1898) Mergaert et al. 1993	Xanthomonas stewartii	Erwinia stewartii (Smith 1898) Dye 1963	USA	Zea mays var. rugosa	1957				L.E. Williams		LMG 2712, ICMP 258	No	No	NA,ND		Yes	No	https://ncppb.fera.co.uk/furtherinfo/449	"{""Australia group"":""No"",""Country"":""USA"",""Host"":""Zea mays var. rugosa"",""Isolated by"":""L.E. Williams"",""Media"":""NA,ND"",""Name as received"":""Xanthomonas stewartii"",""Other collections with this strain (ref no)"":""LMG 2712, ICMP 258"",""Other name(s)"":""Erwinia stewartii (Smith 1898) Dye 1963"",""Pathogenicity confirmed"":""Yes"",""Pathotype strain"":""No"",""Type strain of the species"":""No"",""Year added"":""1957""}"
NCPPB 583	NCPPB 583	ok	Chryseobacterium sp. Vandamme et al. 1994	Xanthomonas stizolobiicola (illegit.)		India	Stizolobium deeringianum	1958		ICPB XS101		ex M.K. Patel 13		ATCC 11642	No	No	ND,YDC	Dye, D.W. 1966. N.Z. Jl. Sci. 9: 843	No	No	https://ncppb.fera.co.uk/furtherinfo/583	"{""Australia group"":""No"",""Country"":""India"",""Donated by"":""ICPB XS101"",""Host"":""Stizolobium deeringianum"",""Isolated by"":""ex M.K. Patel 13"",""Media"":""ND,YDC"",""Name as received"":""Xanthomonas stizolobiicola (illegit.)"",""Other collections with this strain (ref no)"":""ATCC 11642"",""Pathogenicity confirmed"":""No"",""Pathotype strain"":""No"",""Reference"":""Dye, D.W. 1966. N.Z. Jl. Sci. 9: 843"",""Type strain of the species"":""No"",""Year added"":""1958""}"
NCPPB 761	NCPPB 761	ok	Xanthomonas euvesicatoria pv. physalidicola (Goto & Okabe 1958) Constantin et al. 2016 comb. nov.	Xanthomonas physalidicola Goto & Okabe 1958	Xanthomonas campestris pv. physalidicola (Goto & Okabe 1958) Dye 1978 Xanthomonas axonopodis pv. physalidicola (Goto & Okabe 1958) Vauterin et al. 1995	Unknown	Physalis alkekengii L. (Bladder cherry / Chinese L	1960		D. W. Dye	Yzl	N. Okabe	ex N. Okabe	ICMP 586, LMG 845, ATCC 49077	No	Yes	ND,YDC		No	No	https://ncppb.fera.co.uk/furtherinfo/761	"{""Australia group"":""No"",""Country"":""Unknown"",""Donated by"":""D. W. Dye"",""Donors reference"":""Yzl"",""Host"":""Physalis alkekengii L. (Bladder cherry / Chinese L"",""Isolated by"":""N. Okabe"",""Media"":""ND,YDC"",""Name as received"":""Xanthomonas physalidicola Goto & Okabe 1958"",""Other collections with this strain (ref no)"":""ICMP 586, LMG 845, ATCC 49077"",""Other name(s)"":""Xanthomonas campestris pv. physalidicola (Goto & Okabe 1958) Dye 1978 Xanthomonas axonopodis pv. physalidicola (Goto & Okabe 1958) Vauterin et al. 1995"",""Pathogenicity confirmed"":""No"",""Pathotype strain"":""Yes"",""Source (if not isolated by donor)"":""ex N. Okabe"",""Type strain of the species"":""No"",""Year added"":""1960""}"
NCPPB 1043	NCPPB 1043	ok	Xanthomonas campestris pv. campestris (Pammel 1895) Dowson 1939	Xanthomonas campestris (Pammel 1895) Dowson 1939		Papua New Guinea	Brassica oleracea	1961	1961			A.C. Hayward B621			No	No	ND,YDC		No	No	https://ncppb.fera.co.uk/furtherinfo/1043	"{""Australia group"":""No"",""Country"":""Papua New Guinea"",""Host"":""Brassica oleracea"",""Isolated by"":""A.C. Hayward B621"",""Media"":""ND,YDC"",""Name as received"":""Xanthomonas campestris (Pammel 1895) Dowson 1939"",""Pathogenicity confirmed"":""No"",""Pathotype strain"":""No"",""Type strain of the species"":""No"",""Year Isolated"":""1961"",""Year added"":""1961""}"
NCPPB 1062	NCPPB 1062	ok	Xanthomonas euvesicatoria Jones et al. 2006	Xanthomonas sp.	Xanthomonas campestris	Papua New Guinea	Dioscorea esculenta	1961	1961	A.C. Hayward		A.C. Hayward B644			No	No	ND,YDC		No	No	https://ncppb.fera.co.uk/furtherinfo/1062	"{""Australia group"":""No"",""Country"":""Papua New Guinea"",""Donated by"":""A.C. Hayward"",""Host"":""Dioscorea esculenta"",""Isolated by"":""A.C. Hayward B644"",""Media"":""ND,YDC"",""Name as received"":""Xanthomonas sp."",""Other name(s)"":""Xanthomonas campestris"",""Pathogenicity confirmed"":""No"",""Pathotype strain"":""No"",""Type strain of the species"":""No"",""Year Isolated"":""1961"",""Year added"":""1961""}"
NCPPB 1560	NCPPB 1560	ok	Xanthomonas dyei Young et al. 2010		Xanthomonas campestris	UK	Lobelia erinus	1964	1963	R.A.Lelliott		R.A. Lelliott 479			No	No	ND,YDC		No	No	https://ncppb.fera.co.uk/furtherinfo/1560	"{""Australia group"":""No"",""Country"":""UK"",""Donated by"":""R.A.Lelliott"",""Host"":""Lobelia erinus"",""Isolated by"":""R.A. Lelliott 479"",""Media"":""ND,YDC"",""Other name(s)"":""Xanthomonas campestris"",""Pathogenicity confirmed"":""No"",""Pathotype strain"":""No"",""Type strain of the species"":""No"",""Year Isolated"":""1963"",""Year added"":""1964""}"
NCPPB 1562	NCPPB 1562	ok	Pantoea stewartii subsp. indologenes Mergaert et al. 1993	Xanthomonas annamalaiensis (cotype).	Erwinia herbicola (Lohnis 1911 ) Dye 1964	India	Pennisetum glaucum	1963	1961			G. Rangaswami 3		LMG 2631, ICMP 629, NCPPB 2275	No	No			No	No	https://ncppb.fera.co.uk/furtherinfo/1562	"{""Australia group"":""No"",""Country"":""India"",""Host"":""Pennisetum glaucum"",""Isolated by"":""G. Rangaswami 3"",""Media"":""NA"",""Name as received"":""Xanthomonas annamalaiensis (cotype)."",""Other collections with this strain (ref no)"":""LMG 2631, ICMP 629, NCPPB 2275"",""Other name(s)"":""Erwinia herbicola (Lohnis 1911 ) Dye 1964"",""Pathogenicity confirmed"":""No"",""Pathotype strain"":""No"",""Type strain of the species"":""No"",""Year Isolated"":""1961"",""Year added"":""1963""}"
NCPPB 1638	NCPPB 1638	ok	Xanthomonas cucurbitae Dowson 1939		Xanthomonas campestris	Uganda	Cucurbita pepo var. melopepo	1964	1964	A.C. Hayward		A.C. Hayward B2290			No	No	ND,YDC		No	No	https://ncppb.fera.co.uk/furtherinfo/1638	"{""Australia group"":""No"",""Country"":""Uganda"",""Donated by"":""A.C. Hayward"",""Host"":""Cucurbita pepo var. melopepo"",""Isolated by"":""A.C. Hayward B2290"",""Media"":""ND,YDC"",""Other name(s)"":""Xanthomonas campestris"",""Pathogenicity confirmed"":""No"",""Pathotype strain"":""No"",""Type strain of the species"":""No"",""Year Isolated"":""1964"",""Year added"":""1964""}"
NCPPB 1682	NCPPB 1682	ok	Pantoea anthophila Brady et al. 2009	Xanthomonas balsamivorum (cotype)	Erwinia herbicola (Lohnis 1911) Dye 1964	India	Impatiens balsamina	1964		G.Rangaswami					No	No			No	No	https://ncppb.fera.co.uk/furtherinfo/1682	"{""Australia group"":""No"",""Country"":""India"",""Donated by"":""G.Rangaswami"",""Host"":""Impatiens balsamina"",""Media"":""NA"",""Name as received"":""Xanthomonas balsamivorum (cotype)"",""Other name(s)"":""Erwinia herbicola (Lohnis 1911) Dye 1964"",""Pathogenicity confirmed"":""No"",""Pathotype strain"":""No"",""Type strain of the species"":""No"",""Year added"":""1964""}"
NCPPB 1754	NCPPB 1754	ok	Xanthomonas euvesicatoria Jones et al. 2006		Xanthomonas campestris	India	Celsia coramandeliana	1965		M.J. Thirumalachar	HACC-179	ex M.C. Srinivasan		ATCC 17992	No	No	ND,YDC		No	No	https://ncppb.fera.co.uk/furtherinfo/1754	"{""Australia group"":""No"",""Country"":""India"",""Donated by"":""M.J. Thirumalachar"",""Donors reference"":""HACC-179"",""Host"":""Celsia coramandeliana"",""Isolated by"":""ex M.C. Srinivasan"",""Media"":""ND,YDC"",""Other collections with this strain (ref no)"":""ATCC 17992"",""Other name(s)"":""Xanthomonas campestris"",""Pathogenicity confirmed"":""No"",""Pathotype strain"":""No"",""Type strain of the species"":""No"",""Year added"":""1965""}"
NCPPB 1835	NCPPB 1835	ok	Burkholderia sp.	Xanthomonas panici	Pseudomonas syringae pv. panici (Elliott 1923) Young Dye & Wilkie 1978	India		1966		ICPB XP184			ex D.W. Dye XRl ex J.V. Bhatt	ATCC 23381, ICMP 623	No	No	KB,NA,SNA	Dye, D.W. 1966. N. Z. Jl. Sci. 9: 843	No	No	https://ncppb.fera.co.uk/furtherinfo/1835	"{""Australia group"":""No"",""Country"":""India"",""Donated by"":""ICPB XP184"",""Media"":""KB,NA,SNA"",""Name as received"":""Xanthomonas panici"",""Other collections with this strain (ref no)"":""ATCC 23381, ICMP 623"",""Other name(s)"":""Pseudomonas syringae pv. panici (Elliott 1923) Young Dye & Wilkie 1978"",""Pathogenicity confirmed"":""No"",""Pathotype strain"":""No"",""Reference"":""Dye, D.W. 1966. N. Z. Jl. Sci. 9: 843"",""Source (if not isolated by donor)"":""ex D.W. Dye XRl ex J.V. Bhatt"",""Type strain of the species"":""No"",""Year added"":""1966""}"
NCPPB 1931	NCPPB 1931	ok	Pantoea agglomerans (Lohnis 1911) Dye 1964	Xanthomonas cosmosicola	Erwinia herbicola (Lohnis 1911) Dye 1964	New Zealand	Cosmos sulfureus	1966	1961	ICPB XC155					No	No			No	No	https://ncppb.fera.co.uk/furtherinfo/1931	"{""Australia group"":""No"",""Country"":""New Zealand"",""Donated by"":""ICPB XC155"",""Host"":""Cosmos sulfureus"",""Media"":""NA"",""Name as received"":""Xanthomonas cosmosicola"",""Other name(s)"":""Erwinia herbicola (Lohnis 1911) Dye 1964"",""Pathogenicity confirmed"":""No"",""Pathotype strain"":""No"",""Type strain of the species"":""No"",""Year Isolated"":""1961"",""Year added"":""1966""}"
NCPPB 1937	NCPPB 1937	ok	Sphingomonas sp. (Bryan and McWhorter 1930) Dye 1978	Xanthomonas campestris pv. papavericola		USA		1966	1955	ICPB XP161		ex P.A. Ark		ATCC 14180, LMG 7434	No	No	ND,YDC		No	No	https://ncppb.fera.co.uk/furtherinfo/1937	"{""Australia group"":""No"",""Country"":""USA"",""Donated by"":""ICPB XP161"",""Isolated by"":""ex P.A. Ark"",""Media"":""ND,YDC"",""Name as received"":""Xanthomonas campestris pv. papavericola"",""Other collections with this strain (ref no)"":""ATCC 14180, LMG 7434"",""Pathogenicity confirmed"":""No"",""Pathotype strain"":""No"",""Type strain of the species"":""No"",""Year Isolated"":""1955"",""Year added"":""1966""}"
NCPPB 1941	NCPPB 1941	ok	Pantoea anthophila Brady et al. 2009	Xanthomonas tagetis	Erwinia herbicola (Lohnis 1911 ) Dye 1964		Tagetes erecta	1966		ICPB XT113				LMG 2560	No	No			No	No	https://ncppb.fera.co.uk/furtherinfo/1941	"{""Australia group"":""No"",""Donated by"":""ICPB XT113"",""Host"":""Tagetes erecta"",""Media"":""NA"",""Name as received"":""Xanthomonas tagetis"",""Other collections with this strain (ref no)"":""LMG 2560"",""Other name(s)"":""Erwinia herbicola (Lohnis 1911 ) Dye 1964"",""Pathogenicity confirmed"":""No"",""Pathotype strain"":""No"",""Type strain of the species"":""No"",""Year added"":""1966""}"
NCPPB 2275	NCPPB 2275	ok	Pantoea stewartii subsp. indologenes Mergaert et al. 1993	Xanthomonas annamalaiensis	Erwinia herbicola (Lohnis 1911 ) Dye 1964	India	Pennisetum glaucum	1970		D.W. Dye	XU1			LMG 2631, LMG 2629, ICMP 629	No	No		Dye, D.W. 1966. N. Z. Jl. Sci. 9: 843	No	No	https://ncppb.fera.co.uk/furtherinfo/2275	"{""Australia group"":""No"",""Country"":""India"",""Donated by"":""D.W. Dye"",""Donors reference"":""XU1"",""Host"":""Pennisetum glaucum"",""Media"":""NA"",""Name as received"":""Xanthomonas annamalaiensis"",""Other collections with this strain (ref no)"":""LMG 2631, LMG 2629, ICMP 629"",""Other name(s)"":""Erwinia herbicola (Lohnis 1911 ) Dye 1964"",""Pathogenicity confirmed"":""No"",""Pathotype strain"":""No"",""Reference"":""Dye, D.W. 1966. N. Z. Jl. Sci. 9: 843"",""Type strain of the species"":""No"",""Year added"":""1970""}"
NCPPB 2276	NCPPB 2276	ok	Pantoea anthophila Gavini et al. 1989	Xanthomonas balsimovorum	Erwinia herbicola (Lohnis 1911 ) Dye 1964	India	Impatiens balsamina	1970		D.W. Dye	WM1	ex G. Rangaswami		LMG 2562, ICMP 1373	No	No		Dye, D.W. 1966. N. Z. Jl. Sci. 9: 843	No	No	https://ncppb.fera.co.uk/furtherinfo/2276	"{""Australia group"":""No"",""Country"":""India"",""Donated by"":""D.W. Dye"",""Donors reference"":""WM1"",""Host"":""Impatiens balsamina"",""Isolated by"":""ex G. Rangaswami"",""Media"":""NA"",""Name as received"":""Xanthomonas balsimovorum"",""Other collections with this strain (ref no)"":""LMG 2562, ICMP 1373"",""Other name(s)"":""Erwinia herbicola (Lohnis 1911 ) Dye 1964"",""Pathogenicity confirmed"":""No"",""Pathotype strain"":""No"",""Reference"":""Dye, D.W. 1966. N. Z. Jl. Sci. 9: 843"",""Type strain of the species"":""No"",""Year added"":""1970""}"
NCPPB 2279	NCPPB 2279	ok	Pantoea dispersa Gavini et al. 1989	Xanthomonas esculenti	Erwinia herbicola (Lohnis 1911 ) Dye 1964	India	Hibiscus esculentus	1970		D.W. Dye	WPl	ex G. Rangaswami		LMG 2601, ICMP 1377	No	No		Dye, D.W. 1966. N. Z. Jl. Sci. 9: 843	No	No	https://ncppb.fera.co.uk/furtherinfo/2279	"{""Australia group"":""No"",""Country"":""India"",""Donated by"":""D.W. Dye"",""Donors reference"":""WPl"",""Host"":""Hibiscus esculentus"",""Isolated by"":""ex G. Rangaswami"",""Media"":""NA"",""Name as received"":""Xanthomonas esculenti"",""Other collections with this strain (ref no)"":""LMG 2601, ICMP 1377"",""Other name(s)"":""Erwinia herbicola (Lohnis 1911 ) Dye 1964"",""Pathogenicity confirmed"":""No"",""Pathotype strain"":""No"",""Reference"":""Dye, D.W. 1966. N. Z. Jl. Sci. 9: 843"",""Type strain of the species"":""No"",""Year added"":""1970""}"
NCPPB 2280	NCPPB 2280	ok	Pantoea stewartii subsp. indologenes Mergaert et al. 1993	Xanthomonas indica	Erwinia herbicola (Lohnis 1911 ) Dye 1964	India	Setaria indica	1970	1960	D.W.Dye	XN 1	L.E. Williams	G.Rangaswami	DSMZ 22157, ATCC 51785, ICMP 77, LMG 2632	Yes	No		Indian phytopath 14, 105-107, 1961.	No	No	https://ncppb.fera.co.uk/furtherinfo/2280	"{""Australia group"":""No"",""Country"":""India"",""Donated by"":""D.W.Dye"",""Donors reference"":""XN 1"",""Host"":""Setaria indica"",""Isolated by"":""L.E. Williams"",""Name as received"":""Xanthomonas indica"",""Other collections with this strain (ref no)"":""DSMZ 22157, ATCC 51785, ICMP 77, LMG 2632"",""Other name(s)"":""Erwinia herbicola (Lohnis 1911 ) Dye 1964"",""Pathogenicity confirmed"":""No"",""Pathotype strain"":""No"",""Reference"":""Indian phytopath 14, 105-107, 1961."",""Source (if not isolated by donor)"":""G.Rangaswami"",""Type strain of the species"":""Yes"",""Year Isolated"":""1960"",""Year added"":""1970""}"
NCPPB 2281	NCPPB 2281	ok	Pantoea stewartii subsp. indologenes Mergaert et al. 1993	Xanthomonas indica	Erwinia herbicola (Lohnis 1911 ) Dye 1964	India	Setaria italica	1970	1960	D.W. Dye	XN2	ex G. Rangaswami 2		LMG 2633, ICMP 81	No	No		Dye, D.W. 1966. N. Z. Jl. Sci. 9: 843	No	No	https://ncppb.fera.co.uk/furtherinfo/2281	"{""Australia group"":""No"",""Country"":""India"",""Donated by"":""D.W. Dye"",""Donors reference"":""XN2"",""Host"":""Setaria italica"",""Isolated by"":""ex G. Rangaswami 2"",""Media"":""NA"",""Name as received"":""Xanthomonas indica"",""Other collections with this strain (ref no)"":""LMG 2633, ICMP 81"",""Other name(s)"":""Erwinia herbicola (Lohnis 1911 ) Dye 1964"",""Pathogenicity confirmed"":""No"",""Pathotype strain"":""No"",""Reference"":""Dye, D.W. 1966. N. Z. Jl. Sci. 9: 843"",""Type strain of the species"":""No"",""Year Isolated"":""1960"",""Year added"":""1970""}"
NCPPB 2282	NCPPB 2282	ok	Pantoea stewartii subsp. indologenes Mergaert et al. 1993	Xanthomonas penniseti	Erwinia herbicola (Lohnis 1911 ) Dye 1964	India	Pennisetum glaucum	1970	1956	D.W. Dye	XTl	ex G. Rangaswami		LMG 2634, ICMP 89	No	No		Dye, D.W. 1966. N. Z. Jl. Sci. 9: 843	No	No	https://ncppb.fera.co.uk/furtherinfo/2282	"{""Australia group"":""No"",""Country"":""India"",""Donated by"":""D.W. Dye"",""Donors reference"":""XTl"",""Host"":""Pennisetum glaucum"",""Isolated by"":""ex G. Rangaswami"",""Media"":""NA"",""Name as received"":""Xanthomonas penniseti"",""Other collections with this strain (ref no)"":""LMG 2634, ICMP 89"",""Other name(s)"":""Erwinia herbicola (Lohnis 1911 ) Dye 1964"",""Pathogenicity confirmed"":""No"",""Pathotype strain"":""No"",""Reference"":""Dye, D.W. 1966. N. Z. Jl. Sci. 9: 843"",""Type strain of the species"":""No"",""Year Isolated"":""1956"",""Year added"":""1970""}"
NCPPB 2285	NCPPB 2285	ok	Pantoea dispersa Gavini et al. 1989	Xanthomonas rubrisorghi	Erwinia herbicola (Lohnis 1911 ) Dye 1964	India	Sorghum vulgare	1970		D.W. Dye	XX1	ex G. Rangaswami		LMG 2602, ICMP 625	No	No		Dye, D.W. 1966. N. Z. Jl. Sci. 9: 843	No	No	https://ncppb.fera.co.uk/furtherinfo/2285	"{""Australia group"":""No"",""Country"":""India"",""Donated by"":""D.W. Dye"",""Donors reference"":""XX1"",""Host"":""Sorghum vulgare"",""Isolated by"":""ex G. Rangaswami"",""Media"":""NA"",""Name as received"":""Xanthomonas rubrisorghi"",""Other collections with this strain (ref no)"":""LMG 2602, ICMP 625"",""Other name(s)"":""Erwinia herbicola (Lohnis 1911 ) Dye 1964"",""Pathogenicity confirmed"":""No"",""Pathotype strain"":""No"",""Reference"":""Dye, D.W. 1966. N. Z. Jl. Sci. 9: 843"",""Type strain of the species"":""No"",""Year added"":""1970""}"
NCPPB 2388	NCPPB 2388	ok	Xanthomonas campestris pv. azadirachtae (Desai et al.1966) Dye 1978			India	Melia indica (Isolated from Azadirachta indica A.	1971	1971	P.N. Patel	PA	ex J.K. Jindal		ICMP 3102, LMG 543	No	Yes	ND,YDC	Literature: Bansal, Kanika; Kumar, Sanjeet; Patil, Prabhu B. (2022)Phylo-Taxonogenomics Supports Revision of Taxonomic Status of 20 Xanthomonas Pathovars to Xanthomonas citri.Phytopathology®112(6)1201-1207. DOI: 10.1094/PHYTO-08-21-0342-SC	Yes	No	https://ncppb.fera.co.uk/furtherinfo/2388	"{""Australia group"":""No"",""Country"":""India"",""Donated by"":""P.N. Patel"",""Donors reference"":""PA"",""Host"":""Melia indica (Isolated from Azadirachta indica A."",""Isolated by"":""ex J.K. Jindal"",""Media"":""ND,YDC"",""Other collections with this strain (ref no)"":""ICMP 3102, LMG 543"",""Pathogenicity confirmed"":""Yes"",""Pathotype strain"":""Yes"",""Reference"":""Literature: Bansal, Kanika; Kumar, Sanjeet; Patil, Prabhu B. (2022)Phylo-Taxonogenomics Supports Revision of Taxonomic Status of 20 Xanthomonas Pathovars to Xanthomonas citri.Phytopathology®112(6)1201-1207. DOI: 10.1094/PHYTO-08-21-0342-SC"",""Type strain of the species"":""No"",""Year Isolated"":""1971"",""Year added"":""1971""}"
NCPPB 2473	NCPPB 2473	ok	Xanthomonas fragariae Kennedy and King 1962	Xanthomonas fragariae Kennedy and King 1962		Italy	Fragaria vesca	1972	1972			U. Mazzucchi 429 lPV-BO		ATCC 33240, LMG 710	No	No	ND,YDC		Yes	No	https://ncppb.fera.co.uk/furtherinfo/2473	"{""Australia group"":""No"",""Country"":""Italy"",""Host"":""Fragaria vesca"",""Isolated by"":""U. Mazzucchi 429 lPV-BO"",""Media"":""ND,YDC"",""Name as received"":""Xanthomonas fragariae Kennedy and King 1962"",""Other collections with this strain (ref no)"":""ATCC 33240, LMG 710"",""Pathogenicity confirmed"":""Yes"",""Pathotype strain"":""No"",""Type strain of the species"":""No"",""Year Isolated"":""1972"",""Year added"":""1972""}"
NCPPB 2586	NCPPB 2586	ok	Xanthomonas campestris (Pammel 1895) Dowson 1939 (Approved Lists 1980)		Xanthomonas campestris	India	Brassica juncea	1974	1972	S.Vir		S. Vir			No	No	ND,YDC		Yes	No	https://ncppb.fera.co.uk/furtherinfo/2586	"{""Australia group"":""No"",""Country"":""India"",""Donated by"":""S.Vir"",""Host"":""Brassica juncea"",""Isolated by"":""S. Vir"",""Media"":""ND,YDC"",""Other name(s)"":""Xanthomonas campestris"",""Pathogenicity confirmed"":""Yes"",""Pathotype strain"":""No"",""Type strain of the species"":""No"",""Year Isolated"":""1972"",""Year added"":""1974""}"
NCPPB 2864	NCPPB 2864	ok	Xanthomonas arboricola Vauterin et al. 1995	Xanthomonas sp. Dowson 1939		Netherlands	Chrysanthemum morifolium	1975	1975	F.Catton		F.W. Catton 211/75/2			No	No	ND,YDC		No	No	https://ncppb.fera.co.uk/furtherinfo/2864	"{""Australia group"":""No"",""Country"":""Netherlands"",""Donated by"":""F.Catton"",""Host"":""Chrysanthemum morifolium"",""Isolated by"":""F.W. Catton 211/75/2"",""Media"":""ND,YDC"",""Name as received"":""Xanthomonas sp. Dowson 1939"",""Pathogenicity confirmed"":""No"",""Pathotype strain"":""No"",""Type strain of the species"":""No"",""Year Isolated"":""1975"",""Year added"":""1975""}"
NCPPB 2865	NCPPB 2865	ok	Xanthomonas arboricola Vauterin et al. 1995	Xanthomonas sp. Dowson 1939		Netherlands	Chrysanthemum morifolium	1975	1975	F.Catton		F.W. Catton 212/75/1			No	No	ND,YDC		No	No	https://ncppb.fera.co.uk/furtherinfo/2865	"{""Australia group"":""No"",""Country"":""Netherlands"",""Donated by"":""F.Catton"",""Host"":""Chrysanthemum morifolium"",""Isolated by"":""F.W. Catton 212/75/1"",""Media"":""ND,YDC"",""Name as received"":""Xanthomonas sp. Dowson 1939"",""Pathogenicity confirmed"":""No"",""Pathotype strain"":""No"",""Type strain of the species"":""No"",""Year Isolated"":""1975"",""Year added"":""1975""}"
NCPPB 2866	NCPPB 2866	ok	Xanthomonas arboricola Vauterin et al. 1995	Xanthomonas sp. Dowson 1939		Netherlands	Chrysanthemum morifolium	1975	1975	F.Catton		F.W. Catton 212/75/6			No	No	ND,YDC		No	No	https://ncppb.fera.co.uk/furtherinfo/2866	"{""Australia group"":""No"",""Country"":""Netherlands"",""Donated by"":""F.Catton"",""Host"":""Chrysanthemum morifolium"",""Isolated by"":""F.W. Catton 212/75/6"",""Media"":""ND,YDC"",""Name as received"":""Xanthomonas sp. Dowson 1939"",""Pathogenicity confirmed"":""No"",""Pathotype strain"":""No"",""Type strain of the species"":""No"",""Year Isolated"":""1975"",""Year added"":""1975""}"
NCPPB 2877	NCPPB 2877	ok	Xanthomonas cannabis (ex Severin 1978) McKnight et al. 2026		Xanthomonas campestris pv. cannabis Severin 1978 Xanthomonas cannabis (ex Severin 1978) Jacobs et al. 2015	Romania	Cannabis sativa	1976	1974			V. Severin XC8		ICMP 6570, LMG 9042, CCUG 28779, DSMZ 44278, ATCC 49725	Yes	No	ND,YDC		No	No	https://ncppb.fera.co.uk/furtherinfo/2877	"{""Australia group"":""No"",""Country"":""Romania"",""Host"":""Cannabis sativa"",""Isolated by"":""V. Severin XC8"",""Media"":""ND,YDC"",""Other collections with this strain (ref no)"":""ICMP 6570, LMG 9042, CCUG 28779, DSMZ 44278, ATCC 49725"",""Other name(s)"":""Xanthomonas campestris pv. cannabis Severin 1978 Xanthomonas cannabis (ex Severin 1978) Jacobs et al. 2015"",""Pathogenicity confirmed"":""No"",""Pathotype strain"":""No"",""Type strain of the species"":""Yes"",""Year Isolated"":""1974"",""Year added"":""1976""}"
NCPPB 2933	NCPPB 2933	ok	Xanthomonas hortorum Vauterin et al. 1995	Xanthomonas sp. Dowson 1939		UK (Isle of Man)	Calendula officinalis	1977	1974	J.F. Bradbury	B6132	J.F. Bradbury B6132			No	No	ND,YDC		No	No	https://ncppb.fera.co.uk/furtherinfo/2933	"{""Australia group"":""No"",""Country"":""UK (Isle of Man)"",""Donated by"":""J.F. Bradbury"",""Donors reference"":""B6132"",""Host"":""Calendula officinalis"",""Isolated by"":""J.F. Bradbury B6132"",""Media"":""ND,YDC"",""Name as received"":""Xanthomonas sp. Dowson 1939"",""Pathogenicity confirmed"":""No"",""Pathotype strain"":""No"",""Type strain of the species"":""No"",""Year Isolated"":""1974"",""Year added"":""1977""}"
NCPPB 2963	NCPPB 2963	ok	Xanthomonas populi (ex Ridé 1958) van den Mooter & Swings 1990	Aplanobacter populi	Xanthomonas populi subsp. populi (Ride 1958) Ride & Ride 1978	Belgium	Populus trichocarpa x Populus deltoides	1977	1963	S. Ride	S62b			ICPB XP235	No	No	AA		No	No	https://ncppb.fera.co.uk/furtherinfo/2963	"{""Australia group"":""No"",""Country"":""Belgium"",""Donated by"":""S. Ride"",""Donors reference"":""S62b"",""Host"":""Populus trichocarpa x Populus deltoides"",""Media"":""AA"",""Name as received"":""Aplanobacter populi"",""Other collections with this strain (ref no)"":""ICPB XP235"",""Other name(s)"":""Xanthomonas populi subsp. populi (Ride 1958) Ride & Ride 1978"",""Pathogenicity confirmed"":""No"",""Pathotype strain"":""No"",""Type strain of the species"":""No"",""Year Isolated"":""1963"",""Year added"":""1977""}"
NCPPB 3200	NCPPB 3200	ok	Xanthomonas arboricola Vauterin et al. 1995	Xanthomonas campestris (Pammel 1895) Dowson 1939		UK ex Kenya	Chrysanthemum morifolium	1982	1979	J.F. Bradbury	B8059	J.F. Bradbury			No	No	ND,YDC		No	No	https://ncppb.fera.co.uk/furtherinfo/3200	"{""Australia group"":""No"",""Country"":""UK ex Kenya"",""Donated by"":""J.F. Bradbury"",""Donors reference"":""B8059"",""Host"":""Chrysanthemum morifolium"",""Isolated by"":""J.F. Bradbury"",""Media"":""ND,YDC"",""Name as received"":""Xanthomonas campestris (Pammel 1895) Dowson 1939"",""Pathogenicity confirmed"":""No"",""Pathotype strain"":""No"",""Type strain of the species"":""No"",""Year Isolated"":""1979"",""Year added"":""1982""}"
NCPPB 3218	NCPPB 3218	ok	Xanthomonas arboricola Vauterin et al. 1995	Xanthomonas campestris (Pammel 1895) Dowson 1939		Indonesia	Syzygium aromaticum (clove).	1982	1980	J.F. Bradbury	B8718	C.P. Bennett Y3			No	No	ND,YDC		No	No	https://ncppb.fera.co.uk/furtherinfo/3218	"{""Australia group"":""No"",""Country"":""Indonesia"",""Donated by"":""J.F. Bradbury"",""Donors reference"":""B8718"",""Host"":""Syzygium aromaticum (clove)."",""Isolated by"":""C.P. Bennett Y3"",""Media"":""ND,YDC"",""Name as received"":""Xanthomonas campestris (Pammel 1895) Dowson 1939"",""Pathogenicity confirmed"":""No"",""Pathotype strain"":""No"",""Type strain of the species"":""No"",""Year Isolated"":""1980"",""Year added"":""1982""}"
NCPPB 3339	NCPPB 3339	ok	Xanthomonas arboricola pv. corylina (Miller et al. 1940) Vauterin et al. 1995	Xanthomonas campestris pv. corylina	Xanthomonas campestris pv. corylina (Miller et al. 1940) Dye 1978	France	Corylus avellana	1984	1984			D.E. Stead			No	No	ND,YDC		No	No	https://ncppb.fera.co.uk/furtherinfo/3339	"{""Australia group"":""No"",""Country"":""France"",""Host"":""Corylus avellana"",""Isolated by"":""D.E. Stead"",""Media"":""ND,YDC"",""Name as received"":""Xanthomonas campestris pv. corylina"",""Other name(s)"":""Xanthomonas campestris pv. corylina (Miller et al. 1940) Dye 1978"",""Pathogenicity confirmed"":""No"",""Pathotype strain"":""No"",""Type strain of the species"":""No"",""Year Isolated"":""1984"",""Year added"":""1984""}"
NCPPB 3340	NCPPB 3340	ok	Xanthomonas arboricola pv. juglandis (Pierce 1901) Vauterin et al. 1995	Xanthomonas campestris pv. juglandis (Pierce 1901) Dye 1978	Xanthomonas campestris pv. juglandis (Pierce 1901) Dye 1978	France	Juglans regia	1984	1984			D.E. Stead			No	No	ND,YDC		No	No	https://ncppb.fera.co.uk/furtherinfo/3340	"{""Australia group"":""No"",""Country"":""France"",""Host"":""Juglans regia"",""Isolated by"":""D.E. Stead"",""Media"":""ND,YDC"",""Name as received"":""Xanthomonas campestris pv. juglandis (Pierce 1901) Dye 1978"",""Other name(s)"":""Xanthomonas campestris pv. juglandis (Pierce 1901) Dye 1978"",""Pathogenicity confirmed"":""No"",""Pathotype strain"":""No"",""Type strain of the species"":""No"",""Year Isolated"":""1984"",""Year added"":""1984""}"
NCPPB 3582	NCPPB 3582	ok	Xanthomonas codiaei Vauterin et al. 1995	Xanthomonas campestris (Pammel 1895) Dowson 1939	Xanthomonas campestris pv. cordiae Robbs et al. 1983 not a valid name	USA	Strelitzia reginae	1988	1980	J.F. Bradbury	B8718	A.R. Chase X144			No	No	ND,YDC	Chase, A.R., Jones, J.B. 1987. Plant Disease 71: 845-847.	No	No	https://ncppb.fera.co.uk/furtherinfo/3582	"{""Australia group"":""No"",""Country"":""USA"",""Donated by"":""J.F. Bradbury"",""Donors reference"":""B8718"",""Host"":""Strelitzia reginae"",""Isolated by"":""A.R. Chase X144"",""Media"":""ND,YDC"",""Name as received"":""Xanthomonas campestris (Pammel 1895) Dowson 1939"",""Other name(s)"":""Xanthomonas campestris pv. cordiae Robbs et al. 1983 not a valid name"",""Pathogenicity confirmed"":""No"",""Pathotype strain"":""No"",""Reference"":""Chase, A.R., Jones, J.B. 1987. Plant Disease 71: 845-847."",""Type strain of the species"":""No"",""Year Isolated"":""1980"",""Year added"":""1988""}"
NCPPB 3722	NCPPB 3722	ok	Xanthomonas axonopodis pv. begoniae (Takimoto 1934) Vauterin et al. 1995	Xanthomonas begoniae Takimoto 1934	Xanthomonas campestris pv. begoniae (Takimoto 1934) Dye 1978	Norway	Begonia x Hiemalis	1990	1984	A. Sletten		A. Sletten 84-20			No	No	ND,YDC		No	No	https://ncppb.fera.co.uk/furtherinfo/3722	"{""Australia group"":""No"",""Country"":""Norway"",""Donated by"":""A. Sletten"",""Host"":""Begonia x Hiemalis"",""Isolated by"":""A. Sletten 84-20"",""Media"":""ND,YDC"",""Name as received"":""Xanthomonas begoniae Takimoto 1934"",""Other name(s)"":""Xanthomonas campestris pv. begoniae (Takimoto 1934) Dye 1978"",""Pathogenicity confirmed"":""No"",""Pathotype strain"":""No"",""Type strain of the species"":""No"",""Year Isolated"":""1984"",""Year added"":""1990""}"
NCPPB 3942	NCPPB 3942	ok	Xanthomonas euvesicatoria Jones et al. 2006		Xanthomonas campestris	Barbados	Allium cepa	1996	1989	L. O'Garro		L. O'Garro W4			No	No	ND,YDC		No	No	https://ncppb.fera.co.uk/furtherinfo/3942	"{""Australia group"":""No"",""Country"":""Barbados"",""Donated by"":""L. O'Garro"",""Host"":""Allium cepa"",""Isolated by"":""L. O'Garro W4"",""Media"":""ND,YDC"",""Other name(s)"":""Xanthomonas campestris"",""Pathogenicity confirmed"":""No"",""Pathotype strain"":""No"",""Type strain of the species"":""No"",""Year Isolated"":""1989"",""Year added"":""1996""}"
NCPPB 3943	NCPPB 3943	ok	Xanthomonas euvesicatoria Jones et al. 2006		Xanthomonas campestris	Barbados	Allium cepa	1996	1989	L. O'Garro		L. O'Garro G6			No	No	ND,YDC		No	No	https://ncppb.fera.co.uk/furtherinfo/3943	"{""Australia group"":""No"",""Country"":""Barbados"",""Donated by"":""L. O'Garro"",""Host"":""Allium cepa"",""Isolated by"":""L. O'Garro G6"",""Media"":""ND,YDC"",""Other name(s)"":""Xanthomonas campestris"",""Pathogenicity confirmed"":""No"",""Pathotype strain"":""No"",""Type strain of the species"":""No"",""Year Isolated"":""1989"",""Year added"":""1996""}"
NCPPB 3957	NCPPB 3957	ok	Xanthomonas translucens (ex Jones et al. 1917) Vauterin et al. 1995	Xanthomonas campestris pv. undetermined		Zambia	Hordeum vulgare	1996		J. Kolkowski, IMI	IMI B11059	J.Bradbury			No	No	ND,YDC		No	No	https://ncppb.fera.co.uk/furtherinfo/3957	"{""Australia group"":""No"",""Country"":""Zambia"",""Donated by"":""J. Kolkowski, IMI"",""Donors reference"":""IMI B11059"",""Host"":""Hordeum vulgare"",""Isolated by"":""J.Bradbury"",""Media"":""ND,YDC"",""Name as received"":""Xanthomonas campestris pv. undetermined"",""Pathogenicity confirmed"":""No"",""Pathotype strain"":""No"",""Type strain of the species"":""No"",""Year added"":""1996""}"
NCPPB 3958	NCPPB 3958	ok	Acidovorax sp. Willems et al. 1990 emend. Willems et al. 1992	Xanthomonas campestris pv. vasculorum (unlike translucens group)		Zambia	Triticale	1997		J. Kolkowski, IMI	IMI B10636a	J.Bradbury			No	No			No	No	https://ncppb.fera.co.uk/furtherinfo/3958	"{""Australia group"":""No"",""Country"":""Zambia"",""Donated by"":""J. Kolkowski, IMI"",""Donors reference"":""IMI B10636a"",""Host"":""Triticale"",""Isolated by"":""J.Bradbury"",""Media"":""NA"",""Name as received"":""Xanthomonas campestris pv. vasculorum (unlike translucens group)"",""Pathogenicity confirmed"":""No"",""Pathotype strain"":""No"",""Type strain of the species"":""No"",""Year added"":""1997""}"
NCPPB 3959	NCPPB 3959	ok	Xanthomonas hortorum Vauterin et al. 1995	Xanthomonas campestris pv undetermined	Xanthomonas campestris	New Zealand	Persea americana	1996		J. Kolkowski, IMI	IMI B102166	J.Bradbury			No	No	ND,YDC		No	No	https://ncppb.fera.co.uk/furtherinfo/3959	"{""Australia group"":""No"",""Country"":""New Zealand"",""Donated by"":""J. Kolkowski, IMI"",""Donors reference"":""IMI B102166"",""Host"":""Persea americana"",""Isolated by"":""J.Bradbury"",""Media"":""ND,YDC"",""Name as received"":""Xanthomonas campestris pv undetermined"",""Other name(s)"":""Xanthomonas campestris"",""Pathogenicity confirmed"":""No"",""Pathotype strain"":""No"",""Type strain of the species"":""No"",""Year added"":""1996""}"
NCPPB 4182	NCPPB 4182	ok	Xanthomonas arboricola pv. fragariae Janse et al 2001	Xanthomonas arboricola pv fragariae Janse et al 2001		Italy	Fragaria (x)ananassa	2000	1999		PD2803	JD Janse			No	No	ND,YPG		No	No	https://ncppb.fera.co.uk/furtherinfo/4182	"{""Australia group"":""No"",""Country"":""Italy"",""Donors reference"":""PD2803"",""Host"":""Fragaria (x)ananassa"",""Isolated by"":""JD Janse"",""Media"":""ND,YPG"",""Name as received"":""Xanthomonas arboricola pv fragariae Janse et al 2001"",""Pathogenicity confirmed"":""No"",""Pathotype strain"":""No"",""Type strain of the species"":""No"",""Year Isolated"":""1999"",""Year added"":""2000""}"
NCPPB 4326	NCPPB 4326	ok	Xanthomonas campestris pv. zantedeschiae (Joubert & Truter 1972) Dye 1978	Xanthomonas campestris pv. zantedeschiae		Taiwan, Republic of China	Zantedeschia aethiopica (White flowered calla lily	2004	2002	Professor Yung-An Lee	Xcz A5				No	No	ND,YDC	Lee, Y.-A., K.-P. Chen and Y.-C Chang. 2004. First report of bacterial leaf blight of white flowered	Yes	No	https://ncppb.fera.co.uk/furtherinfo/4326	"{""Australia group"":""No"",""Country"":""Taiwan, Republic of China"",""Donated by"":""Professor Yung-An Lee"",""Donors reference"":""Xcz A5"",""Host"":""Zantedeschia aethiopica (White flowered calla lily"",""Media"":""ND,YDC"",""Name as received"":""Xanthomonas campestris pv. zantedeschiae"",""Pathogenicity confirmed"":""Yes"",""Pathotype strain"":""No"",""Reference"":""Lee, Y.-A., K.-P. Chen and Y.-C Chang. 2004. First report of bacterial leaf blight of white flowered"",""Type strain of the species"":""No"",""Year Isolated"":""2002"",""Year added"":""2004""}"
NCPPB 4345	NCPPB 4345	ok	Xanthomonas campestris pv. cannae Easwaramurthy et al. 1984	Xanthomonas campestris pv. cannae		India	Canna x generalis	2006	1981	R. Easwaramurthy	1	R. Easwaramurthy	ICMP	ICMP 8306. LMG 9043	Yes	Yes	ND,YDC	Curr. Sci. 53: 708-709. 1984	Yes	No	https://ncppb.fera.co.uk/furtherinfo/4345	"{""Australia group"":""No"",""Country"":""India"",""Donated by"":""R. Easwaramurthy"",""Donors reference"":""1"",""Host"":""Canna x generalis"",""Isolated by"":""R. Easwaramurthy"",""Media"":""ND,YDC"",""Name as received"":""Xanthomonas campestris pv. cannae"",""Other collections with this strain (ref no)"":""ICMP 8306. LMG 9043"",""Pathogenicity confirmed"":""Yes"",""Pathotype strain"":""Yes"",""Reference"":""Curr. Sci. 53: 708-709. 1984"",""Source (if not isolated by donor)"":""ICMP"",""Type strain of the species"":""Yes"",""Year Isolated"":""1981"",""Year added"":""2006""}"
NCPPB 4347	NCPPB 4347	ok	Xanthomonas campestris pv. malloti Goto 1993	Xanthomonas campestris pv. malloti		Japan	Mallotus japonicus (Thunb.) Muell.-Arg (East Asian	2006		M. Goto	Ma 2	M. Goto	ICMP	ICMP 11536, ATCC 51262	No	Yes	ND,YDC	Ann. Phytopath. Soc. Jpn. 59: 678-680. 1993	Yes	No	https://ncppb.fera.co.uk/furtherinfo/4347	"{""Australia group"":""No"",""Country"":""Japan"",""Donated by"":""M. Goto"",""Donors reference"":""Ma 2"",""Host"":""Mallotus japonicus (Thunb.) Muell.-Arg (East Asian"",""Isolated by"":""M. Goto"",""Media"":""ND,YDC"",""Name as received"":""Xanthomonas campestris pv. malloti"",""Other collections with this strain (ref no)"":""ICMP 11536, ATCC 51262"",""Pathogenicity confirmed"":""Yes"",""Pathotype strain"":""Yes"",""Reference"":""Ann. Phytopath. Soc. Jpn. 59: 678-680. 1993"",""Source (if not isolated by donor)"":""ICMP"",""Type strain of the species"":""No"",""Year added"":""2006""}"
NCPPB 4349	NCPPB 4349	ok	Xanthomonas euvesicatoria pv. pennamericanum (Qhobela & Claflin 1988) Harrison et al. 2023	Xanthomonas campestris pv. pennamericanum	Xanthomonas campestris pv. pennamericanum Qhobela & Claflin 1988	Nigeria	Pennisetum americanum (L.) K. Schum. (pearl mille	2006	1984	L.E.Claflin	B6	L.E.Claflin	ICMP	ICMP 9627, ATCC 49152	No	Yes	ND,YDC	Int. J. Syst. Bact. 38: 362-366, 1998	Yes	No	https://ncppb.fera.co.uk/furtherinfo/4349	"{""Australia group"":""No"",""Country"":""Nigeria"",""Donated by"":""L.E.Claflin"",""Donors reference"":""B6"",""Host"":""Pennisetum americanum (L.) K. Schum. (pearl mille"",""Isolated by"":""L.E.Claflin"",""Media"":""ND,YDC"",""Name as received"":""Xanthomonas campestris pv. pennamericanum"",""Other collections with this strain (ref no)"":""ICMP 9627, ATCC 49152"",""Other name(s)"":""Xanthomonas campestris pv. pennamericanum Qhobela & Claflin 1988"",""Pathogenicity confirmed"":""Yes"",""Pathotype strain"":""Yes"",""Reference"":""Int. J. Syst. Bact. 38: 362-366, 1998"",""Source (if not isolated by donor)"":""ICMP"",""Type strain of the species"":""No"",""Year Isolated"":""1984"",""Year added"":""2006""}"
NCPPB 4416	NCPPB 4416	ok	Xanthomonas campestris (Pammel 1895) Dowson 1939	Xanthomonas campestris pv.chieranthii			Wallflower	2008	1990	J. E. Sellwood	A4833/A		CSL	A4833/A	No	No	ND,YDC		Yes	No	https://ncppb.fera.co.uk/furtherinfo/4416	"{""Australia group"":""No"",""Donated by"":""J. E. Sellwood"",""Donors reference"":""A4833/A"",""Host"":""Wallflower"",""Media"":""ND,YDC"",""Name as received"":""Xanthomonas campestris pv.chieranthii"",""Other collections with this strain (ref no)"":""A4833/A"",""Pathogenicity confirmed"":""Yes"",""Pathotype strain"":""No"",""Source (if not isolated by donor)"":""CSL"",""Type strain of the species"":""No"",""Year Isolated"":""1990"",""Year added"":""2008""}"
NCPPB 4661	NCPPB 4661	ok	Xanthomonas campestris pv. campestris (Pammel 1895) Dowson 1939	Xanthomonas campestris pv. campestris		USA	Brassica oleracea	2018	1994	J D Taylor	WHRI 3811	P. Williams		PHW 1205	No	No		https://apsjournals.apsnet.org/doi/pdf/10.1094/PHYTO.2001.91.5.492 https://apsjournals.apsnet.org/doi/pdf/10.1094/PHYTO-96-0735 https://bsppjournals.onlinelibrary.wiley.com/doi/epdf/10.1111/j.1364-3703.2012.00833.x https://apsjournals.apsnet.org/doi/epdf/10.1094/PDIS-94-3-0298 https://www.ncbi.nlm.nih.gov/search/all/?term=CP025750 https://apsjournals.apsnet.org/doi/epdf/10.1094/MPMI-07-19-0177-A	Yes	No	https://ncppb.fera.co.uk/furtherinfo/4661	"{""Australia group"":""No"",""Country"":""USA"",""Donated by"":""J D Taylor"",""Donors reference"":""WHRI 3811"",""Host"":""Brassica oleracea"",""Isolated by"":""P. Williams"",""Name as received"":""Xanthomonas campestris pv. campestris"",""Other collections with this strain (ref no)"":""PHW 1205"",""Pathogenicity confirmed"":""Yes"",""Pathotype strain"":""No"",""Reference"":""https://apsjournals.apsnet.org/doi/pdf/10.1094/PHYTO.2001.91.5.492 https://apsjournals.apsnet.org/doi/pdf/10.1094/PHYTO-96-0735 https://bsppjournals.onlinelibrary.wiley.com/doi/epdf/10.1111/j.1364-3703.2012.00833.x https://apsjournals.apsnet.org/doi/epdf/10.1094/PDIS-94-3-0298 https://www.ncbi.nlm.nih.gov/search/all/?term=CP025750 https://apsjournals.apsnet.org/doi/epdf/10.1094/MPMI-07-19-0177-A"",""Type strain of the species"":""No"",""Year Isolated"":""1994"",""Year added"":""2018""}"
NCPPB 4826	NCPPB 4826	ok	Xanthomonas sp. Dowson 1939 (Approved Lists 1980)	Xanthomonas sp. 10-10		Canada	Ambrosia artemisiifolia (common ragweed)	2026	2023	Martin Laforest	Xanthomonas sp. 10-10	Melanie Cadieux	Agriculture and Agri-Food Canada		No	No	NA,ND,YDC	Biessy, A., Cadieux, M., Ciotola, M., McDuff, F., Soufiane, B., Laforest, M. et al. (2025) Characterization of a plant pathogenic T3SS-lacking Xanthomonas strain isolated from common ragweed. Plant Pathology, 74, 308319. Available from: https://doi.org/10.1111/ppa.14020	No	No	https://ncppb.fera.co.uk/furtherinfo/4826	"{""Australia group"":""No"",""Country"":""Canada"",""Donated by"":""Martin Laforest"",""Donors reference"":""Xanthomonas sp. 10-10"",""Host"":""Ambrosia artemisiifolia (common ragweed)"",""Isolated by"":""Melanie Cadieux"",""Media"":""NA,ND,YDC"",""Name as received"":""Xanthomonas sp. 10-10"",""Pathogenicity confirmed"":""No"",""Pathotype strain"":""No"",""Reference"":""Biessy, A., Cadieux, M., Ciotola, M., McDuff, F., Soufiane, B., Laforest, M. et al. (2025) Characterization of a plant pathogenic T3SS-lacking Xanthomonas strain isolated from common ragweed. Plant Pathology, 74, 308319. Available from: https://doi.org/10.1111/ppa.14020"",""Source (if not isolated by donor)"":""Agriculture and Agri-Food Canada"",""Type strain of the species"":""No"",""Year Isolated"":""2023"",""Year added"":""2026""}"
NCPPB 4830	NCPPB 4830	ok	Xanthomonas hydrangeae Dia et al, 2022	Xanthomonas hydrangeae		Netherlands	Hydrangea quercifolia	2025	2021	Sarah Carroll	2021022873	Sarah Carroll	Fera		No	No	NA,ND		No	No	https://ncppb.fera.co.uk/furtherinfo/4830	"{""Australia group"":""No"",""Country"":""Netherlands"",""Donated by"":""Sarah Carroll"",""Donors reference"":""2021022873"",""Host"":""Hydrangea quercifolia"",""Isolated by"":""Sarah Carroll"",""Media"":""NA,ND"",""Name as received"":""Xanthomonas hydrangeae"",""Pathogenicity confirmed"":""No"",""Pathotype strain"":""No"",""Source (if not isolated by donor)"":""Fera"",""Type strain of the species"":""No"",""Year Isolated"":""2021"",""Year added"":""2025""}"
